timestamp_s,acc_x,acc_y,acc_z,accel_g, velocity_fps,yaw_deg, pitch_deg, roll_deg,pressure_hpa,altitude_ft,temp_f,flight_state,drogue1,drogue2,main1,main2
1.3,-0.0,0.0,1.0,1.0,-4.1,0.0,6.3,0.1,992.2,-0.1,88.2,1,N,N,N,N
1.4,-0.0,0.0,1.0,1.0,-3.5,0.0,4.0,0.0,992.2,0.1,88.2,1,N,N,N,N
1.5,-0.0,0.0,1.0,1.0,-0.3,0.0,2.8,0.0,992.1,1.3,88.2,1,N,N,N,N
1.6,-0.0,0.0,1.0,1.0,-1.5,0.0,2.2,0.0,992.1,0.5,88.2,1,N,N,N,N
1.7,-0.0,0.0,1.0,1.0,-5.0,0.0,1.9,0.0,992.2,-1.2,88.2,1,N,N,N,N
1.8,-0.0,0.0,1.0,1.0,-2.3,0.0,1.7,0.0,992.1,0.1,88.2,1,N,N,N,N
1.9,-0.0,0.0,1.0,1.0,0.2,0.0,1.6,0.0,992.1,1.2,88.2,1,N,N,N,N
2.0,-0.0,0.0,1.0,1.0,-5.6,-0.0,1.5,0.0,992.2,-1.9,88.2,1,N,N,N,N
2.1,-0.0,0.0,1.0,1.0,-2.0,0.0,1.4,0.0,992.2,-0.3,88.2,1,N,N,N,N
2.2,-0.0,-0.0,1.0,1.0,-2.6,0.0,1.4,0.0,992.2,-1.0,88.2,1,N,N,N,N
2.3,-0.0,0.0,1.0,1.0,-5.2,0.0,1.4,0.0,992.2,-2.5,88.2,1,N,N,N,N
2.4,-0.0,0.0,1.0,1.0,-1.4,-0.0,1.4,0.0,992.2,-1.1,88.3,1,N,N,N,N
2.5,-0.0,0.0,1.0,1.0,-2.6,0.0,1.4,0.0,992.2,-1.9,88.3,1,N,N,N,N
2.6,-0.0,0.0,1.0,1.0,-0.6,0.0,1.4,0.0,992.2,-1.3,88.3,1,N,N,N,N
2.7,-0.0,0.0,1.0,1.0,-2.5,0.0,1.4,0.0,992.3,-2.3,88.3,1,N,N,N,N
2.8,-0.0,0.0,1.0,1.0,0.3,0.0,1.4,0.0,992.2,-1.3,88.3,1,N,N,N,N
2.9,-0.0,0.0,1.0,1.0,-2.6,-0.0,1.4,0.0,992.3,-2.9,88.3,1,N,N,N,N
3.0,-0.0,0.0,1.0,1.0,-3.0,0.0,1.4,0.0,992.3,-3.1,88.3,1,N,N,N,N
3.1,-0.0,0.0,1.0,1.0,-1.4,0.0,1.4,0.0,992.3,-2.5,88.3,1,N,N,N,N
3.2,-0.0,0.0,1.0,1.0,-2.8,-0.0,1.4,0.0,992.3,-3.0,88.3,1,N,N,N,N
3.3,-0.0,0.0,1.0,1.0,0.5,0.0,1.4,0.0,992.3,-1.5,88.3,1,N,N,N,N
3.4,-0.0,0.0,1.0,1.0,-0.2,0.0,1.3,0.0,992.3,-1.9,88.3,1,N,N,N,N
3.5,-0.0,0.0,1.0,1.0,-2.1,-0.0,1.3,0.0,992.4,-2.9,88.3,1,N,N,N,N
3.6,-0.0,0.0,1.0,1.0,-0.1,-0.0,1.3,0.0,992.3,-1.8,88.3,1,N,N,N,N
3.7,-0.0,0.0,1.0,1.0,-0.3,-0.0,1.3,0.0,992.3,-1.9,88.3,1,N,N,N,N
3.8,-0.0,0.0,1.0,1.0,-4.4,-0.0,1.3,0.0,992.4,-4.0,88.3,1,N,N,N,N
3.9,-0.0,0.0,1.0,1.0,-0.8,-0.0,1.3,0.0,992.4,-2.3,88.3,1,N,N,N,N
4.0,-0.0,0.0,1.0,1.0,1.7,-0.0,1.3,0.0,992.3,-0.9,88.3,1,N,N,N,N
4.1,-0.0,0.0,1.0,1.0,1.2,-0.0,1.3,0.0,992.3,-1.0,88.3,1,N,N,N,N
4.2,-0.0,0.0,1.0,1.0,-0.8,-0.0,1.3,0.0,992.4,-1.9,88.3,1,N,N,N,N
4.3,-0.0,0.0,1.0,1.0,1.2,0.0,1.3,0.0,992.3,-1.0,88.3,1,N,N,N,N
4.4,-0.0,0.0,1.0,1.0,0.3,-0.0,1.3,0.0,992.3,-1.2,88.3,1,N,N,N,N
4.5,-0.0,0.0,1.0,1.0,-1.9,0.0,1.4,0.0,992.4,-2.3,88.3,1,N,N,N,N
4.6,-0.0,0.0,1.0,1.0,2.1,0.0,1.4,0.0,992.3,-0.3,88.3,1,N,N,N,N
4.7,-0.0,0.0,1.0,1.0,-1.0,0.0,1.4,0.0,992.4,-1.8,88.3,1,N,N,N,N
4.8,-0.0,0.0,1.0,1.0,3.1,0.0,1.4,0.0,992.3,0.2,88.3,1,N,N,N,N
4.9,-0.0,0.0,1.0,1.0,-1.3,-0.0,1.4,0.0,992.4,-1.8,88.3,1,N,N,N,N
5.0,-0.0,0.0,1.0,1.0,0.2,-0.0,1.4,0.0,992.4,-1.2,88.3,1,N,N,N,N
5.1,-0.0,0.0,1.0,1.0,-0.8,-0.0,1.4,0.0,992.4,-1.8,88.3,1,N,N,N,N
5.2,-0.0,0.0,1.0,1.0,2.5,0.0,1.4,0.0,992.4,-0.4,88.3,1,N,N,N,N
5.3,-0.0,0.0,1.0,1.0,1.0,0.0,1.4,0.0,992.4,-1.2,88.3,1,N,N,N,N
5.4,-0.0,0.0,1.0,1.0,-0.2,-0.0,1.4,0.0,992.4,-1.6,88.3,1,N,N,N,N
5.5,-0.0,0.0,1.0,1.0,-1.0,-0.0,1.4,0.0,992.4,-2.0,88.3,1,N,N,N,N
5.6,-0.0,0.0,1.0,1.0,-2.1,-0.0,1.4,0.0,992.5,-2.6,88.4,1,N,N,N,N
5.7,-0.0,0.0,1.0,1.0,0.3,-0.0,1.4,0.0,992.4,-1.4,88.3,1,N,N,N,N
5.8,-0.0,0.0,1.0,1.0,-2.5,-0.0,1.4,0.0,992.5,-2.9,88.4,1,N,N,N,N
5.9,-0.0,0.0,1.0,1.0,-0.8,-0.0,1.4,0.0,992.5,-2.2,88.3,1,N,N,N,N
6.0,-0.0,0.0,1.0,1.0,-0.1,-0.0,1.4,0.0,992.4,-1.8,88.4,1,N,N,N,N
6.1,-0.0,0.0,1.0,1.0,2.2,-0.0,1.4,0.0,992.4,-0.5,88.4,1,N,N,N,N
6.2,-0.0,0.0,1.0,1.0,2.7,-0.0,1.4,0.0,992.4,-0.1,88.3,1,N,N,N,N
6.3,-0.0,0.0,1.0,1.0,3.7,-0.0,1.4,0.0,992.4,0.3,88.4,1,N,N,N,N
6.4,-0.0,0.0,1.0,1.0,4.0,-0.0,1.4,0.0,992.4,0.6,88.4,1,N,N,N,N
6.5,-0.0,0.0,1.0,1.0,0.3,-0.0,1.4,0.0,992.4,-1.1,88.4,1,N,N,N,N
6.6,-0.0,0.0,1.0,1.0,3.1,-0.0,1.4,0.0,992.4,0.5,88.3,1,N,N,N,N
6.7,-0.0,0.0,1.0,1.0,4.4,-0.0,1.4,0.0,992.4,1.3,88.4,1,N,N,N,N
6.8,-0.0,0.0,1.0,1.0,0.1,-0.0,1.4,0.0,992.4,-0.7,88.4,1,N,N,N,N
6.9,-0.0,0.0,1.0,1.0,1.4,-0.0,1.4,0.0,992.4,-0.1,88.4,1,N,N,N,N
7.0,-0.0,0.0,1.0,1.0,-1.9,-0.0,1.4,0.0,992.5,-1.9,88.4,1,N,N,N,N
7.1,-0.0,0.0,1.0,1.0,-0.9,-0.0,1.4,0.0,992.5,-1.7,88.4,1,N,N,N,N
7.2,-0.0,0.0,1.0,1.0,0.9,-0.0,1.4,0.0,992.5,-0.7,88.4,1,N,N,N,N
7.3,-0.0,0.0,1.0,1.0,-1.7,-0.0,1.4,0.0,992.5,-2.1,88.4,1,N,N,N,N
7.4,-0.0,0.0,1.0,1.0,-1.9,-0.0,1.4,0.0,992.5,-2.1,88.4,1,N,N,N,N
7.5,-0.0,0.0,1.0,1.0,1.6,-0.0,1.4,0.0,992.5,-0.6,88.4,1,N,N,N,N
7.6,-0.0,0.0,1.0,1.0,-0.9,-0.0,1.4,0.0,992.5,-1.9,88.4,1,N,N,N,N
7.7,-0.0,0.0,1.0,1.0,-1.3,-0.0,1.4,0.0,992.5,-2.1,88.4,1,N,N,N,N
7.8,-0.0,0.0,1.0,1.0,1.7,-0.0,1.4,0.0,992.5,-0.7,88.4,1,N,N,N,N
7.9,-0.0,0.0,1.0,1.0,0.1,-0.0,1.4,0.0,992.5,-1.5,88.4,1,N,N,N,N
8.0,-0.0,0.0,1.0,1.0,2.3,-0.0,1.4,0.0,992.5,-0.2,88.4,1,N,N,N,N
8.1,-0.0,0.0,1.0,1.0,-1.2,-0.0,1.4,0.0,992.6,-2.0,88.4,1,N,N,N,N
8.2,-0.0,0.0,1.0,1.0,-0.8,-0.0,1.4,0.0,992.6,-2.0,88.4,1,N,N,N,N
8.3,-0.0,0.0,1.0,1.0,1.3,-0.0,1.4,0.0,992.5,-0.9,88.4,1,N,N,N,N
8.4,-0.0,0.0,1.0,1.0,-2.2,-0.0,1.4,-0.0,992.6,-2.8,88.4,1,N,N,N,N
8.5,-0.0,0.0,1.0,1.0,-0.7,-0.0,1.4,-0.0,992.6,-2.0,88.4,1,N,N,N,N
8.6,-0.0,0.0,1.0,1.0,1.5,-0.0,1.4,-0.0,992.5,-0.8,88.4,1,N,N,N,N
8.7,-0.0,0.0,1.0,1.0,1.9,-0.0,1.4,-0.0,992.5,-0.4,88.4,1,N,N,N,N
8.8,-0.0,0.0,1.0,1.0,4.0,-0.0,1.4,-0.0,992.5,0.8,88.4,1,N,N,N,N
8.9,-0.0,0.0,1.0,1.0,0.5,-0.0,1.4,-0.0,992.5,-0.8,88.4,1,N,N,N,N
9.0,-0.0,0.0,1.0,1.0,0.4,-0.0,1.4,-0.0,992.5,-0.8,88.4,1,N,N,N,N
9.1,-0.0,0.0,1.0,1.0,2.9,-0.0,1.4,-0.0,992.5,0.1,88.4,1,N,N,N,N
9.2,-0.0,0.0,1.0,1.0,2.3,-0.0,1.4,-0.0,992.5,0.1,88.4,1,N,N,N,N
9.3,-0.0,0.0,1.0,1.0,6.1,-0.0,1.4,-0.0,992.4,2.1,88.4,1,N,N,N,N
9.4,-0.0,0.0,1.0,1.0,2.2,-0.0,1.4,-0.0,992.5,0.7,88.4,1,N,N,N,N
9.5,-0.0,0.0,1.0,1.0,1.3,-0.0,1.4,0.0,992.5,0.4,88.4,1,N,N,N,N
9.6,-0.0,0.0,1.0,1.0,3.2,-0.0,1.4,0.0,992.4,1.7,88.4,1,N,N,N,N
9.7,-0.0,0.0,1.0,1.0,0.5,-0.0,1.4,0.0,992.5,0.5,88.4,1,N,N,N,N
9.8,-0.0,0.0,1.0,1.0,0.7,-0.0,1.4,-0.0,992.5,0.6,88.4,1,N,N,N,N
9.9,-0.0,0.0,1.0,1.0,0.8,-0.0,1.4,-0.0,992.5,0.9,88.4,1,N,N,N,N
10.0,-0.0,0.0,1.0,1.0,-0.9,-0.0,1.4,-0.0,992.5,0.2,88.4,1,N,N,N,N
10.1,-0.0,0.0,1.0,1.0,-2.8,-0.0,1.4,-0.0,992.5,-1.0,88.4,1,N,N,N,N
10.2,-0.0,0.0,1.0,1.0,-2.6,-0.0,1.4,-0.0,992.5,-1.1,88.4,1,N,N,N,N
10.3,-0.0,0.0,1.0,1.0,-2.4,-0.0,1.4,-0.0,992.5,-1.0,88.4,1,N,N,N,N
10.4,-0.0,0.0,1.0,1.0,-3.4,-0.0,1.4,-0.0,992.6,-1.8,88.4,1,N,N,N,N
10.5,-0.0,0.0,1.0,1.0,-5.5,-0.0,1.4,-0.0,992.6,-3.4,88.4,1,N,N,N,N
10.6,-0.0,0.0,1.0,1.0,1.0,-0.0,1.4,-0.0,992.5,-0.2,88.4,1,N,N,N,N
10.7,-0.0,0.0,1.0,1.0,-0.4,-0.0,1.4,-0.0,992.6,-1.0,88.4,1,N,N,N,N
10.8,-0.0,0.0,1.0,1.0,-3.6,-0.0,1.4,-0.0,992.6,-2.7,88.4,1,N,N,N,N
10.9,-0.0,0.0,1.0,1.0,-0.4,-0.0,1.4,-0.0,992.6,-1.3,88.4,1,N,N,N,N
11.0,-0.0,0.0,1.0,1.0,-0.7,-0.0,1.4,-0.0,992.6,-1.4,88.4,1,N,N,N,N
11.1,-0.0,0.0,1.0,1.0,-0.3,-0.0,1.4,-0.0,992.6,-1.3,88.4,1,N,N,N,N
11.2,-0.0,0.0,1.0,1.0,-0.8,-0.0,1.4,-0.0,992.6,-1.6,88.4,1,N,N,N,N
11.3,-0.0,0.0,1.0,1.0,-3.8,-0.0,1.4,-0.0,992.7,-3.2,88.4,1,N,N,N,N
11.4,-0.0,0.0,1.0,1.0,1.8,-0.0,1.4,-0.0,992.6,-0.4,88.4,1,N,N,N,N
11.5,-0.0,0.0,1.0,1.0,1.1,-0.0,1.4,-0.0,992.6,-0.8,88.4,1,N,N,N,N
11.6,-0.0,0.0,1.0,1.0,0.2,-0.0,1.4,-0.0,992.6,-1.3,88.4,1,N,N,N,N
11.7,-0.0,0.0,1.0,1.0,0.5,-0.0,1.4,-0.0,992.6,-1.3,88.4,1,N,N,N,N
11.8,-0.0,0.0,1.0,1.0,0.5,-0.0,1.4,-0.0,992.6,-1.4,88.4,1,N,N,N,N
11.9,-0.0,0.0,1.0,1.0,-3.4,-0.0,1.4,-0.0,992.7,-3.2,88.4,1,N,N,N,N
12.0,-0.0,0.0,1.0,1.0,0.6,-0.0,1.4,-0.0,992.6,-1.3,88.4,1,N,N,N,N
12.1,-0.0,0.0,1.0,1.0,0.5,-0.0,1.4,-0.0,992.7,-1.3,88.4,1,N,N,N,N
12.2,-0.0,0.0,1.0,1.0,-1.2,-0.0,1.4,-0.0,992.7,-2.2,88.4,1,N,N,N,N
12.3,-0.0,0.0,1.0,1.0,1.7,-0.0,1.4,-0.0,992.6,-0.6,88.4,1,N,N,N,N
12.4,-0.0,0.0,1.0,1.0,-0.8,-0.0,1.4,-0.0,992.7,-2.1,88.4,1,N,N,N,N
12.5,-0.0,0.0,1.0,1.0,2.0,-0.0,1.4,-0.0,992.6,-0.6,88.4,1,N,N,N,N
12.6,-0.0,0.0,1.0,1.0,-0.2,-0.0,1.4,-0.0,992.7,-1.6,88.4,1,N,N,N,N
12.7,-0.0,0.0,1.0,1.0,-0.8,-0.0,1.4,-0.0,992.7,-1.9,88.5,1,N,N,N,N
12.8,-0.0,0.0,1.0,1.0,1.4,-0.0,1.4,-0.0,992.7,-0.8,88.5,1,N,N,N,N
12.9,-0.0,0.0,1.0,1.0,-1.3,-0.0,1.4,-0.0,992.7,-2.2,88.5,1,N,N,N,N
13.0,-0.0,0.0,1.0,1.0,2.3,-0.0,1.4,-0.0,992.7,-0.4,88.5,1,N,N,N,N
13.1,-0.0,0.0,1.0,1.0,0.1,-0.0,1.4,-0.0,992.7,-1.5,88.5,1,N,N,N,N
13.2,-0.0,0.0,1.0,1.0,-0.5,-0.0,1.4,-0.0,992.7,-1.8,88.5,1,N,N,N,N
13.3,-0.0,0.0,1.0,1.0,-1.8,0.0,1.4,-0.0,992.8,-2.5,88.5,1,N,N,N,N
13.4,-0.0,0.0,1.0,1.0,1.3,0.0,1.4,-0.0,992.7,-1.1,88.5,1,N,N,N,N
13.5,-0.0,0.0,1.0,1.0,-1.9,0.0,1.4,-0.0,992.8,-2.5,88.5,1,N,N,N,N
13.6,-0.0,0.0,1.0,1.0,0.1,-0.0,1.4,-0.0,992.7,-1.6,88.5,1,N,N,N,N
13.7,-0.0,0.0,1.0,1.0,2.6,-0.0,1.4,0.0,992.7,-0.4,88.5,1,N,N,N,N
13.8,-0.0,0.0,1.0,1.0,-1.1,-0.0,1.4,0.0,992.8,-2.0,88.5,1,N,N,N,N
13.9,-0.0,0.0,1.0,1.0,2.7,-0.0,1.4,0.0,992.7,-0.1,88.5,1,N,N,N,N
14.0,-0.0,0.0,1.0,1.0,2.2,-0.0,1.4,0.0,992.7,-0.2,88.5,1,N,N,N,N
14.1,-0.0,0.0,1.0,1.0,0.1,-0.0,1.4,0.0,992.7,-1.1,88.5,1,N,N,N,N
14.2,-0.0,0.0,1.0,1.0,1.0,-0.0,1.4,0.0,992.7,-0.6,88.5,1,N,N,N,N
14.3,-0.0,0.0,1.0,1.0,-1.8,-0.0,1.4,0.0,992.8,-1.8,88.5,1,N,N,N,N
14.4,-0.0,0.0,1.0,1.0,2.1,-0.0,1.4,0.0,992.7,-0.0,88.5,1,N,N,N,N
14.5,-0.0,0.0,1.0,1.0,-0.7,-0.0,1.4,0.0,992.8,-1.6,88.5,1,N,N,N,N
14.6,-0.0,0.0,1.0,1.0,0.6,-0.0,1.4,0.0,992.8,-0.8,88.5,1,N,N,N,N
14.7,-0.0,0.0,1.0,1.0,3.1,-0.0,1.4,0.0,992.7,0.5,88.5,1,N,N,N,N
14.8,-0.0,0.0,1.0,1.0,-1.0,-0.0,1.4,0.0,992.8,-1.4,88.5,1,N,N,N,N
14.9,-0.0,0.0,1.0,1.0,-3.2,-0.0,1.4,0.0,992.8,-2.5,88.5,1,N,N,N,N
15.0,-0.0,0.0,1.0,1.0,1.5,-0.0,1.4,0.0,992.7,-0.2,88.5,1,N,N,N,N
15.1,-0.0,0.0,1.0,1.0,-2.4,-0.0,1.4,-0.0,992.8,-2.0,88.5,1,N,N,N,N
15.2,-0.0,0.0,1.0,1.0,-0.2,-0.0,1.4,-0.0,992.8,-1.0,88.5,1,N,N,N,N
15.3,-0.0,0.0,1.0,1.0,-0.1,-0.0,1.4,0.0,992.8,-1.0,88.5,1,N,N,N,N
15.4,-0.0,0.0,1.0,1.0,-0.2,-0.0,1.4,0.0,992.8,-1.2,88.5,1,N,N,N,N
15.5,-0.0,0.0,1.0,1.0,-0.3,-0.0,1.4,0.0,992.8,-1.2,88.5,1,N,N,N,N
15.6,-0.0,0.0,1.0,1.0,0.8,-0.0,1.4,0.0,992.8,-0.8,88.5,1,N,N,N,N
15.7,-0.0,0.0,1.0,1.0,1.7,-0.0,1.4,0.0,992.8,0.1,88.5,1,N,N,N,N
15.8,-0.0,0.0,1.0,1.0,-0.2,-0.0,1.4,0.0,992.8,-0.8,88.5,1,N,N,N,N
15.9,-0.0,0.0,1.0,1.0,1.2,-0.0,1.4,0.0,992.8,-0.2,88.5,1,N,N,N,N
16.0,-0.0,0.0,1.0,1.0,-0.3,-0.0,1.4,0.0,992.8,-0.7,88.5,1,N,N,N,N
16.1,-0.0,0.0,1.0,1.0,2.0,-0.0,1.4,-0.0,992.7,0.6,88.5,1,N,N,N,N
16.2,-0.0,0.0,1.0,1.0,1.9,-0.0,1.4,0.0,992.8,0.4,88.5,1,N,N,N,N
16.3,-0.0,0.0,1.0,1.0,-1.1,-0.0,1.4,0.0,992.8,-1.0,88.5,1,N,N,N,N
16.5,-0.0,0.0,1.0,1.0,1.6,-0.0,1.4,0.0,992.8,0.4,88.5,1,N,N,N,N
16.6,-0.0,0.0,1.0,1.0,-4.5,-0.0,1.4,0.0,992.9,-2.5,88.5,1,N,N,N,N
16.7,-0.0,0.0,1.0,1.0,-0.5,-0.0,1.4,0.0,992.8,-0.5,88.5,1,N,N,N,N
16.8,-0.0,0.0,1.0,1.0,-1.5,-0.0,1.4,0.0,992.8,-0.9,88.5,1,N,N,N,N
16.9,-0.0,0.0,1.0,1.0,0.4,-0.0,1.4,0.0,992.8,-0.1,88.5,1,N,N,N,N
17.0,-0.0,0.0,1.0,1.0,-2.7,-0.0,1.4,0.0,992.8,-1.7,88.5,1,N,N,N,N
17.1,-0.0,0.0,1.0,1.0,-1.7,-0.0,1.4,0.0,992.8,-1.3,88.5,1,N,N,N,N
17.2,-0.0,0.0,1.0,1.0,-3.0,-0.0,1.4,0.0,992.9,-2.0,88.5,1,N,N,N,N
17.3,-0.0,0.0,1.0,1.0,0.6,-0.0,1.4,0.0,992.8,-0.4,88.5,1,N,N,N,N
17.4,-0.0,0.0,1.0,1.0,-2.6,-0.0,1.4,0.0,992.9,-2.1,88.5,1,N,N,N,N
17.5,-0.0,0.0,1.0,1.0,-1.8,-0.0,1.4,0.0,992.9,-1.6,88.5,1,N,N,N,N
17.6,-0.0,0.0,1.0,1.0,-4.8,-0.0,1.4,0.0,992.9,-3.3,88.5,1,N,N,N,N
17.7,-0.0,0.0,1.0,1.0,-0.3,-0.0,1.4,0.0,992.9,-1.1,88.5,1,N,N,N,N
17.8,-0.0,0.0,1.0,1.0,-2.1,-0.0,1.4,0.0,992.9,-1.9,88.5,1,N,N,N,N
17.9,-0.0,0.0,1.0,1.0,0.2,-0.0,1.4,0.0,992.8,-0.7,88.5,1,N,N,N,N
18.0,-0.0,0.0,1.0,1.0,-1.4,-0.0,1.4,-0.0,992.9,-1.5,88.5,1,N,N,N,N
18.1,-0.0,0.0,1.0,1.0,-0.8,-0.0,1.4,-0.0,992.9,-1.3,88.5,1,N,N,N,N
18.2,-0.0,0.0,1.0,1.0,-0.6,-0.0,1.4,-0.0,992.9,-1.3,88.5,1,N,N,N,N
18.3,-0.0,0.0,1.0,1.0,-1.2,-0.0,1.4,-0.0,992.9,-1.8,88.6,1,N,N,N,N
18.4,-0.0,0.0,1.0,1.0,-0.1,-0.0,1.4,-0.0,992.9,-1.2,88.6,1,N,N,N,N
18.5,-0.0,0.0,1.0,1.0,-0.8,-0.0,1.4,-0.0,992.9,-1.8,88.6,1,N,N,N,N
18.6,-0.0,0.0,1.0,1.0,-0.1,-0.0,1.4,-0.0,992.9,-1.5,88.6,1,N,N,N,N
18.7,-0.0,0.0,1.0,1.0,-2.5,-0.0,1.4,-0.0,993.0,-2.7,88.6,1,N,N,N,N
18.8,-0.0,0.0,1.0,1.0,-1.2,-0.0,1.4,-0.0,993.0,-2.2,88.6,1,N,N,N,N
18.9,-0.0,0.0,1.0,1.0,1.6,-0.0,1.4,-0.0,992.9,-0.8,88.6,1,N,N,N,N
19.0,-0.0,0.0,1.0,1.0,0.0,-0.0,1.4,-0.0,992.9,-1.5,88.6,1,N,N,N,N
19.1,-0.0,0.0,1.0,1.0,1.0,-0.0,1.4,-0.0,992.9,-0.9,88.6,1,N,N,N,N
19.2,-0.0,0.0,1.0,1.0,0.9,-0.0,1.4,-0.0,992.9,-0.8,88.6,1,N,N,N,N
19.3,-0.0,0.0,1.0,1.0,0.1,-0.0,1.4,0.0,992.9,-0.8,88.6,1,N,N,N,N
19.4,-0.0,0.0,1.0,1.0,1.1,-0.0,1.4,0.0,992.9,-0.4,88.6,1,N,N,N,N
19.5,-0.0,0.0,1.0,1.0,-0.1,-0.0,1.4,-0.0,992.9,-0.9,88.6,1,N,N,N,N
19.6,-0.0,0.0,1.0,1.0,-1.4,-0.0,1.4,0.0,993.0,-1.5,88.6,1,N,N,N,N
19.7,-0.0,0.0,1.0,1.0,0.4,-0.0,1.4,0.0,992.9,-0.5,88.6,1,N,N,N,N
19.8,-0.0,0.0,1.0,1.0,-1.1,-0.0,1.4,0.0,992.9,-1.2,88.6,1,N,N,N,N
19.9,-0.0,-0.0,1.0,1.0,-1.0,-0.0,1.4,0.0,992.9,-1.1,88.6,1,N,N,N,N
20.0,-0.0,0.0,1.0,1.0,-0.3,-0.0,1.4,0.0,992.9,-0.6,88.6,1,N,N,N,N
20.1,-0.0,0.0,1.0,1.0,-0.8,-0.0,1.4,0.0,992.9,-1.0,88.6,1,N,N,N,N
20.2,-0.0,0.0,1.0,1.0,2.7,-0.0,1.4,0.0,992.9,0.9,88.6,1,N,N,N,N
20.3,-0.0,0.0,1.0,1.0,1.0,-0.0,1.4,0.0,992.9,0.2,88.6,1,N,N,N,N
20.4,-0.0,0.0,1.0,1.0,2.2,-0.0,1.4,0.0,992.9,0.8,88.6,1,N,N,N,N
20.5,-0.0,0.0,1.0,1.0,-2.8,-0.0,1.4,-0.0,993.0,-2.0,88.6,1,N,N,N,N
20.6,-0.0,0.0,1.0,1.0,-2.5,-0.0,1.4,-0.0,993.0,-2.0,88.6,1,N,N,N,N
20.7,-0.0,0.0,1.0,1.0,-4.0,-0.0,1.4,0.0,993.0,-2.8,88.6,1,N,N,N,N
20.8,-0.0,0.0,1.0,1.0,-0.1,-0.0,1.4,-0.0,992.9,-0.8,88.6,1,N,N,N,N
20.9,-0.0,0.0,1.0,1.0,-0.0,-0.0,1.4,-0.0,992.9,-0.7,88.6,1,N,N,N,N
21.0,-0.0,0.0,1.0,1.0,0.1,-0.0,1.4,-0.0,993.0,-0.7,88.6,1,N,N,N,N
21.1,-0.0,0.0,1.0,1.0,2.9,-0.0,1.4,-0.0,992.9,0.7,88.6,1,N,N,N,N
21.2,-0.0,0.0,1.0,1.0,0.9,-0.0,1.4,-0.0,992.9,-0.3,88.6,1,N,N,N,N
21.3,-0.0,0.0,1.0,1.0,0.0,-0.0,1.4,0.0,993.0,-0.7,88.6,1,N,N,N,N
21.4,-0.0,0.0,1.0,1.0,-1.9,-0.0,1.4,0.0,993.0,-1.6,88.6,1,N,N,N,N
21.5,-0.0,0.0,1.0,1.0,1.2,0.0,1.4,-0.0,992.9,0.0,88.6,1,N,N,N,N
21.6,-0.0,0.0,1.0,1.0,3.3,0.0,1.4,0.0,992.9,1.0,88.6,1,N,N,N,N
21.7,-0.0,0.0,1.0,1.0,-2.3,0.0,1.4,-0.0,993.0,-1.6,88.6,1,N,N,N,N
21.8,-0.0,0.0,1.0,1.0,-1.8,0.0,1.4,0.0,993.0,-1.4,88.6,1,N,N,N,N
21.9,-0.0,0.0,1.0,1.0,-0.0,0.0,1.4,0.0,993.0,-0.7,88.6,1,N,N,N,N
22.0,-0.0,0.0,1.0,1.0,-4.8,0.0,1.4,0.0,993.1,-3.1,88.6,1,N,N,N,N
22.1,-0.0,0.0,1.0,1.0,1.1,-0.0,1.4,0.0,993.0,-0.3,88.6,1,N,N,N,N
22.2,-0.0,0.0,1.0,1.0,1.5,-0.0,1.4,0.0,993.0,-0.0,88.6,1,N,N,N,N
22.3,-0.0,0.0,1.0,1.0,2.5,-0.0,1.4,0.0,992.9,0.6,88.6,1,N,N,N,N
22.4,-0.0,0.0,1.0,1.0,-1.5,-0.0,1.4,0.0,993.0,-1.7,88.6,1,N,N,N,N
22.5,-0.0,0.0,1.0,1.0,-2.4,-0.0,1.4,0.0,993.0,-2.1,88.6,1,N,N,N,N
22.6,-0.0,0.0,1.0,1.0,0.8,-0.0,1.4,0.0,993.0,-0.5,88.6,1,N,N,N,N
22.7,-0.0,0.0,1.0,1.0,0.1,-0.0,1.4,0.0,993.0,-0.9,88.6,1,N,N,N,N
22.8,-0.0,0.0,1.0,1.0,1.1,-0.0,1.4,0.0,993.0,-0.4,88.6,1,N,N,N,N
22.9,-0.0,0.0,1.0,1.0,1.3,-0.0,1.4,0.0,993.0,-0.2,88.6,1,N,N,N,N
23.0,-0.0,0.0,1.0,1.0,-1.1,-0.0,1.4,0.0,993.0,-1.5,88.6,1,N,N,N,N
23.1,-0.0,0.0,1.0,1.0,-1.1,-0.0,1.4,0.0,993.0,-1.4,88.6,1,N,N,N,N
23.2,-0.0,0.0,1.0,1.0,2.0,-0.0,1.4,0.0,993.0,0.2,88.6,1,N,N,N,N
23.3,-0.0,0.0,1.0,1.0,-2.4,-0.0,1.4,0.0,993.1,-2.0,88.6,1,N,N,N,N
23.4,-0.0,0.0,1.0,1.0,-3.1,-0.0,1.4,0.0,993.1,-2.6,88.6,1,N,N,N,N
23.5,-0.0,0.0,1.0,1.0,-3.0,-0.0,1.4,0.0,993.1,-2.8,88.6,1,N,N,N,N
23.6,-0.0,0.0,1.0,1.0,-2.9,-0.0,1.4,0.0,993.1,-2.8,88.6,1,N,N,N,N
23.7,-0.0,0.0,1.0,1.0,-1.8,-0.0,1.4,0.0,993.1,-2.3,88.6,1,N,N,N,N
23.8,-0.0,0.0,1.0,1.0,2.3,-0.0,1.4,0.0,993.0,-0.1,88.6,1,N,N,N,N
23.9,-0.0,0.0,1.0,1.0,-0.3,-0.0,1.4,0.0,993.1,-1.2,88.6,1,N,N,N,N
24.0,-0.0,0.0,1.0,1.0,0.6,-0.0,1.4,-0.0,993.0,-0.5,88.6,1,N,N,N,N
24.1,-0.0,0.0,1.0,1.0,-2.0,-0.0,1.4,-0.0,993.1,-1.9,88.6,1,N,N,N,N
24.2,-0.0,0.0,1.0,1.0,3.1,-0.0,1.4,0.0,993.0,0.6,88.6,1,N,N,N,N
24.3,-0.0,0.0,1.0,1.0,-0.2,-0.0,1.4,0.0,993.1,-0.8,88.6,1,N,N,N,N
24.4,-0.0,0.0,1.0,1.0,0.7,-0.0,1.4,0.0,993.1,-0.4,88.6,1,N,N,N,N
24.5,-0.0,0.0,1.0,1.0,2.2,-0.0,1.4,0.0,993.0,0.4,88.6,1,N,N,N,N
24.6,-0.0,0.0,1.0,1.0,0.1,-0.0,1.4,-0.0,993.1,-0.7,88.6,1,N,N,N,N
24.7,-0.0,0.0,1.0,1.0,-1.1,-0.0,1.4,-0.0,993.1,-1.3,88.6,1,N,N,N,N
24.8,-0.0,0.0,1.0,1.0,-3.1,-0.0,1.4,-0.0,993.1,-2.4,88.6,1,N,N,N,N
24.9,-0.0,0.0,1.0,1.0,-0.2,-0.0,1.4,-0.0,993.1,-0.8,88.6,1,N,N,N,N
25.0,-0.0,0.0,1.0,1.0,-0.9,-0.0,1.4,-0.0,993.1,-1.0,88.6,1,N,N,N,N
25.1,-0.0,0.0,1.0,1.0,-1.7,-0.0,1.4,-0.0,993.1,-1.5,88.6,1,N,N,N,N
25.2,-0.0,0.0,1.0,1.0,0.0,-0.0,1.4,-0.0,993.1,-0.7,88.6,1,N,N,N,N
25.3,-0.0,0.0,1.0,1.0,-0.6,-0.0,1.4,-0.0,993.1,-1.1,88.6,1,N,N,N,N
25.4,-0.0,0.0,1.0,1.0,1.1,-0.0,1.4,-0.0,993.1,-0.3,88.6,1,N,N,N,N
25.5,-0.0,0.0,1.0,1.0,-0.2,-0.0,1.4,-0.0,993.1,-0.6,88.6,1,N,N,N,N
25.6,-0.0,0.0,1.0,1.0,-0.0,-0.0,1.4,-0.0,993.1,-0.5,88.6,1,N,N,N,N
25.7,-0.0,0.0,1.0,1.0,1.0,-0.0,1.4,0.0,993.1,0.2,88.6,1,N,N,N,N
25.8,-0.0,0.0,1.0,1.0,-1.5,0.0,1.4,0.0,993.1,-1.1,88.6,1,N,N,N,N
25.9,-0.0,0.0,1.0,1.0,-1.5,-0.0,1.4,0.0,993.1,-1.1,88.6,1,N,N,N,N
26.0,-0.0,0.0,1.0,1.0,-1.4,-0.0,1.4,0.0,993.1,-1.1,88.6,1,N,N,N,N
26.1,-0.0,0.0,1.0,1.0,1.2,-0.0,1.4,-0.0,993.1,0.2,88.6,1,N,N,N,N
26.2,-0.0,0.0,1.0,1.0,-0.8,-0.0,1.4,-0.0,993.1,-0.8,88.6,1,N,N,N,N
26.3,-0.0,0.0,1.0,1.0,0.4,-0.0,1.4,-0.0,993.1,-0.4,88.6,1,N,N,N,N
26.4,-0.0,0.0,1.0,1.0,3.2,-0.0,1.4,-0.0,993.0,0.8,88.6,1,N,N,N,N
26.5,-0.0,0.0,1.0,1.0,2.1,-0.0,1.4,-0.0,993.1,0.5,88.6,1,N,N,N,N
26.6,-0.0,0.0,1.0,1.0,-0.0,-0.0,1.4,-0.0,993.1,-0.3,88.6,1,N,N,N,N
26.7,-0.0,0.0,1.0,1.0,-0.3,-0.0,1.4,-0.0,993.1,-0.4,88.6,1,N,N,N,N
26.8,-0.0,0.0,1.0,1.0,4.0,-0.0,1.4,-0.0,993.0,1.9,88.6,1,N,N,N,N
26.9,-0.0,0.0,1.0,1.0,2.8,-0.0,1.4,0.0,993.0,1.5,88.6,1,N,N,N,N
27.0,-0.0,0.0,1.0,1.0,-0.1,-0.0,1.4,0.0,993.1,0.3,88.6,1,N,N,N,N
27.1,-0.0,0.0,1.0,1.0,-2.3,-0.0,1.4,0.0,993.1,-0.9,88.6,1,N,N,N,N
27.2,-0.0,0.0,1.0,1.0,-1.5,-0.0,1.4,-0.0,993.1,-0.7,88.6,1,N,N,N,N
27.3,-0.0,0.0,1.0,1.0,0.5,-0.0,1.4,-0.0,993.1,-0.1,88.6,1,N,N,N,N
27.4,-0.0,0.0,1.0,1.0,-3.5,-0.0,1.4,0.0,993.2,-2.4,88.6,1,N,N,N,N
27.5,-0.0,0.0,1.0,1.0,-1.0,-0.0,1.4,-0.0,993.1,-1.2,88.6,1,N,N,N,N
27.6,-0.0,0.0,1.0,1.0,-0.9,-0.0,1.4,0.0,993.1,-1.4,88.7,1,N,N,N,N
27.7,-0.0,0.0,1.0,1.0,-3.8,-0.0,1.4,0.0,993.2,-2.9,88.7,1,N,N,N,N
27.8,-0.0,0.0,1.0,1.0,-1.4,-0.0,1.4,0.0,993.2,-1.9,88.7,1,N,N,N,N
27.9,-0.0,0.0,1.0,1.0,-0.7,-0.0,1.4,0.0,993.2,-1.9,88.7,1,N,N,N,N
28.0,-0.0,0.0,1.0,1.0,1.8,-0.0,1.4,0.0,993.2,-1.0,88.7,1,N,N,N,N
28.1,-0.0,0.0,1.0,1.0,2.2,-0.0,1.4,0.0,993.1,-0.6,88.7,1,N,N,N,N
28.2,-0.0,0.0,1.0,1.0,1.4,-0.0,1.4,0.0,993.2,-1.0,88.7,1,N,N,N,N
28.3,-0.0,0.0,1.0,1.0,-1.5,-0.0,1.4,0.0,993.2,-2.4,88.7,1,N,N,N,N
28.4,-0.0,0.0,1.0,1.0,-0.2,-0.0,1.4,0.0,993.2,-1.8,88.7,1,N,N,N,N
28.5,-0.0,0.0,1.0,1.0,-0.6,-0.0,1.4,0.0,993.2,-2.0,88.7,1,N,N,N,N
28.6,-0.0,0.0,1.0,1.0,0.2,-0.0,1.4,0.0,993.2,-1.7,88.7,1,N,N,N,N
28.7,-0.0,0.0,1.0,1.0,1.3,-0.0,1.4,0.0,993.2,-1.0,88.7,1,N,N,N,N
28.8,-0.0,0.0,1.0,1.0,3.8,-0.0,1.4,-0.0,993.1,0.4,88.7,1,N,N,N,N
28.9,-0.0,0.0,1.0,1.0,1.5,-0.0,1.4,-0.0,993.2,-0.7,88.7,1,N,N,N,N
29.0,-0.0,0.0,1.0,1.0,2.8,-0.0,1.4,-0.0,993.2,0.1,88.7,1,N,N,N,N
29.1,-0.0,0.0,1.0,1.0,-0.4,-0.0,1.4,-0.0,993.2,-1.4,88.7,1,N,N,N,N
29.2,-0.0,0.0,1.0,1.0,0.7,-0.0,1.4,0.0,993.2,-0.6,88.7,1,N,N,N,N
29.3,-0.0,0.0,1.0,1.0,2.3,-0.0,1.4,-0.0,993.2,0.3,88.7,1,N,N,N,N
29.4,-0.0,0.0,1.0,1.0,1.8,-0.0,1.4,-0.0,993.2,0.3,88.7,1,N,N,N,N
29.5,-0.0,0.0,1.0,1.0,-2.1,-0.0,1.4,-0.0,993.2,-1.6,88.7,1,N,N,N,N
29.6,-0.0,-0.0,1.0,1.0,-1.4,-0.0,1.4,-0.0,993.2,-1.4,88.7,1,N,N,N,N
29.7,-0.0,0.0,1.0,1.0,-1.5,-0.0,1.4,-0.0,993.2,-1.5,88.7,1,N,N,N,N
29.8,-0.0,0.0,1.0,1.0,2.6,-0.0,1.4,0.0,993.2,0.5,88.7,1,N,N,N,N
29.9,-0.0,0.0,1.0,1.0,-2.2,-0.0,1.4,0.0,993.3,-1.9,88.7,1,N,N,N,N
30.0,-0.0,0.0,1.0,1.0,0.2,-0.0,1.4,-0.0,993.2,-0.8,88.7,1,N,N,N,N
30.1,-0.0,0.0,1.0,1.0,0.0,-0.0,1.4,-0.0,993.2,-0.8,88.7,1,N,N,N,N
30.2,-0.0,0.0,1.0,1.0,3.1,-0.0,1.4,-0.0,993.2,0.7,88.7,1,N,N,N,N
30.3,-0.0,0.0,1.0,1.0,-0.3,-0.0,1.4,-0.0,993.2,-1.1,88.7,1,N,N,N,N
30.4,-0.0,0.0,1.0,1.0,3.2,-0.0,1.4,0.0,993.2,0.6,88.7,1,N,N,N,N
30.5,-0.0,0.0,1.0,1.0,1.6,-0.0,1.4,0.0,993.2,0.0,88.7,1,N,N,N,N
30.6,-0.0,0.0,1.0,1.0,-1.0,-0.0,1.4,0.0,993.3,-1.3,88.7,1,N,N,N,N
30.7,-0.0,0.0,1.0,1.0,7.4,-0.0,1.4,-0.0,993.1,2.9,88.7,1,N,N,N,N
30.8,-0.0,0.0,1.0,1.0,0.5,-0.0,1.4,-0.0,993.2,-0.5,88.7,1,N,N,N,N
30.9,-0.0,0.0,1.0,1.0,2.7,-0.0,1.4,-0.0,993.2,0.9,88.7,1,N,N,N,N
31.0,-0.0,0.0,1.0,1.0,2.3,-0.0,1.4,0.0,993.2,0.7,88.7,1,N,N,N,N
31.1,-0.0,0.0,1.0,1.0,1.3,-0.0,1.4,-0.0,993.2,0.3,88.7,1,N,N,N,N
31.2,-0.0,0.0,1.0,1.0,-1.2,-0.0,1.4,-0.0,993.2,-1.0,88.7,1,N,N,N,N
31.3,-0.0,0.0,1.0,1.0,-1.2,-0.0,1.4,-0.0,993.2,-1.1,88.7,1,N,N,N,N
31.4,-0.0,0.0,1.0,1.0,0.1,-0.0,1.4,-0.0,993.2,-0.5,88.7,1,N,N,N,N
31.5,-0.0,0.0,1.0,1.0,0.0,-0.0,1.4,-0.0,993.2,-0.5,88.7,1,N,N,N,N
31.6,-0.0,0.0,1.0,1.0,-3.3,-0.0,1.4,-0.0,993.3,-2.2,88.7,1,N,N,N,N
31.7,-0.0,0.0,1.0,1.0,1.1,-0.0,1.4,-0.0,993.2,-0.1,88.7,1,N,N,N,N
31.8,-0.0,0.0,1.0,1.0,-0.9,-0.0,1.4,0.0,993.3,-1.0,88.7,1,N,N,N,N
31.9,-0.0,0.0,1.0,1.0,0.0,-0.0,1.4,0.0,993.2,-0.3,88.7,1,N,N,N,N
32.0,-0.0,0.0,1.0,1.0,-2.4,-0.0,1.4,0.0,993.3,-1.6,88.7,1,N,N,N,N
32.1,-0.0,0.0,1.0,1.0,-0.1,-0.0,1.4,0.0,993.2,-0.5,88.7,1,N,N,N,N
32.2,-0.0,0.0,1.0,1.0,-3.3,-0.0,1.4,-0.0,993.3,-2.1,88.7,1,N,N,N,N
32.3,-0.0,0.0,1.0,1.0,0.4,-0.0,1.4,-0.0,993.2,-0.2,88.7,1,N,N,N,N
32.4,-0.0,0.0,1.0,1.0,-1.2,-0.0,1.4,0.0,993.3,-0.9,88.7,1,N,N,N,N
32.5,-0.0,0.0,1.0,1.0,-0.3,-0.0,1.4,0.0,993.3,-0.7,88.7,1,N,N,N,N
32.6,-0.0,0.0,1.0,1.0,0.7,-0.0,1.4,0.0,993.2,-0.0,88.7,1,N,N,N,N
32.7,-0.0,0.0,1.0,1.0,-1.5,-0.0,1.4,0.0,993.3,-1.2,88.7,1,N,N,N,N
32.8,-0.0,0.0,1.0,1.0,-3.4,-0.0,1.4,0.0,993.3,-2.3,88.7,1,N,N,N,N
32.9,-0.0,0.0,1.0,1.0,3.2,-0.0,1.4,0.0,993.2,0.9,88.7,1,N,N,N,N
33.0,-0.0,0.0,1.0,1.0,-1.4,-0.0,1.4,0.0,993.3,-1.2,88.7,1,N,N,N,N
33.1,-0.0,0.0,1.0,1.0,0.5,-0.0,1.4,0.0,993.3,-0.4,88.7,1,N,N,N,N
33.2,-0.0,0.0,1.0,1.0,2.2,-0.0,1.4,-0.0,993.2,0.4,88.7,1,N,N,N,N
33.3,-0.0,0.0,1.0,1.0,0.7,-0.0,1.4,-0.0,993.3,-0.3,88.7,1,N,N,N,N
33.4,-0.0,0.0,1.0,1.0,2.8,-0.0,1.4,-0.0,993.2,0.8,88.7,1,N,N,N,N
33.5,-0.0,0.0,1.0,1.0,5.4,-0.0,1.4,-0.0,993.2,2.2,88.7,1,N,N,N,N
33.6,-0.0,0.0,1.0,1.0,1.8,-0.0,1.4,-0.0,993.2,0.4,88.7,1,N,N,N,N
33.7,-0.0,0.0,1.0,1.0,0.3,-0.0,1.4,-0.0,993.3,-0.3,88.7,1,N,N,N,N
33.8,-0.0,0.0,1.0,1.0,0.6,-0.0,1.4,-0.0,993.3,-0.1,88.7,1,N,N,N,N
33.9,-0.0,0.0,1.0,1.0,-1.9,-0.0,1.4,-0.0,993.3,-1.3,88.7,1,N,N,N,N
34.0,-0.0,0.0,1.0,1.0,3.9,-0.0,1.4,-0.0,993.2,1.6,88.7,1,N,N,N,N
34.1,-0.0,0.0,1.0,1.0,-1.5,-0.0,1.4,0.0,993.3,-1.0,88.7,1,N,N,N,N
34.2,-0.0,0.0,1.0,1.0,-2.3,-0.0,1.4,0.0,993.3,-1.6,88.7,1,N,N,N,N
34.3,-0.0,0.0,1.0,1.0,-1.5,-0.0,1.4,-0.0,993.3,-1.3,88.7,1,N,N,N,N
34.4,-0.0,0.0,1.0,1.0,-1.9,-0.0,1.4,-0.0,993.3,-1.7,88.7,1,N,N,N,N
34.5,-0.0,0.0,1.0,1.0,-0.3,-0.0,1.4,-0.0,993.3,-1.2,88.7,1,N,N,N,N
34.6,-0.0,0.0,1.0,1.0,-0.8,-0.0,1.4,-0.0,993.3,-1.6,88.7,1,N,N,N,N
34.7,-0.0,0.0,1.0,1.0,-0.6,-0.0,1.4,-0.0,993.4,-1.5,88.7,1,N,N,N,N
34.8,-0.0,0.0,1.0,1.0,1.3,-0.0,1.4,-0.0,993.3,-0.6,88.7,1,N,N,N,N
34.9,-0.0,0.0,1.0,1.0,0.2,-0.0,1.4,-0.0,993.3,-1.1,88.7,1,N,N,N,N
35.0,-0.0,0.0,1.0,1.0,-0.8,-0.0,1.4,-0.0,993.4,-1.5,88.7,1,N,N,N,N
35.1,-0.0,0.0,1.0,1.0,-3.0,-0.0,1.4,-0.0,993.4,-2.8,88.8,1,N,N,N,N
35.2,-0.0,0.0,1.0,1.0,-0.7,-0.0,1.4,-0.0,993.4,-1.5,88.8,1,N,N,N,N
35.3,-0.0,0.0,1.0,1.0,0.1,-0.0,1.4,-0.0,993.4,-1.2,88.8,1,N,N,N,N
35.4,-0.0,0.0,1.0,1.0,-1.0,-0.0,1.4,-0.0,993.4,-1.9,88.8,1,N,N,N,N
35.5,-0.0,0.0,1.0,1.0,-1.8,-0.0,1.4,-0.0,993.4,-2.3,88.8,1,N,N,N,N
35.6,-0.0,0.0,1.0,1.0,-1.5,-0.0,1.4,-0.0,993.4,-2.1,88.8,1,N,N,N,N
35.7,-0.0,0.0,1.0,1.0,-1.6,-0.0,1.4,-0.0,993.4,-2.4,88.8,1,N,N,N,N
35.8,-0.0,0.0,1.0,1.0,-1.7,-0.0,1.4,-0.0,993.4,-2.3,88.8,1,N,N,N,N
35.9,-0.0,0.0,1.0,1.0,-1.2,-0.0,1.4,-0.0,993.4,-2.1,88.8,1,N,N,N,N
36.0,-0.0,0.0,1.0,1.0,1.5,-0.0,1.4,-0.0,993.4,-0.6,88.8,1,N,N,N,N
36.1,-0.0,0.0,1.0,1.0,0.0,-0.0,1.4,-0.0,993.4,-1.4,88.8,1,N,N,N,N
36.2,-0.0,0.0,1.0,1.0,3.2,-0.0,1.4,-0.0,993.4,0.3,88.8,1,N,N,N,N
36.3,-0.0,0.0,1.0,1.0,-0.7,-0.0,1.4,-0.0,993.4,-1.5,88.8,1,N,N,N,N
36.4,-0.0,0.0,1.0,1.0,2.3,-0.0,1.4,-0.0,993.4,0.1,88.8,1,N,N,N,N
36.5,-0.0,0.0,1.0,1.0,1.6,-0.0,1.4,-0.0,993.4,-0.2,88.7,1,N,N,N,N
36.6,-0.0,0.0,1.0,1.0,-0.8,-0.0,1.4,0.0,993.4,-1.3,88.8,1,N,N,N,N
36.7,-0.0,0.0,1.0,1.0,0.5,-0.0,1.4,0.0,993.4,-0.6,88.8,1,N,N,N,N
36.8,-0.0,0.0,1.0,1.0,-1.4,-0.0,1.4,0.0,993.4,-1.4,88.8,1,N,N,N,N
36.9,-0.0,0.0,1.0,1.0,-0.8,-0.0,1.4,0.0,993.4,-1.2,88.8,1,N,N,N,N
37.0,-0.0,0.0,1.0,1.0,-1.3,-0.0,1.4,0.0,993.4,-1.3,88.8,1,N,N,N,N
37.2,-0.0,0.0,1.0,1.0,-0.9,-0.0,1.4,0.0,993.4,-1.2,88.8,1,N,N,N,N
37.3,-0.0,0.0,1.0,1.0,0.3,-0.0,1.4,0.0,993.4,-0.4,88.8,1,N,N,N,N
37.4,-0.0,0.0,1.0,1.0,-1.7,-0.0,1.4,0.0,993.4,-1.4,88.8,1,N,N,N,N
37.5,-0.0,0.0,1.0,1.0,-1.7,-0.0,1.4,0.0,993.5,-1.5,88.8,1,N,N,N,N
37.6,-0.0,0.0,1.0,1.0,-1.9,-0.0,1.4,0.0,993.5,-1.5,88.8,1,N,N,N,N
37.7,-0.0,0.0,1.0,1.0,0.4,-0.0,1.4,0.0,993.4,-0.5,88.8,1,N,N,N,N
37.8,-0.0,0.0,1.0,1.0,-3.3,-0.0,1.4,-0.0,993.5,-2.4,88.8,1,N,N,N,N
37.9,-0.0,0.0,1.0,1.0,-1.0,-0.0,1.4,-0.0,993.5,-1.3,88.8,1,N,N,N,N
38.0,-0.0,0.0,1.0,1.0,-1.0,-0.0,1.4,-0.0,993.5,-1.4,88.8,1,N,N,N,N
38.1,-0.0,0.0,1.0,1.0,1.6,-0.0,1.4,-0.0,993.4,-0.2,88.8,1,N,N,N,N
38.2,-0.0,0.0,1.0,1.0,1.0,-0.0,1.4,-0.0,993.5,-0.8,88.8,1,N,N,N,N
38.3,-0.0,0.0,1.0,1.0,-3.7,-0.0,1.4,-0.0,993.5,-3.2,88.8,1,N,N,N,N
38.4,-0.0,0.0,1.0,1.0,1.3,-0.0,1.4,-0.0,993.5,-0.7,88.8,1,N,N,N,N
38.5,-0.0,0.0,1.0,1.0,-0.8,-0.0,1.4,-0.0,993.5,-1.7,88.8,1,N,N,N,N
38.6,-0.0,0.0,1.0,1.0,2.4,-0.0,1.4,-0.0,993.4,0.0,88.8,1,N,N,N,N
38.7,-0.0,0.0,1.0,1.0,2.0,-0.0,1.4,-0.0,993.4,-0.0,88.8,1,N,N,N,N
38.8,-0.0,0.0,1.0,1.0,-1.6,-0.0,1.4,0.0,993.5,-1.5,88.8,1,N,N,N,N
38.9,-0.0,0.0,1.0,1.0,-2.7,-0.0,1.4,0.0,993.5,-2.0,88.8,1,N,N,N,N
39.0,-0.0,0.0,1.0,1.0,3.4,-0.0,1.4,0.0,993.4,1.1,88.8,1,N,N,N,N
39.1,-0.0,0.0,1.0,1.0,-1.4,-0.0,1.4,0.0,993.5,-1.3,88.8,1,N,N,N,N
39.2,-0.0,0.0,1.0,1.0,-3.8,-0.0,1.4,0.0,993.5,-2.5,88.8,1,N,N,N,N
39.3,-0.0,0.0,1.0,1.0,-0.4,-0.0,1.4,0.0,993.5,-1.0,88.8,1,N,N,N,N
39.4,-0.0,0.0,1.0,1.0,0.8,-0.0,1.4,0.0,993.5,-0.4,88.8,1,N,N,N,N
39.5,-0.0,0.0,1.0,1.0,0.0,-0.0,1.4,0.0,993.5,-0.8,88.8,1,N,N,N,N
39.6,-0.0,0.0,1.0,1.0,1.2,-0.0,1.4,0.0,993.5,-0.3,88.8,1,N,N,N,N
39.7,-0.0,0.0,1.0,1.0,0.8,-0.0,1.4,0.0,993.5,-0.4,88.8,1,N,N,N,N
39.8,-0.0,0.0,1.0,1.0,3.5,-0.0,1.4,0.0,993.4,1.1,88.8,1,N,N,N,N
39.9,-0.0,0.0,1.0,1.0,0.6,-0.0,1.4,0.0,993.5,-0.2,88.8,1,N,N,N,N
40.0,-0.0,0.0,1.0,1.0,-1.4,-0.0,1.4,0.0,993.5,-1.1,88.8,1,N,N,N,N
40.1,-0.0,0.0,1.0,1.0,-0.3,-0.0,1.4,0.0,993.5,-0.5,88.8,1,N,N,N,N
40.2,-0.0,0.0,1.0,1.0,0.0,-0.0,1.4,0.0,993.5,-0.3,88.8,1,N,N,N,N
40.3,-0.0,0.0,1.0,1.0,0.2,-0.0,1.4,0.0,993.5,-0.2,88.8,1,N,N,N,N
40.4,-0.0,0.0,1.0,1.0,-0.9,-0.0,1.4,0.0,993.5,-0.8,88.8,1,N,N,N,N
40.5,-0.0,0.0,1.0,1.0,0.8,-0.0,1.4,0.0,993.5,0.0,88.8,1,N,N,N,N
40.6,-0.0,0.0,1.0,1.0,0.9,-0.0,1.4,0.0,993.5,0.1,88.8,1,N,N,N,N
40.7,-0.0,0.0,1.0,1.0,4.5,-0.0,1.4,-0.0,993.4,1.9,88.8,1,N,N,N,N
40.8,-0.0,0.0,1.0,1.0,2.9,-0.0,1.4,-0.0,993.4,1.1,88.8,1,N,N,N,N
40.9,-0.0,0.0,1.0,1.0,2.1,-0.0,1.4,-0.0,993.4,0.8,88.8,1,N,N,N,N
41.0,-0.0,0.0,1.0,1.0,-2.1,-0.0,1.4,-0.0,993.5,-1.4,88.8,1,N,N,N,N
41.1,-0.0,0.0,1.0,1.0,-1.4,-0.0,1.4,-0.0,993.5,-1.1,88.8,1,N,N,N,N
41.2,-0.0,0.0,1.0,1.0,0.4,-0.0,1.4,-0.0,993.5,-0.3,88.8,1,N,N,N,N
41.3,-0.0,0.0,1.0,1.0,-0.7,-0.0,1.4,-0.0,993.5,-1.1,88.8,1,N,N,N,N
41.4,-0.0,0.0,1.0,1.0,0.4,-0.0,1.4,-0.0,993.5,-0.6,88.8,1,N,N,N,N
41.5,-0.0,0.0,1.0,1.0,-2.4,-0.0,1.4,-0.0,993.6,-2.1,88.8,1,N,N,N,N
41.6,-0.0,0.0,1.0,1.0,2.5,-0.0,1.4,-0.0,993.5,0.2,88.8,1,N,N,N,N
41.7,-0.0,0.0,1.0,1.0,2.5,-0.0,1.4,-0.0,993.5,0.2,88.8,1,N,N,N,N
41.8,-0.0,0.0,1.0,1.0,0.2,-0.0,1.4,-0.0,993.5,-0.8,88.8,1,N,N,N,N
41.9,-0.0,0.0,1.0,1.0,5.8,-0.0,1.4,-0.0,993.4,2.1,88.8,1,N,N,N,N
42.0,-0.0,0.0,1.0,1.0,-1.6,-0.0,1.4,-0.0,993.5,-1.1,88.8,1,N,N,N,N
42.1,-0.0,0.0,1.0,1.0,2.7,-0.0,1.4,-0.0,993.4,1.3,88.8,1,N,N,N,N
42.2,-0.0,0.0,1.0,1.0,3.1,-0.0,1.4,-0.0,993.4,1.4,88.8,1,N,N,N,N
42.3,-0.0,0.0,1.0,1.0,3.2,-0.0,1.4,0.0,993.4,1.8,88.8,1,N,N,N,N
42.4,-0.0,0.0,1.0,1.0,7.4,-0.0,1.4,0.0,993.3,4.5,88.7,1,N,N,N,N
42.5,-0.0,0.0,1.0,1.0,7.0,-0.0,1.4,0.0,993.3,4.9,88.7,1,N,N,N,N
42.6,-0.0,0.0,1.0,1.0,2.5,-0.0,1.4,0.0,993.4,2.7,88.7,1,N,N,N,N
42.7,-0.0,0.0,1.0,1.0,-0.6,-0.0,1.4,0.0,993.4,1.3,88.7,1,N,N,N,N
42.8,-0.0,0.0,1.0,1.0,-0.3,-0.0,1.4,0.0,993.4,1.7,88.7,1,N,N,N,N
42.9,-0.0,0.0,1.0,1.0,-0.5,-0.0,1.4,-0.0,993.4,1.7,88.7,1,N,N,N,N
43.0,-0.0,0.0,1.0,1.0,-2.7,-0.0,1.4,0.0,993.4,0.5,88.8,1,N,N,N,N
43.1,-0.0,0.0,1.0,1.0,-3.9,-0.0,1.4,0.0,993.4,-0.4,88.8,1,N,N,N,N
43.2,-0.0,0.0,1.0,1.0,-3.0,-0.0,1.4,-0.0,993.4,-0.1,88.8,1,N,N,N,N
43.3,-0.0,0.0,1.0,1.0,-4.0,-0.0,1.4,-0.0,993.5,-1.0,88.8,1,N,N,N,N
43.4,-0.0,0.0,1.0,1.0,-3.1,-0.0,1.4,0.0,993.4,-0.6,88.8,1,N,N,N,N
43.5,-0.0,0.0,1.0,1.0,-3.6,-0.0,1.4,0.0,993.5,-1.3,88.8,1,N,N,N,N
43.6,-0.0,0.0,1.0,1.0,-4.4,-0.0,1.4,-0.0,993.5,-2.1,88.8,1,N,N,N,N
43.7,-0.0,0.0,1.0,1.0,-2.7,-0.0,1.4,-0.0,993.5,-1.6,88.8,1,N,N,N,N
43.8,-0.0,0.0,1.0,1.0,-2.2,-0.0,1.4,-0.0,993.5,-1.7,88.8,1,N,N,N,N
43.9,-0.0,0.0,1.0,1.0,-3.5,-0.0,1.4,-0.0,993.5,-2.5,88.8,1,N,N,N,N
44.0,-0.0,0.0,1.0,1.0,-4.7,-0.0,1.4,-0.0,993.6,-3.4,88.8,1,N,N,N,N
44.1,-0.0,0.0,1.0,1.0,-2.4,-0.0,1.4,-0.0,993.6,-2.4,88.8,1,N,N,N,N
44.2,-0.0,0.0,1.0,1.0,2.4,-0.0,1.4,-0.0,993.5,-0.1,88.8,1,N,N,N,N
44.3,-0.0,0.0,1.0,1.0,0.0,-0.0,1.4,-0.0,993.5,-1.5,88.8,1,N,N,N,N
44.4,-0.0,0.0,1.0,1.0,-2.5,-0.0,1.4,-0.0,993.6,-2.7,88.8,1,N,N,N,N
44.5,-0.0,0.0,1.0,1.0,2.8,-0.0,1.4,-0.0,993.5,-0.2,88.8,1,N,N,N,N
44.6,-0.0,0.0,1.0,1.0,-1.5,-0.0,1.4,0.0,993.6,-2.1,88.8,1,N,N,N,N
44.7,-0.0,0.0,1.0,1.0,-0.2,-0.0,1.4,-0.0,993.5,-1.3,88.8,1,N,N,N,N
44.8,-0.0,0.0,1.0,1.0,1.4,-0.0,1.4,-0.0,993.5,-0.3,88.8,1,N,N,N,N
44.9,-0.0,0.0,1.0,1.0,2.4,-0.0,1.4,-0.0,993.5,0.3,88.8,1,N,N,N,N
45.0,-0.0,0.0,1.0,1.0,1.1,-0.0,1.4,-0.0,993.5,-0.4,88.8,1,N,N,N,N
45.1,-0.0,0.0,1.0,1.0,1.0,-0.0,1.4,0.0,993.5,-0.2,88.8,1,N,N,N,N
45.2,-0.0,0.0,1.0,1.0,-0.4,-0.0,1.4,0.0,993.5,-0.7,88.8,1,N,N,N,N
45.3,-0.0,0.0,1.0,1.0,-1.8,-0.0,1.4,0.0,993.5,-1.3,88.8,1,N,N,N,N
45.4,-0.0,0.0,1.0,1.0,1.9,-0.0,1.4,-0.0,993.5,0.5,88.8,1,N,N,N,N
45.5,-0.0,0.0,1.0,1.0,-1.0,-0.0,1.4,-0.0,993.5,-1.0,88.8,1,N,N,N,N
45.6,-0.0,0.0,1.0,1.0,0.1,-0.0,1.4,-0.0,993.5,-0.5,88.8,1,N,N,N,N
45.7,-0.0,0.0,1.0,1.0,-1.6,-0.0,1.4,0.0,993.6,-1.5,88.8,1,N,N,N,N
45.8,-0.0,0.0,1.0,1.0,-0.7,-0.0,1.4,0.0,993.6,-1.2,88.8,1,N,N,N,N
45.9,-0.0,0.0,1.0,1.0,2.3,-0.0,1.4,-0.0,993.5,0.2,88.8,1,N,N,N,N
46.0,-0.0,0.0,1.0,1.0,-1.0,-0.0,1.4,-0.0,993.6,-1.5,88.8,1,N,N,N,N
46.1,-0.0,0.0,1.0,1.0,-0.6,-0.0,1.4,-0.0,993.6,-1.3,88.8,1,N,N,N,N
46.2,-0.0,0.0,1.0,1.0,3.2,-0.0,1.4,-0.0,993.5,0.7,88.8,1,N,N,N,N
46.3,-0.0,0.0,1.0,1.0,-2.2,-0.0,1.4,-0.0,993.6,-1.9,88.8,1,N,N,N,N
46.4,-0.0,0.0,1.0,1.0,-1.0,-0.0,1.4,-0.0,993.6,-1.5,88.8,1,N,N,N,N
46.5,-0.0,0.0,1.0,1.0,-2.5,-0.0,1.4,-0.0,993.6,-2.3,88.8,1,N,N,N,N
46.6,-0.0,0.0,1.0,1.0,-1.5,-0.0,1.4,-0.0,993.6,-1.9,88.8,1,N,N,N,N
46.7,-0.0,0.0,1.0,1.0,-0.4,-0.0,1.4,-0.0,993.6,-1.4,88.8,1,N,N,N,N
46.8,-0.0,0.0,1.0,1.0,-0.1,-0.0,1.4,-0.0,993.6,-1.3,88.8,1,N,N,N,N
46.9,-0.0,0.0,1.0,1.0,-1.9,-0.0,1.4,-0.0,993.6,-2.1,88.8,1,N,N,N,N
47.0,-0.0,0.0,1.0,1.0,2.4,-0.0,1.4,-0.0,993.6,0.0,88.8,1,N,N,N,N
47.1,-0.0,0.0,1.0,1.0,0.4,-0.0,1.4,-0.0,993.6,-1.0,88.9,1,N,N,N,N
47.2,-0.0,0.0,1.0,1.0,1.9,-0.0,1.4,-0.0,993.6,-0.0,88.8,1,N,N,N,N
47.3,-0.0,0.0,1.0,1.0,-0.9,-0.0,1.4,-0.0,993.6,-1.5,88.8,1,N,N,N,N
47.4,-0.0,0.0,1.0,1.0,1.2,-0.0,1.4,0.0,993.6,-0.4,88.8,1,N,N,N,N
47.5,-0.0,0.0,1.0,1.0,1.2,-0.0,1.4,0.0,993.6,-0.4,88.9,1,N,N,N,N
47.6,-0.0,0.0,1.0,1.0,0.7,-0.0,1.4,-0.0,993.6,-0.6,88.9,1,N,N,N,N
47.7,-0.0,0.0,1.0,1.0,-2.9,-0.0,1.4,0.0,993.7,-2.3,88.9,1,N,N,N,N
47.8,-0.0,0.0,1.0,1.0,0.9,-0.0,1.4,0.0,993.6,-0.5,88.9,1,N,N,N,N
47.9,-0.0,0.0,1.0,1.0,-0.9,-0.0,1.4,0.0,993.7,-1.5,88.8,1,N,N,N,N
48.0,-0.0,0.0,1.0,1.0,1.1,-0.0,1.4,0.0,993.6,-0.5,88.9,1,N,N,N,N
48.1,-0.0,0.0,1.0,1.0,1.3,-0.0,1.4,0.0,993.6,-0.3,88.8,1,N,N,N,N
48.2,-0.0,0.0,1.0,1.0,3.0,-0.0,1.4,0.0,993.6,0.7,88.9,1,N,N,N,N
48.3,-0.0,0.0,1.0,1.0,0.0,-0.0,1.4,0.0,993.6,-0.6,88.8,1,N,N,N,N
48.4,-0.0,0.0,1.0,1.0,-0.2,-0.0,1.4,0.0,993.6,-0.7,88.8,1,N,N,N,N
48.5,-0.0,0.0,1.0,1.0,0.2,-0.0,1.4,0.0,993.6,-0.5,88.8,1,N,N,N,N
48.6,-0.0,0.0,1.0,1.0,0.6,-0.0,1.4,0.0,993.6,-0.2,88.8,1,N,N,N,N
48.7,-0.0,0.0,1.0,1.0,3.4,-0.0,1.4,0.0,993.6,1.0,88.8,1,N,N,N,N
48.8,-0.0,0.0,1.0,1.0,-0.2,-0.0,1.4,0.0,993.6,-0.7,88.8,1,N,N,N,N
48.9,-0.0,0.0,1.0,1.0,1.8,-0.0,1.4,0.0,993.6,0.5,88.8,1,N,N,N,N
49.0,-0.0,0.0,1.0,1.0,0.3,-0.0,1.4,-0.0,993.6,-0.3,88.8,1,N,N,N,N
49.1,-0.0,0.0,1.0,1.0,1.0,-0.0,1.4,-0.0,993.6,0.0,88.8,1,N,N,N,N
49.2,-0.0,0.0,1.0,1.0,4.1,-0.0,1.4,-0.0,993.6,1.7,88.8,1,N,N,N,N
49.3,-0.0,0.0,1.0,1.0,-0.3,-0.0,1.4,-0.0,993.6,-0.4,88.8,1,N,N,N,N
49.4,-0.0,0.0,1.0,1.0,1.9,-0.0,1.4,-0.0,993.6,1.1,88.8,1,N,N,N,N
49.5,-0.0,0.0,1.0,1.0,-0.2,-0.0,1.4,-0.0,993.6,0.1,88.8,1,N,N,N,N
49.6,-0.0,0.0,1.0,1.0,-1.0,-0.0,1.4,-0.0,993.6,-0.7,88.9,1,N,N,N,N
49.7,-0.0,0.0,1.0,1.0,1.7,-0.0,1.4,-0.0,993.6,0.7,88.8,1,N,N,N,N
49.8,-0.0,0.0,1.0,1.0,-1.3,-0.0,1.4,-0.0,993.7,-1.1,88.9,1,N,N,N,N
49.9,-0.0,0.0,1.0,1.0,1.3,-0.0,1.4,-0.0,993.6,0.2,88.9,1,N,N,N,N
50.0,-0.0,0.0,1.0,1.0,1.6,-0.0,1.4,-0.0,993.6,0.6,88.9,1,N,N,N,N
50.1,-0.0,0.0,1.0,1.0,-0.2,-0.0,1.4,-0.0,993.6,-0.3,88.9,1,N,N,N,N
50.2,-0.0,0.0,1.0,1.0,-2.3,-0.0,1.4,-0.0,993.7,-1.4,88.9,1,N,N,N,N
50.3,-0.0,0.0,1.0,1.0,-2.1,-0.0,1.4,-0.0,993.7,-1.5,88.9,1,N,N,N,N
50.4,-0.0,0.0,1.0,1.0,-2.2,-0.0,1.4,-0.0,993.7,-1.5,88.9,1,N,N,N,N
50.5,-0.0,0.0,1.0,1.0,2.5,-0.0,1.4,-0.0,993.6,0.8,88.9,1,N,N,N,N
50.6,-0.0,0.0,1.0,1.0,-1.2,-0.0,1.4,-0.0,993.7,-1.2,88.9,1,N,N,N,N
50.7,-0.0,0.0,1.0,1.0,0.2,-0.0,1.4,-0.0,993.6,-0.3,88.9,1,N,N,N,N
50.8,-0.0,0.0,1.0,1.0,2.4,-0.0,1.4,-0.0,993.6,0.7,88.9,1,N,N,N,N
50.9,-0.0,0.0,1.0,1.0,1.3,-0.0,1.4,-0.0,993.6,0.2,88.9,1,N,N,N,N
51.0,-0.0,0.0,1.0,1.0,1.7,-0.0,1.4,-0.0,993.6,0.4,88.9,1,N,N,N,N
51.1,-0.0,0.0,1.0,1.0,-0.3,-0.0,1.4,0.0,993.7,-0.5,88.9,1,N,N,N,N
51.2,-0.0,0.0,1.0,1.0,-0.9,-0.0,1.4,-0.0,993.7,-0.9,88.9,1,N,N,N,N
51.3,-0.0,0.0,1.0,1.0,1.1,-0.0,1.4,0.0,993.6,-0.0,88.9,1,N,N,N,N
51.4,-0.0,0.0,1.0,1.0,-0.5,-0.0,1.4,0.0,993.7,-0.8,88.9,1,N,N,N,N
51.5,-0.0,0.0,1.0,1.0,-1.6,-0.0,1.4,0.0,993.7,-1.3,88.9,1,N,N,N,N
51.6,-0.0,0.0,1.0,1.0,1.9,-0.0,1.4,0.0,993.6,0.3,88.9,1,N,N,N,N
51.7,-0.0,0.0,1.0,1.0,2.4,-0.0,1.4,0.0,993.6,0.6,88.9,1,N,N,N,N
51.8,-0.0,0.0,1.0,1.0,-3.2,-0.0,1.4,0.0,993.7,-2.0,88.9,1,N,N,N,N
51.9,-0.0,0.0,1.0,1.0,0.7,-0.0,1.4,0.0,993.7,-0.1,88.9,1,N,N,N,N
52.0,-0.0,0.0,1.0,1.0,-1.2,-0.0,1.4,0.0,993.7,-1.2,88.9,1,N,N,N,N
52.1,-0.0,0.0,1.0,1.0,2.3,-0.0,1.4,0.0,993.6,0.8,88.9,1,N,N,N,N
52.2,-0.0,0.0,1.0,1.0,0.1,-0.0,1.4,0.0,993.7,-0.4,88.9,1,N,N,N,N
52.3,-0.0,0.0,1.0,1.0,1.6,-0.0,1.4,-0.0,993.7,0.4,88.9,1,N,N,N,N
52.4,-0.0,0.0,1.0,1.0,5.4,-0.0,1.4,0.0,993.6,2.5,88.9,1,N,N,N,N
52.5,-0.0,0.0,1.0,1.0,1.2,-0.0,1.4,-0.0,993.6,1.0,88.8,1,N,N,N,N
52.6,-0.0,0.0,1.0,1.0,-0.9,-0.0,1.4,0.0,993.6,0.2,88.8,1,N,N,N,N
52.7,-0.0,0.0,1.0,1.0,0.6,-0.0,1.4,0.0,993.6,1.0,88.8,1,N,N,N,N
52.8,-0.0,0.0,1.0,1.0,-0.7,-0.0,1.4,0.0,993.6,0.4,88.8,1,N,N,N,N
52.9,-0.0,0.0,1.0,1.0,3.2,-0.0,1.4,-0.0,993.5,2.5,88.8,1,N,N,N,N
53.0,-0.0,0.0,1.0,1.0,3.2,-0.0,1.4,-0.0,993.5,2.7,88.8,1,N,N,N,N
53.1,-0.0,0.0,1.0,1.0,1.1,-0.0,1.4,-0.0,993.6,1.5,88.8,1,N,N,N,N
53.2,-0.0,0.0,1.0,1.0,-1.5,-0.0,1.4,-0.0,993.6,0.3,88.8,1,N,N,N,N
53.3,-0.0,0.0,1.0,1.0,-0.8,-0.0,1.4,-0.0,993.6,0.8,88.8,1,N,N,N,N
53.4,-0.0,0.0,1.0,1.0,-1.6,-0.0,1.4,-0.0,993.6,0.5,88.8,1,N,N,N,N
53.5,-0.0,0.0,1.0,1.0,-1.2,-0.0,1.4,-0.0,993.6,0.5,88.8,1,N,N,N,N
53.6,-0.0,0.0,1.0,1.0,0.8,-0.0,1.4,-0.0,993.6,1.4,88.8,1,N,N,N,N
53.7,-0.0,0.0,1.0,1.0,-1.7,-0.0,1.4,-0.0,993.6,0.2,88.8,1,N,N,N,N
53.8,-0.0,0.0,1.0,1.0,-1.5,-0.0,1.4,-0.0,993.6,0.2,88.8,1,N,N,N,N
53.9,-0.0,0.0,1.0,1.0,-3.3,-0.0,1.4,0.0,993.6,-0.8,88.8,1,N,N,N,N
54.0,-0.0,0.0,1.0,1.0,-1.9,-0.0,1.4,-0.0,993.6,-0.5,88.8,1,N,N,N,N
54.1,-0.0,0.0,1.0,1.0,-1.6,-0.0,1.4,0.0,993.6,-0.3,88.8,1,N,N,N,N
54.2,-0.0,0.0,1.0,1.0,-1.9,-0.0,1.4,0.0,993.6,-0.6,88.9,1,N,N,N,N
54.3,-0.0,0.0,1.0,1.0,1.2,-0.0,1.4,0.0,993.6,0.7,88.9,1,N,N,N,N
54.4,-0.0,0.0,1.0,1.0,-1.0,-0.0,1.4,-0.0,993.6,-0.7,88.8,1,N,N,N,N
54.5,-0.0,0.0,1.0,1.0,-0.4,-0.0,1.4,-0.0,993.6,-0.1,88.8,1,N,N,N,N
54.6,-0.0,0.0,1.0,1.0,-4.3,-0.0,1.4,0.0,993.7,-2.2,88.9,1,N,N,N,N
54.7,-0.0,0.0,1.0,1.0,-3.6,-0.0,1.4,-0.0,993.7,-1.7,88.8,1,N,N,N,N
54.8,-0.0,0.0,1.0,1.0,-1.0,-0.0,1.4,0.0,993.6,-0.5,88.8,1,N,N,N,N
54.9,-0.0,0.0,1.0,1.0,1.6,-0.0,1.4,0.0,993.6,0.9,88.8,1,N,N,N,N
55.0,-0.0,0.0,1.0,1.0,-0.8,-0.0,1.4,0.0,993.6,-0.1,88.8,1,N,N,N,N
55.1,-0.0,0.0,1.0,1.0,3.9,-0.0,1.4,0.0,993.5,2.3,88.8,1,N,N,N,N
55.2,-0.0,0.0,1.0,1.0,1.2,-0.0,1.4,-0.0,993.6,0.9,88.8,1,N,N,N,N
55.3,-0.0,0.0,1.0,1.0,0.7,-0.0,1.4,-0.0,993.6,0.7,88.8,1,N,N,N,N
55.4,-0.0,0.0,1.0,1.0,0.5,-0.0,1.4,-0.0,993.6,0.5,88.8,1,N,N,N,N
55.5,-0.0,0.0,1.0,1.0,1.0,-0.0,1.4,0.0,993.6,1.0,88.8,1,N,N,N,N
55.6,-0.0,0.0,1.0,1.0,-1.4,-0.0,1.4,0.0,993.6,-0.2,88.8,1,N,N,N,N
55.7,-0.0,0.0,1.0,1.0,-2.5,-0.0,1.4,0.0,993.6,-1.0,88.8,1,N,N,N,N
55.8,-0.0,0.0,1.0,1.0,0.6,-0.0,1.4,0.0,993.6,0.5,88.8,1,N,N,N,N
55.9,-0.0,0.0,1.0,1.0,-2.6,-0.0,1.4,0.0,993.6,-1.2,88.9,1,N,N,N,N
56.0,-0.0,0.0,1.0,1.0,-2.0,-0.0,1.4,0.0,993.7,-1.2,88.9,1,N,N,N,N
56.1,-0.0,0.0,1.0,1.0,-2.4,-0.0,1.4,0.0,993.7,-1.5,88.9,1,N,N,N,N
56.2,-0.0,0.0,1.0,1.0,-0.8,-0.0,1.4,0.0,993.6,-0.8,88.9,1,N,N,N,N
56.3,-0.0,0.0,1.0,1.0,-4.2,-0.0,1.4,0.0,993.7,-2.8,88.9,1,N,N,N,N
56.4,-0.0,0.0,1.0,1.0,-1.0,-0.0,1.4,0.0,993.7,-1.4,88.9,1,N,N,N,N
56.5,-0.0,0.0,1.0,1.0,-0.9,-0.0,1.4,0.0,993.7,-1.4,88.9,1,N,N,N,N
56.6,-0.0,0.0,1.0,1.0,-0.6,-0.0,1.4,0.0,993.7,-1.4,88.9,1,N,N,N,N
56.7,-0.0,0.0,1.0,1.0,0.2,-0.0,1.4,0.0,993.7,-1.1,88.9,1,N,N,N,N
56.8,-0.0,0.0,1.0,1.0,-1.7,-0.0,1.4,0.0,993.7,-2.1,88.9,1,N,N,N,N
56.9,-0.0,0.0,1.0,1.0,-2.7,-0.0,1.4,0.0,993.8,-2.6,88.9,1,N,N,N,N
57.0,-0.0,0.0,1.0,1.0,-1.0,-0.0,1.4,0.0,993.7,-1.8,88.9,1,N,N,N,N
57.1,-0.0,0.0,1.0,1.0,-1.7,-0.0,1.4,0.0,993.8,-2.3,88.9,1,N,N,N,N
57.2,-0.0,0.0,1.0,1.0,-0.6,-0.0,1.4,0.0,993.8,-1.8,88.9,1,N,N,N,N
57.3,-0.0,0.0,1.0,1.0,-3.3,-0.0,1.4,0.0,993.8,-3.1,88.9,1,N,N,N,N
57.4,-0.0,0.0,1.0,1.0,2.2,-0.0,1.4,0.0,993.7,-0.5,88.9,1,N,N,N,N
57.5,-0.0,0.0,1.0,1.0,-0.0,-0.0,1.4,0.0,993.8,-1.5,88.9,1,N,N,N,N
57.6,-0.0,0.0,1.0,1.0,0.9,-0.0,1.4,0.0,993.8,-1.2,88.9,1,N,N,N,N
57.7,-0.0,0.0,1.0,1.0,0.7,-0.0,1.4,0.0,993.8,-1.5,88.9,1,N,N,N,N
57.8,-0.0,0.0,1.0,1.0,0.8,-0.0,1.4,-0.0,993.8,-1.4,88.9,1,N,N,N,N
57.9,-0.0,0.0,1.0,1.0,-0.1,-0.0,1.4,0.0,993.8,-1.6,88.9,1,N,N,N,N
58.0,-0.0,0.0,1.0,1.0,1.2,-0.0,1.4,0.0,993.8,-0.9,88.9,1,N,N,N,N
58.1,-0.0,0.0,1.0,1.0,-1.2,-0.0,1.4,0.0,993.8,-2.1,88.9,1,N,N,N,N
58.2,-0.0,0.0,1.0,1.0,-2.4,-0.0,1.4,0.0,993.8,-2.7,88.9,1,N,N,N,N
58.3,-0.0,0.0,1.0,1.0,2.2,-0.0,1.4,0.0,993.8,-0.5,88.9,1,N,N,N,N
58.4,-0.0,0.0,1.0,1.0,0.0,-0.0,1.4,0.0,993.8,-1.6,88.9,1,N,N,N,N
58.5,-0.0,0.0,1.0,1.0,4.5,-0.0,1.4,-0.0,993.7,0.9,88.9,1,N,N,N,N
58.6,-0.0,0.0,1.0,1.0,-0.3,-0.0,1.4,-0.0,993.8,-1.6,88.9,1,N,N,N,N
58.7,-0.0,0.0,1.0,1.0,-1.7,-0.0,1.4,-0.0,993.9,-2.4,88.9,1,N,N,N,N
58.8,-0.0,0.0,1.0,1.0,1.9,-0.0,1.4,-0.0,993.8,-0.6,88.9,1,N,N,N,N
58.9,-0.0,0.0,1.0,1.0,-0.1,-0.0,1.4,-0.0,993.8,-1.5,88.9,1,N,N,N,N
59.0,-0.0,0.0,1.0,1.0,-1.9,-0.0,1.4,-0.0,993.9,-2.4,88.9,1,N,N,N,N
59.1,-0.0,0.0,1.0,1.0,0.7,-0.0,1.4,-0.0,993.8,-1.1,88.9,1,N,N,N,N
59.2,-0.0,0.0,1.0,1.0,1.8,-0.0,1.4,-0.0,993.8,-0.4,88.9,1,N,N,N,N
59.3,-0.0,0.0,1.0,1.0,-0.0,-0.0,1.4,-0.0,993.8,-1.3,88.9,1,N,N,N,N
59.4,-0.0,0.0,1.0,1.0,2.2,-0.0,1.4,-0.0,993.8,-0.2,88.9,1,N,N,N,N
59.5,-0.0,0.0,1.0,1.0,-2.1,-0.0,1.4,-0.0,993.9,-2.3,89.0,1,N,N,N,N
59.6,-0.0,0.0,1.0,1.0,-0.5,-0.0,1.4,-0.0,993.9,-1.5,89.0,1,N,N,N,N
59.7,-0.0,0.0,1.0,1.0,-0.2,-0.0,1.4,-0.0,993.9,-1.4,89.0,1,N,N,N,N
59.8,-0.0,0.0,1.0,1.0,3.4,-0.0,1.4,-0.0,993.8,0.3,89.0,1,N,N,N,N
59.9,-0.0,0.0,1.0,1.0,3.0,-0.0,1.4,-0.0,993.8,0.1,89.0,1,N,N,N,N
60.0,-0.0,0.0,1.0,1.0,2.8,-0.0,1.4,-0.0,993.8,0.2,89.0,1,N,N,N,N
60.1,-0.0,0.0,1.0,1.0,0.8,-0.0,1.4,-0.0,993.9,-0.6,89.0,1,N,N,N,N
60.2,-0.0,0.0,1.0,1.0,-0.0,-0.0,1.4,-0.0,993.9,-0.9,88.9,1,N,N,N,N
60.3,-0.0,0.0,1.0,1.0,1.4,-0.0,1.4,-0.0,993.8,-0.0,88.9,1,N,N,N,N
60.4,-0.0,0.0,1.0,1.0,2.5,-0.0,1.4,-0.0,993.8,0.7,88.9,1,N,N,N,N
60.5,-0.0,0.0,1.0,1.0,4.2,-0.0,1.4,0.0,993.8,1.7,88.9,1,N,N,N,N
60.6,-0.0,0.0,1.0,1.0,3.6,-0.0,1.4,0.0,993.8,1.8,88.9,1,N,N,N,N
60.7,-0.0,0.0,1.0,1.0,1.7,-0.0,1.4,-0.0,993.8,1.1,88.9,1,N,N,N,N
60.8,-0.0,0.0,1.0,1.0,0.3,-0.0,1.4,-0.0,993.8,0.3,88.9,1,N,N,N,N
60.9,-0.0,0.0,1.0,1.0,0.0,-0.0,1.4,-0.0,993.8,0.3,88.9,1,N,N,N,N
61.0,-0.0,0.0,1.0,1.0,0.3,-0.0,1.4,-0.0,993.8,0.5,88.9,1,N,N,N,N
61.1,-0.0,0.0,1.0,1.0,-1.8,-0.0,1.4,0.0,993.8,-0.5,88.9,1,N,N,N,N
61.2,-0.0,0.0,1.0,1.0,1.1,-0.0,1.4,0.0,993.8,1.1,88.9,1,N,N,N,N
61.3,-0.0,0.0,1.0,1.0,0.7,-0.0,1.4,0.0,993.8,1.0,88.9,1,N,N,N,N
61.4,-0.0,0.0,1.0,1.0,-2.1,-0.0,1.4,0.0,993.8,-0.1,88.9,1,N,N,N,N
61.5,-0.0,0.0,1.0,1.0,-1.1,-0.0,1.4,0.0,993.8,0.4,88.9,1,N,N,N,N
61.6,-0.0,0.0,1.0,1.0,-2.1,-0.0,1.4,0.0,993.8,-0.3,88.9,1,N,N,N,N
61.7,-0.0,0.0,1.0,1.0,-5.2,-0.0,1.4,0.0,993.9,-2.0,88.9,1,N,N,N,N
61.8,-0.0,0.0,1.0,1.0,-1.8,-0.0,1.4,0.0,993.8,-0.7,88.9,1,N,N,N,N
61.9,-0.0,0.0,1.0,1.0,-0.5,-0.0,1.4,0.0,993.8,-0.2,89.0,1,N,N,N,N
62.0,-0.0,0.0,1.0,1.0,-2.7,-0.0,1.4,0.0,993.9,-1.4,88.9,1,N,N,N,N
62.1,-0.0,0.0,1.0,1.0,-2.6,-0.0,1.4,0.0,993.9,-1.5,88.9,1,N,N,N,N
62.2,-0.0,0.0,1.0,1.0,0.8,-0.0,1.4,-0.0,993.8,-0.1,88.9,1,N,N,N,N
62.3,-0.0,0.0,1.0,1.0,-2.7,-0.0,1.4,-0.0,993.9,-1.6,88.9,1,N,N,N,N
62.4,-0.0,0.0,1.0,1.0,-4.3,-0.0,1.4,0.0,993.9,-2.5,89.0,1,N,N,N,N
62.5,-0.0,0.0,1.0,1.0,-1.8,-0.0,1.4,0.0,993.9,-1.4,89.0,1,N,N,N,N
62.6,-0.0,0.0,1.0,1.0,1.5,-0.0,1.4,0.0,993.8,0.2,89.0,1,N,N,N,N
62.7,-0.0,0.0,1.0,1.0,-2.9,-0.0,1.4,0.0,993.9,-2.1,89.0,1,N,N,N,N
62.9,-0.0,0.0,1.0,1.0,0.9,-0.0,1.4,0.0,993.9,-0.5,89.0,1,N,N,N,N
63.0,-0.0,0.0,1.0,1.0,-3.4,-0.0,1.4,0.0,993.9,-2.9,89.0,1,N,N,N,N
63.1,-0.0,0.0,1.0,1.0,-0.4,-0.0,1.4,0.0,993.9,-1.4,89.0,1,N,N,N,N
63.2,-0.0,0.0,1.0,1.0,-2.9,-0.0,1.4,0.0,994.0,-2.9,89.0,1,N,N,N,N
63.3,-0.0,0.0,1.0,1.0,2.1,-0.0,1.4,0.0,993.9,-0.6,89.0,1,N,N,N,N
63.4,-0.0,0.0,1.0,1.0,-3.6,-0.0,1.4,0.0,994.0,-3.4,89.0,1,N,N,N,N
63.5,-0.0,0.0,1.0,1.0,0.5,-0.0,1.4,0.0,993.9,-1.3,89.0,1,N,N,N,N
63.6,-0.0,0.0,1.0,1.0,2.0,-0.0,1.4,0.0,993.9,-0.5,89.0,1,N,N,N,N
63.7,-0.0,0.0,1.0,1.0,-1.7,-0.0,1.4,-0.0,993.9,-2.0,89.0,1,N,N,N,N
63.8,-0.0,0.0,1.0,1.0,1.3,-0.0,1.4,-0.0,993.9,-0.5,89.0,1,N,N,N,N
63.9,-0.0,0.0,1.0,1.0,-0.8,-0.0,1.4,-0.0,993.9,-1.3,89.0,1,N,N,N,N
64.0,-0.0,0.0,1.0,1.0,3.0,-0.0,1.4,0.0,993.9,0.8,89.0,1,N,N,N,N
64.1,-0.0,0.0,1.0,1.0,0.3,-0.0,1.4,0.0,993.9,-0.4,89.0,1,N,N,N,N
64.2,-0.0,0.0,1.0,1.0,-1.2,-0.0,1.4,-0.0,993.9,-1.1,89.0,1,N,N,N,N
64.3,-0.0,0.0,1.0,1.0,0.4,-0.0,1.4,-0.0,993.9,-0.2,89.0,1,N,N,N,N
64.4,-0.0,0.0,1.0,1.0,2.1,-0.0,1.4,-0.0,993.9,0.7,89.0,1,N,N,N,N
64.5,-0.0,0.0,1.0,1.0,0.1,-0.0,1.4,-0.0,993.9,-0.3,89.0,1,N,N,N,N
64.6,-0.0,0.0,1.0,1.0,1.6,-0.0,1.4,-0.0,993.9,0.7,89.0,1,N,N,N,N
64.7,-0.0,0.0,1.0,1.0,0.4,-0.0,1.4,-0.0,993.9,0.1,89.0,1,N,N,N,N
64.8,-0.0,0.0,1.0,1.0,1.4,-0.0,1.4,-0.0,993.9,0.6,89.0,1,N,N,N,N
64.9,-0.0,0.0,1.0,1.0,0.1,-0.0,1.4,-0.0,993.9,-0.1,89.0,1,N,N,N,N
65.0,-0.0,0.0,1.0,1.0,-3.1,-0.0,1.4,-0.0,994.0,-1.8,89.0,1,N,N,N,N
65.1,-0.0,0.0,1.0,1.0,-1.7,-0.0,1.4,-0.0,993.9,-1.1,89.0,1,N,N,N,N
65.2,-0.0,0.0,1.0,1.0,-0.9,-0.0,1.4,-0.0,993.9,-0.8,89.0,1,N,N,N,N
65.3,-0.0,0.0,1.0,1.0,0.2,-0.0,1.4,0.0,993.9,-0.2,89.0,1,N,N,N,N
65.4,-0.0,0.0,1.0,1.0,1.5,-0.0,1.4,0.0,993.9,0.4,89.0,1,N,N,N,N
65.5,-0.0,0.0,1.0,1.0,0.5,-0.0,1.4,0.0,993.9,-0.0,89.0,1,N,N,N,N
65.6,-0.0,0.0,1.0,1.0,-1.1,-0.0,1.4,0.0,993.9,-0.8,89.0,1,N,N,N,N
65.7,-0.0,0.0,1.0,1.0,-2.0,-0.0,1.4,0.0,994.0,-1.3,89.0,1,N,N,N,N
65.8,-0.0,0.0,1.0,1.0,1.0,-0.0,1.4,0.0,993.9,0.1,89.0,1,N,N,N,N
65.9,-0.0,0.0,1.0,1.0,1.5,-0.0,1.4,0.0,993.9,0.4,89.0,1,N,N,N,N
66.0,-0.0,0.0,1.0,1.0,1.3,-0.0,1.4,0.0,993.9,0.3,89.0,1,N,N,N,N
66.1,-0.0,0.0,1.0,1.0,0.2,-0.0,1.4,0.0,993.9,-0.1,89.0,1,N,N,N,N
66.2,-0.0,0.0,1.0,1.0,-1.8,-0.0,1.4,0.0,994.0,-1.1,89.0,1,N,N,N,N
66.3,-0.0,0.0,1.0,1.0,-2.1,-0.0,1.4,-0.0,994.0,-1.6,89.0,1,N,N,N,N
66.4,-0.0,0.0,1.0,1.0,-4.6,-0.0,1.4,0.0,994.0,-3.0,89.0,1,N,N,N,N
66.5,-0.0,0.0,1.0,1.0,-1.2,-0.0,1.4,0.0,994.0,-1.5,89.0,1,N,N,N,N
66.6,-0.0,0.0,1.0,1.0,-3.7,-0.0,1.4,0.0,994.0,-2.8,89.0,1,N,N,N,N
66.7,-0.0,0.0,1.0,1.0,-2.8,-0.0,1.4,0.0,994.0,-2.4,89.0,1,N,N,N,N
66.8,-0.0,0.0,1.0,1.0,-0.4,-0.0,1.4,-0.0,994.0,-1.2,89.0,1,N,N,N,N
66.9,-0.0,0.0,1.0,1.0,0.8,-0.0,1.4,-0.0,994.0,-0.7,89.0,1,N,N,N,N
67.0,-0.0,0.0,1.0,1.0,1.9,-0.0,1.4,-0.0,994.0,-0.1,89.0,1,N,N,N,N
67.1,-0.0,0.0,1.0,1.0,-0.3,-0.0,1.4,-0.0,994.0,-1.2,89.0,1,N,N,N,N
67.2,-0.0,0.0,1.0,1.0,0.2,-0.0,1.4,-0.0,994.0,-1.0,89.0,1,N,N,N,N
67.3,-0.0,0.0,1.0,1.0,-1.4,-0.0,1.4,-0.0,994.0,-1.8,89.0,1,N,N,N,N
67.4,-0.0,0.0,1.0,1.0,-3.3,-0.0,1.4,-0.0,994.1,-2.8,89.0,1,N,N,N,N
67.5,-0.0,0.0,1.0,1.0,1.1,-0.0,1.4,-0.0,994.0,-0.7,89.0,1,N,N,N,N
67.6,-0.0,0.0,1.0,1.0,-1.4,-0.0,1.4,-0.0,994.1,-1.9,89.0,1,N,N,N,N
67.7,-0.0,0.0,1.0,1.0,-1.9,-0.0,1.4,-0.0,994.1,-2.3,89.0,1,N,N,N,N
67.8,-0.0,0.0,1.0,1.0,-2.8,-0.0,1.4,0.0,994.1,-3.1,89.0,1,N,N,N,N
67.9,-0.0,0.0,1.0,1.0,1.4,-0.0,1.4,0.0,994.0,-1.0,89.0,1,N,N,N,N
68.0,-0.0,0.0,1.0,1.0,-1.9,-0.0,1.4,0.0,994.1,-2.4,89.0,1,N,N,N,N
68.1,-0.0,0.0,1.0,1.0,-0.5,-0.0,1.4,0.0,994.1,-1.8,89.0,1,N,N,N,N
68.2,-0.0,0.0,1.0,1.0,0.5,-0.0,1.4,0.0,994.1,-1.3,89.1,1,N,N,N,N
68.3,-0.0,0.0,1.0,1.0,3.3,-0.0,1.4,0.0,994.0,0.0,89.1,1,N,N,N,N
68.4,-0.0,0.0,1.0,1.0,0.2,-0.0,1.4,0.0,994.1,-1.4,89.0,1,N,N,N,N
68.5,-0.0,0.0,1.0,1.0,0.0,-0.0,1.4,0.0,994.1,-1.6,89.1,1,N,N,N,N
68.6,-0.0,0.0,1.0,1.0,3.5,-0.0,1.4,0.0,994.0,0.2,89.1,1,N,N,N,N
68.7,-0.0,0.0,1.0,1.0,-0.0,-0.0,1.4,0.0,994.1,-1.2,89.0,1,N,N,N,N
68.8,-0.0,0.0,1.0,1.0,1.8,-0.0,1.4,0.0,994.1,-0.4,89.0,1,N,N,N,N
68.9,-0.0,0.0,1.0,1.0,-1.8,-0.0,1.4,0.0,994.1,-2.1,89.0,1,N,N,N,N
69.0,-0.0,0.0,1.0,1.0,-0.9,-0.0,1.4,0.0,994.1,-1.7,89.1,1,N,N,N,N
69.1,-0.0,0.0,1.0,1.0,-0.5,-0.0,1.4,0.0,994.1,-1.4,89.1,1,N,N,N,N
69.2,-0.0,0.0,1.0,1.0,-1.1,-0.0,1.4,0.0,994.1,-1.7,89.1,1,N,N,N,N
69.3,-0.0,0.0,1.0,1.0,0.2,-0.0,1.4,0.0,994.1,-1.0,89.1,1,N,N,N,N
69.4,-0.0,0.0,1.0,1.0,-0.1,-0.0,1.4,0.0,994.1,-1.0,89.1,1,N,N,N,N
69.5,-0.0,0.0,1.0,1.0,-2.1,-0.0,1.4,0.0,994.2,-2.0,89.1,1,N,N,N,N
69.6,-0.0,0.0,1.0,1.0,-0.6,-0.0,1.4,0.0,994.1,-1.2,89.1,1,N,N,N,N
69.7,-0.0,0.0,1.0,1.0,4.1,-0.0,1.4,0.0,994.1,1.0,89.1,1,N,N,N,N
69.8,-0.0,0.0,1.0,1.0,0.1,-0.0,1.4,-0.0,994.1,-1.0,89.1,1,N,N,N,N
69.9,-0.0,0.0,1.0,1.0,1.9,-0.0,1.4,-0.0,994.1,-0.0,89.1,1,N,N,N,N
70.0,-0.0,0.0,1.0,1.0,1.2,-0.0,1.4,-0.0,994.1,-0.3,89.1,1,N,N,N,N
70.1,-0.0,0.0,1.0,1.0,-0.9,-0.0,1.4,-0.0,994.2,-1.6,89.1,1,N,N,N,N
70.2,-0.0,0.0,1.0,1.0,-0.1,-0.0,1.4,-0.0,994.2,-1.2,89.1,1,N,N,N,N
70.3,-0.0,0.0,1.0,1.0,1.2,-0.0,1.4,0.0,994.1,-0.3,89.1,1,N,N,N,N
70.4,-0.0,0.0,1.0,1.0,-1.1,-0.0,1.4,-0.0,994.2,-1.5,89.1,1,N,N,N,N
70.5,-0.0,0.0,1.0,1.0,-0.2,-0.0,1.4,-0.0,994.2,-1.0,89.1,1,N,N,N,N
70.6,-0.0,0.0,1.0,1.0,-2.2,-0.0,1.4,0.0,994.2,-2.1,89.1,1,N,N,N,N
70.7,-0.0,0.0,1.0,1.0,-0.9,-0.0,1.4,0.0,994.2,-1.5,89.1,1,N,N,N,N
70.8,-0.0,0.0,1.0,1.0,-0.8,-0.0,1.4,0.0,994.2,-1.6,89.1,1,N,N,N,N
70.9,-0.0,0.0,1.0,1.0,-3.1,-0.0,1.4,-0.0,994.2,-2.7,89.1,1,N,N,N,N
71.0,-0.0,0.0,1.0,1.0,-0.6,-0.0,1.4,-0.0,994.2,-1.5,89.1,1,N,N,N,N
71.1,-0.0,0.0,1.0,1.0,4.2,-0.0,1.4,-0.0,994.1,0.8,89.1,1,N,N,N,N
71.2,-0.0,0.0,1.0,1.0,0.6,-0.0,1.4,0.0,994.2,-0.7,89.1,1,N,N,N,N
71.3,-0.0,0.0,1.0,1.0,-3.3,-0.0,1.4,0.0,994.2,-2.5,89.1,1,N,N,N,N
71.4,-0.0,0.0,1.0,1.0,2.8,-0.0,1.4,0.0,994.1,0.6,89.1,1,N,N,N,N
71.5,-0.0,0.0,1.0,1.0,2.4,-0.0,1.4,0.0,994.1,0.4,89.1,1,N,N,N,N
71.6,-0.0,0.0,1.0,1.0,1.4,-0.0,1.4,0.0,994.2,-0.3,89.1,1,N,N,N,N
71.7,-0.0,0.0,1.0,1.0,1.5,-0.0,1.4,-0.0,994.2,-0.1,89.1,1,N,N,N,N
71.8,-0.0,0.0,1.0,1.0,-0.3,-0.0,1.4,-0.0,994.2,-1.0,89.1,1,N,N,N,N
71.9,-0.0,0.0,1.0,1.0,1.4,-0.0,1.4,-0.0,994.2,-0.2,89.1,1,N,N,N,N
72.0,-0.0,0.0,1.0,1.0,0.9,-0.0,1.4,-0.0,994.2,-0.3,89.1,1,N,N,N,N
72.1,-0.0,0.0,1.0,1.0,0.9,-0.0,1.4,-0.0,994.2,-0.2,89.1,1,N,N,N,N
72.2,-0.0,0.0,1.0,1.0,2.0,-0.0,1.4,-0.0,994.1,0.5,89.1,1,N,N,N,N
72.3,-0.0,0.0,1.0,1.0,1.4,-0.0,1.4,-0.0,994.2,0.2,89.1,1,N,N,N,N
72.4,-0.0,0.0,1.0,1.0,0.9,-0.0,1.4,-0.0,994.2,0.4,89.1,1,N,N,N,N
72.5,-0.0,0.0,1.0,1.0,2.5,-0.0,1.4,0.0,994.1,1.2,89.1,1,N,N,N,N
72.6,-0.0,0.0,1.0,1.0,-0.8,-0.0,1.4,0.0,994.2,-0.3,89.1,1,N,N,N,N
72.7,-0.0,0.0,1.0,1.0,0.6,-0.0,1.4,-0.0,994.1,0.6,89.1,1,N,N,N,N
72.8,-0.0,0.0,1.0,1.0,0.7,-0.0,1.4,0.0,994.1,0.8,89.1,1,N,N,N,N
72.9,-0.0,0.0,1.0,1.0,-0.3,-0.0,1.4,-0.0,994.2,0.1,89.1,1,N,N,N,N
73.0,-0.0,0.0,1.0,1.0,-0.2,-0.0,1.4,-0.0,994.2,0.1,89.1,1,N,N,N,N
73.1,-0.0,0.0,1.0,1.0,1.0,-0.0,1.4,-0.0,994.1,0.8,89.1,1,N,N,N,N
73.2,-0.0,0.0,1.0,1.0,-2.4,-0.0,1.4,-0.0,994.2,-0.9,89.1,1,N,N,N,N
73.3,-0.0,0.0,1.0,1.0,1.9,-0.0,1.4,-0.0,994.1,1.0,89.1,1,N,N,N,N
73.4,-0.0,0.0,1.0,1.0,-1.5,-0.0,1.4,-0.0,994.2,-0.8,89.1,1,N,N,N,N
73.5,-0.0,0.0,1.0,1.0,0.2,-0.0,1.4,-0.0,994.2,0.1,89.1,1,N,N,N,N
73.6,-0.0,0.0,1.0,1.0,2.8,-0.0,1.4,-0.0,994.1,1.5,89.1,1,N,N,N,N
73.7,-0.0,0.0,1.0,1.0,1.4,-0.0,1.4,-0.0,994.1,0.7,89.0,1,N,N,N,N
73.8,-0.0,0.0,1.0,1.0,2.8,-0.0,1.4,-0.0,994.1,1.9,89.0,1,N,N,N,N
73.9,-0.0,0.0,1.0,1.0,4.1,-0.0,1.4,-0.0,994.0,2.6,89.1,1,N,N,N,N
74.0,-0.0,0.0,1.0,1.0,-2.5,-0.0,1.4,0.0,994.2,-0.5,89.0,1,N,N,N,N
74.1,-0.0,0.0,1.0,1.0,-2.1,-0.0,1.4,0.0,994.2,-0.4,89.1,1,N,N,N,N
74.2,-0.0,0.0,1.0,1.0,0.5,-0.0,1.4,0.0,994.1,0.7,89.1,1,N,N,N,N
74.3,-0.0,0.0,1.0,1.0,-2.1,-0.0,1.4,0.0,994.2,-0.7,89.1,1,N,N,N,N
74.4,-0.0,-0.0,1.0,1.0,0.3,-0.0,1.4,-0.0,994.1,0.4,89.1,1,N,N,N,N
74.5,-0.0,0.0,1.0,1.0,-4.5,0.0,1.4,-0.0,994.2,-2.0,89.1,1,N,N,N,N
74.6,-0.0,0.0,1.0,1.0,0.5,0.0,1.4,-0.0,994.1,0.5,89.1,1,N,N,N,N
74.7,-0.0,0.0,1.0,1.0,-5.2,-0.0,1.4,-0.0,994.2,-2.5,89.1,1,N,N,N,N
74.8,-0.0,0.0,1.0,1.0,-0.5,-0.0,1.4,-0.0,994.2,-0.3,89.1,1,N,N,N,N
74.9,-0.0,0.0,1.0,1.0,2.0,-0.0,1.4,-0.0,994.1,1.2,89.1,1,N,N,N,N
75.0,-0.0,0.0,1.0,1.0,0.9,-0.0,1.4,-0.0,994.1,0.8,89.0,1,N,N,N,N
75.1,-0.0,0.0,1.0,1.0,0.6,-0.0,1.4,-0.0,994.1,0.9,89.0,1,N,N,N,N
75.2,-0.0,0.0,1.0,1.0,2.6,-0.0,1.4,-0.0,994.0,2.3,89.0,1,N,N,N,N
75.3,-0.0,0.0,1.0,1.0,-0.3,-0.0,1.4,0.0,994.1,1.1,89.0,1,N,N,N,N
75.4,-0.0,0.0,1.0,1.0,1.1,-0.0,1.4,-0.0,994.0,1.9,89.0,1,N,N,N,N
75.5,-0.0,0.0,1.0,1.0,2.0,-0.0,1.4,0.0,994.0,2.5,89.0,1,N,N,N,N
75.6,-0.0,0.0,1.0,1.0,0.6,-0.0,1.4,0.0,994.0,1.9,89.0,1,N,N,N,N
75.7,-0.0,0.0,1.0,1.0,8.2,-0.0,1.4,0.0,993.9,5.8,89.0,1,N,N,N,N
75.8,-0.0,0.0,1.0,1.0,6.8,-0.0,1.4,-0.0,993.9,5.5,89.0,1,N,N,N,N
75.9,-0.0,0.0,1.0,1.0,2.7,-0.0,1.4,-0.0,993.9,3.7,89.0,1,N,N,N,N
76.0,-0.0,0.0,1.0,1.0,1.8,-0.0,1.4,-0.0,993.9,3.6,89.0,1,N,N,N,N
76.1,-0.0,0.0,1.0,1.0,-1.0,-0.0,1.4,-0.0,993.9,2.3,89.0,1,N,N,N,N
76.2,-0.0,0.0,1.0,1.0,0.7,-0.0,1.4,-0.0,993.9,3.1,89.0,1,N,N,N,N
76.3,-0.0,0.0,1.0,1.0,-3.1,-0.0,1.4,0.0,994.0,0.9,89.0,1,N,N,N,N
76.4,-0.0,0.0,1.0,1.0,-2.1,-0.0,1.4,0.0,994.0,1.2,89.0,1,N,N,N,N
76.5,-0.0,0.0,1.0,1.0,-4.0,-0.0,1.4,0.0,994.0,-0.2,89.0,1,N,N,N,N
76.6,-0.0,0.0,1.0,1.0,-4.4,-0.0,1.4,0.0,994.0,-0.6,89.0,1,N,N,N,N
76.7,-0.0,0.0,1.0,1.0,-4.3,-0.0,1.4,0.0,994.0,-1.0,89.0,1,N,N,N,N
76.8,-0.0,0.0,1.0,1.0,-4.9,-0.0,1.4,0.0,994.1,-1.7,89.0,1,N,N,N,N
76.9,-0.0,0.0,1.0,1.0,-2.9,-0.0,1.4,0.0,994.1,-1.2,89.0,1,N,N,N,N
77.0,-0.0,0.0,1.0,1.0,-6.7,-0.0,1.4,0.0,994.2,-3.5,89.1,1,N,N,N,N
77.1,-0.0,0.0,1.0,1.0,-1.4,-0.0,1.4,0.0,994.1,-1.2,89.1,1,N,N,N,N
77.2,-0.0,0.0,1.0,1.0,-5.8,-0.0,1.4,0.0,994.2,-3.4,89.1,1,N,N,N,N
77.3,-0.0,0.0,1.0,1.0,-1.8,-0.0,1.4,0.0,994.1,-1.6,89.1,1,N,N,N,N
77.4,-0.0,0.0,1.0,1.0,-1.0,-0.0,1.4,0.0,994.1,-1.4,89.1,1,N,N,N,N
77.5,-0.0,0.0,1.0,1.0,-1.4,-0.0,1.4,-0.0,994.1,-1.6,89.1,1,N,N,N,N
77.6,-0.0,0.0,1.0,1.0,0.1,-0.0,1.4,-0.0,994.1,-0.7,89.1,1,N,N,N,N
77.7,-0.0,0.0,1.0,1.0,-1.9,-0.0,1.4,-0.0,994.1,-1.9,89.1,1,N,N,N,N
77.8,-0.0,0.0,1.0,1.0,-2.9,-0.0,1.4,-0.0,994.2,-2.4,89.1,1,N,N,N,N
77.9,-0.0,0.0,1.0,1.0,-0.6,-0.0,1.4,-0.0,994.2,-1.7,89.1,1,N,N,N,N
78.0,-0.0,0.0,1.0,1.0,-0.9,-0.0,1.4,-0.0,994.2,-2.0,89.1,1,N,N,N,N
78.1,-0.0,0.0,1.0,1.0,-1.8,-0.0,1.4,-0.0,994.2,-2.5,89.1,1,N,N,N,N
78.2,-0.0,0.0,1.0,1.0,-2.3,-0.0,1.4,-0.0,994.2,-2.8,89.1,1,N,N,N,N
78.3,-0.0,0.0,1.0,1.0,-1.5,-0.0,1.4,-0.0,994.2,-2.5,89.1,1,N,N,N,N
78.4,-0.0,0.0,1.0,1.0,-2.6,-0.0,1.4,-0.0,994.2,-3.0,89.1,1,N,N,N,N
78.5,-0.0,0.0,1.0,1.0,1.0,-0.0,1.4,-0.0,994.2,-0.9,89.1,1,N,N,N,N
78.6,-0.0,0.0,1.0,1.0,2.2,-0.0,1.4,-0.0,994.1,-0.3,89.1,1,N,N,N,N
78.7,-0.0,0.0,1.0,1.0,1.7,-0.0,1.4,-0.0,994.2,-0.7,89.1,1,N,N,N,N
78.8,-0.0,0.0,1.0,1.0,1.7,-0.0,1.4,-0.0,994.2,-0.7,89.1,1,N,N,N,N
78.9,-0.0,0.0,1.0,1.0,-4.2,-0.0,1.4,-0.0,994.3,-3.7,89.1,1,N,N,N,N
79.0,-0.0,0.0,1.0,1.0,0.0,-0.0,1.4,-0.0,994.2,-1.5,89.1,1,N,N,N,N
79.1,-0.0,0.0,1.0,1.0,-0.3,-0.0,1.4,-0.0,994.2,-1.9,89.1,1,N,N,N,N
79.2,-0.0,0.0,1.0,1.0,-0.4,-0.0,1.4,-0.0,994.2,-2.0,89.1,1,N,N,N,N
79.3,-0.0,0.0,1.0,1.0,1.1,-0.0,1.4,0.0,994.2,-1.2,89.1,1,N,N,N,N
79.4,-0.0,0.0,1.0,1.0,-0.0,-0.0,1.4,0.0,994.2,-1.7,89.1,1,N,N,N,N
79.5,-0.0,0.0,1.0,1.0,-1.6,-0.0,1.4,0.0,994.3,-2.5,89.1,1,N,N,N,N
79.6,-0.0,0.0,1.0,1.0,-3.7,-0.0,1.4,0.0,994.3,-3.6,89.1,1,N,N,N,N
79.7,-0.0,0.0,1.0,1.0,2.8,-0.0,1.4,0.0,994.2,-0.3,89.1,1,N,N,N,N
79.8,-0.0,0.0,1.0,1.0,-0.9,-0.0,1.4,0.0,994.3,-1.9,89.1,1,N,N,N,N
79.9,-0.0,0.0,1.0,1.0,-1.1,-0.0,1.4,0.0,994.3,-2.1,89.1,1,N,N,N,N
80.0,-0.0,0.0,1.0,1.0,0.3,-0.0,1.4,0.0,994.3,-1.4,89.1,1,N,N,N,N
80.1,-0.0,0.0,1.0,1.0,-0.4,-0.0,1.4,0.0,994.3,-1.8,89.1,1,N,N,N,N
80.2,-0.0,0.0,1.0,1.0,0.3,-0.0,1.4,0.0,994.3,-1.6,89.1,1,N,N,N,N
80.3,-0.0,0.0,1.0,1.0,0.5,-0.0,1.4,0.0,994.3,-1.4,89.1,1,N,N,N,N
80.4,-0.0,0.0,1.0,1.0,0.3,-0.0,1.4,0.0,994.3,-1.5,89.1,1,N,N,N,N
80.5,-0.0,0.0,1.0,1.0,4.3,-0.0,1.4,-0.0,994.2,0.6,89.1,1,N,N,N,N
80.6,-0.0,0.0,1.0,1.0,4.9,-0.0,1.4,-0.0,994.2,1.3,89.1,1,N,N,N,N
80.7,-0.0,0.0,1.0,1.0,2.3,-0.0,1.4,-0.0,994.2,0.2,89.1,1,N,N,N,N
80.8,-0.0,0.0,1.0,1.0,1.4,-0.0,1.4,-0.0,994.3,-0.1,89.1,1,N,N,N,N
80.9,-0.0,0.0,1.0,1.0,1.9,-0.0,1.4,-0.0,994.2,0.3,89.1,1,N,N,N,N
81.0,-0.0,0.0,1.0,1.0,2.1,-0.0,1.4,-0.0,994.2,0.4,89.1,1,N,N,N,N
81.1,-0.0,0.0,1.0,1.0,2.8,-0.0,1.4,-0.0,994.2,1.1,89.1,1,N,N,N,N
81.2,-0.0,0.0,1.0,1.0,2.8,-0.0,1.4,-0.0,994.2,1.2,89.1,1,N,N,N,N
81.3,-0.0,0.0,1.0,1.0,1.9,-0.0,1.4,-0.0,994.2,0.8,89.1,1,N,N,N,N
81.4,-0.0,0.0,1.0,1.0,0.3,-0.0,1.4,-0.0,994.3,-0.0,89.1,1,N,N,N,N
81.5,-0.0,0.0,1.0,1.0,-2.3,-0.0,1.4,-0.0,994.3,-1.2,89.1,1,N,N,N,N
81.6,-0.0,0.0,1.0,1.0,0.2,-0.0,1.4,-0.0,994.3,-0.0,89.1,1,N,N,N,N
81.7,-0.0,0.0,1.0,1.0,-3.3,-0.0,1.4,-0.0,994.3,-1.8,89.1,1,N,N,N,N
81.8,-0.0,0.0,1.0,1.0,-2.0,-0.0,1.4,-0.0,994.3,-1.5,89.1,1,N,N,N,N
81.9,-0.0,0.0,1.0,1.0,-0.0,-0.0,1.4,-0.0,994.3,-0.6,89.1,1,N,N,N,N
82.0,-0.0,0.0,1.0,1.0,-2.3,-0.0,1.4,-0.0,994.3,-1.8,89.2,1,N,N,N,N
82.1,-0.0,0.0,1.0,1.0,-1.8,-0.0,1.4,-0.0,994.3,-1.6,89.2,1,N,N,N,N
82.2,-0.0,0.0,1.0,1.0,-1.8,-0.0,1.4,0.0,994.3,-1.7,89.2,1,N,N,N,N
82.3,-0.0,0.0,1.0,1.0,-2.4,-0.0,1.4,0.0,994.4,-2.2,89.2,1,N,N,N,N
82.4,-0.0,0.0,1.0,1.0,1.6,-0.0,1.4,-0.0,994.3,-0.3,89.1,1,N,N,N,N
82.5,-0.0,0.0,1.0,1.0,-0.6,-0.0,1.4,-0.0,994.3,-1.3,89.2,1,N,N,N,N
82.6,-0.0,0.0,1.0,1.0,0.7,-0.0,1.4,-0.0,994.3,-1.0,89.2,1,N,N,N,N
82.7,-0.0,0.0,1.0,1.0,1.0,-0.0,1.4,0.0,994.3,-0.9,89.2,1,N,N,N,N
82.8,-0.0,0.0,1.0,1.0,-2.2,-0.0,1.4,0.0,994.4,-2.4,89.2,1,N,N,N,N
82.9,-0.0,0.0,1.0,1.0,1.8,-0.0,1.4,-0.0,994.3,-0.4,89.2,1,N,N,N,N
83.0,-0.0,0.0,1.0,1.0,2.2,-0.0,1.4,-0.0,994.3,0.0,89.2,1,N,N,N,N
83.1,-0.0,0.0,1.0,1.0,0.2,-0.0,1.4,0.0,994.3,-1.0,89.2,1,N,N,N,N
83.2,-0.0,0.0,1.0,1.0,1.3,-0.0,1.4,-0.0,994.3,-0.4,89.2,1,N,N,N,N
83.3,-0.0,0.0,1.0,1.0,-1.4,-0.0,1.4,-0.0,994.4,-1.6,89.2,1,N,N,N,N
83.4,-0.0,0.0,1.0,1.0,-0.3,-0.0,1.4,-0.0,994.4,-1.1,89.2,1,N,N,N,N
83.5,-0.0,0.0,1.0,1.0,-0.4,-0.0,1.4,-0.0,994.4,-1.5,89.2,1,N,N,N,N
83.6,-0.0,0.0,1.0,1.0,-0.8,-0.0,1.4,-0.0,994.4,-1.7,89.2,1,N,N,N,N
83.7,-0.0,0.0,1.0,1.0,1.6,-0.0,1.4,-0.0,994.4,-0.5,89.2,1,N,N,N,N
83.8,-0.0,0.0,1.0,1.0,-2.0,-0.0,1.4,-0.0,994.4,-2.5,89.2,1,N,N,N,N
83.9,-0.0,0.0,1.0,1.0,-2.4,-0.0,1.4,0.0,994.5,-2.8,89.2,1,N,N,N,N
84.0,-0.0,0.0,1.0,1.0,2.4,-0.0,1.4,0.0,994.4,-0.4,89.2,1,N,N,N,N
84.1,-0.0,0.0,1.0,1.0,0.2,-0.0,1.4,-0.0,994.4,-1.4,89.2,1,N,N,N,N
84.2,-0.0,0.0,1.0,1.0,0.7,-0.0,1.4,0.0,994.4,-0.9,89.2,1,N,N,N,N
84.3,-0.0,0.0,1.0,1.0,-2.1,-0.0,1.4,0.0,994.4,-2.2,89.2,1,N,N,N,N
84.4,-0.0,0.0,1.0,1.0,0.9,-0.0,1.4,0.0,994.4,-0.5,89.2,1,N,N,N,N
84.5,-0.0,0.0,1.0,1.0,-0.3,-0.0,1.4,0.0,994.4,-1.0,89.2,1,N,N,N,N
84.6,-0.0,0.0,1.0,1.0,0.8,-0.0,1.4,0.0,994.4,-0.3,89.2,1,N,N,N,N
84.7,-0.0,0.0,1.0,1.0,0.8,-0.0,1.4,0.0,994.4,-0.1,89.2,1,N,N,N,N
84.8,-0.0,0.0,1.0,1.0,1.2,-0.0,1.4,0.0,994.4,0.0,89.2,1,N,N,N,N
84.9,-0.0,0.0,1.0,1.0,1.7,-0.0,1.4,-0.0,994.4,0.5,89.2,1,N,N,N,N
85.0,-0.0,0.0,1.0,1.0,-0.3,-0.0,1.4,-0.0,994.4,-0.6,89.2,1,N,N,N,N
85.1,-0.0,0.0,1.0,1.0,1.3,-0.0,1.4,-0.0,994.4,0.3,89.2,1,N,N,N,N
85.2,-0.0,0.0,1.0,1.0,-0.1,-0.0,1.4,-0.0,994.4,-0.2,89.2,1,N,N,N,N
85.3,-0.0,0.0,1.0,1.0,0.6,-0.0,1.4,-0.0,994.4,0.2,89.2,1,N,N,N,N
85.4,-0.0,0.0,1.0,1.0,0.6,-0.0,1.4,0.0,994.3,0.5,89.1,1,N,N,N,N
85.5,-0.0,0.0,1.0,1.0,1.7,-0.0,1.4,0.0,994.3,1.3,89.2,1,N,N,N,N
85.6,-0.0,0.0,1.0,1.0,0.5,-0.0,1.4,0.0,994.3,0.7,89.1,1,N,N,N,N
85.7,-0.0,0.0,1.0,1.0,1.5,-0.0,1.4,0.0,994.3,1.2,89.1,1,N,N,N,N
85.8,-0.0,0.0,1.0,1.0,2.4,-0.0,1.4,0.0,994.3,2.0,89.1,1,N,N,N,N
85.9,-0.0,0.0,1.0,1.0,-1.5,-0.0,1.4,-0.0,994.3,0.1,89.1,1,N,N,N,N
86.0,-0.0,0.0,1.0,1.0,-2.6,-0.0,1.4,-0.0,994.4,-0.6,89.2,1,N,N,N,N
86.1,-0.0,0.0,1.0,1.0,-1.7,-0.0,1.4,-0.0,994.4,-0.3,89.2,1,N,N,N,N
86.2,-0.0,0.0,1.0,1.0,-4.4,-0.0,1.4,-0.0,994.4,-1.7,89.2,1,N,N,N,N
86.3,-0.0,0.0,1.0,1.0,-1.0,-0.0,1.4,-0.0,994.4,-0.1,89.2,1,N,N,N,N
86.4,-0.0,0.0,1.0,1.0,-2.6,-0.0,1.4,-0.0,994.4,-0.9,89.2,1,N,N,N,N
86.5,-0.0,0.0,1.0,1.0,-0.5,-0.0,1.4,-0.0,994.3,-0.0,89.2,1,N,N,N,N
86.6,-0.0,0.0,1.0,1.0,1.9,-0.0,1.4,-0.0,994.3,1.1,89.2,1,N,N,N,N
86.7,-0.0,0.0,1.0,1.0,-1.5,-0.0,1.4,-0.0,994.4,-0.6,89.2,1,N,N,N,N
86.8,-0.0,0.0,1.0,1.0,2.1,-0.0,1.4,0.0,994.3,1.1,89.2,1,N,N,N,N
86.9,-0.0,0.0,1.0,1.0,2.4,-0.0,1.4,0.0,994.3,1.4,89.2,1,N,N,N,N
87.0,-0.0,0.0,1.0,1.0,3.9,-0.0,1.4,0.0,994.3,2.1,89.2,1,N,N,N,N
87.1,-0.0,0.0,1.0,1.0,-0.1,-0.0,1.4,0.0,994.3,0.2,89.2,1,N,N,N,N
87.2,-0.0,0.0,1.0,1.0,-1.5,-0.0,1.4,0.0,994.4,-0.6,89.2,1,N,N,N,N
87.3,-0.0,0.0,1.0,1.0,-1.1,-0.0,1.4,-0.0,994.4,-0.5,89.2,1,N,N,N,N
87.4,-0.0,0.0,1.0,1.0,-0.2,-0.0,1.4,0.0,994.3,0.0,89.2,1,N,N,N,N
87.5,-0.0,0.0,1.0,1.0,-3.2,-0.0,1.4,-0.0,994.4,-1.6,89.2,1,N,N,N,N
87.6,-0.0,0.0,1.0,1.0,-1.4,-0.0,1.4,0.0,994.4,-0.7,89.2,1,N,N,N,N
87.7,-0.0,0.0,1.0,1.0,-0.5,-0.0,1.4,0.0,994.4,-0.5,89.2,1,N,N,N,N
87.8,-0.0,0.0,1.0,1.0,-1.1,-0.0,1.4,-0.0,994.4,-0.9,89.2,1,N,N,N,N
87.9,-0.0,0.0,1.0,1.0,3.5,-0.0,1.4,-0.0,994.3,1.4,89.2,1,N,N,N,N
88.0,-0.0,0.0,1.0,1.0,1.8,-0.0,1.4,-0.0,994.3,0.6,89.2,1,N,N,N,N
88.1,-0.0,0.0,1.0,1.0,7.9,-0.0,1.4,-0.0,994.2,3.6,89.1,1,N,N,N,N
88.2,-0.0,0.0,1.0,1.0,7.1,-0.0,1.4,-0.0,994.2,3.8,89.1,1,N,N,N,N
88.3,-0.0,0.0,1.0,1.0,2.9,-0.0,1.4,-0.0,994.3,2.1,89.1,1,N,N,N,N
88.4,-0.0,0.0,1.0,1.0,1.1,-0.0,1.4,0.0,994.3,1.4,89.1,1,N,N,N,N
88.6,-0.0,0.0,1.0,1.0,1.0,-0.0,1.4,0.0,994.3,1.7,89.1,1,N,N,N,N
88.7,-0.0,0.0,1.0,1.0,1.2,-0.0,1.4,0.0,994.2,1.7,89.1,1,N,N,N,N
88.8,-0.0,0.0,1.0,1.0,-1.3,-0.0,1.4,-0.0,994.3,0.5,89.1,1,N,N,N,N
88.9,-0.0,0.0,1.0,1.0,-0.4,-0.0,1.4,0.0,994.3,0.8,89.1,1,N,N,N,N
89.0,-0.0,0.0,1.0,1.0,-5.6,-0.0,1.4,0.0,994.4,-2.0,89.2,1,N,N,N,N
89.1,-0.0,0.0,1.0,1.0,-4.5,-0.0,1.4,0.0,994.4,-1.7,89.2,1,N,N,N,N
89.2,-0.0,0.0,1.0,1.0,-0.2,-0.0,1.4,-0.0,994.3,0.0,89.2,1,N,N,N,N
89.3,-0.0,0.0,1.0,1.0,-2.7,-0.0,1.4,-0.0,994.4,-1.4,89.2,1,N,N,N,N
89.4,-0.0,0.0,1.0,1.0,-1.0,-0.0,1.4,-0.0,994.4,-0.8,89.1,1,N,N,N,N
89.5,-0.0,0.0,1.0,1.0,-0.5,-0.0,1.4,-0.0,994.3,-0.4,89.2,1,N,N,N,N
89.6,-0.0,0.0,1.0,1.0,-1.3,-0.0,1.4,-0.0,994.4,-0.8,89.2,1,N,N,N,N
89.7,-0.0,0.0,1.0,1.0,-2.1,-0.0,1.4,-0.0,994.4,-1.3,89.2,1,N,N,N,N
89.8,-0.0,0.0,1.0,1.0,0.4,-0.0,1.4,-0.0,994.3,-0.1,89.2,1,N,N,N,N
89.9,-0.0,0.0,1.0,1.0,-0.7,-0.0,1.4,0.0,994.4,-0.7,89.2,1,N,N,N,N
90.0,-0.0,0.0,1.0,1.0,-0.2,-0.0,1.4,0.0,994.4,-0.5,89.2,1,N,N,N,N
90.1,-0.1,-0.0,1.0,1.0,-3.7,-0.8,1.6,-0.1,994.4,-2.5,89.2,1,N,N,N,N
90.2,0.0,0.0,1.0,1.0,-0.0,-2.2,0.5,-0.6,994.4,-0.6,89.2,1,N,N,N,N
90.3,0.1,-0.0,1.0,1.0,1.1,-4.1,-4.5,-1.3,994.3,-0.1,89.2,1,N,N,N,N
90.4,0.3,0.1,1.0,1.1,-0.5,-4.5,-14.6,2.3,994.4,-0.9,89.2,1,N,N,N,N
90.5,0.3,0.1,0.9,1.0,-5.1,-5.2,-19.2,3.2,994.5,-3.3,89.2,1,N,N,N,N
90.6,0.4,0.1,0.9,1.0,-2.2,-6.5,-24.8,5.4,994.4,-1.9,89.2,1,N,N,N,N
90.7,0.5,0.1,0.9,1.0,-2.1,-6.2,-29.6,7.0,994.4,-2.0,89.2,1,N,N,N,N
90.8,0.5,0.1,0.8,0.9,-1.0,-4.8,-35.1,8.5,994.4,-1.6,89.2,1,N,N,N,N
90.9,0.7,0.1,0.8,1.0,1.0,-4.9,-40.3,10.3,994.4,-0.7,89.2,1,N,N,N,N
91.0,0.8,0.1,0.8,1.1,-0.9,-5.3,-44.4,12.0,994.4,-1.6,89.2,1,N,N,N,N
91.1,0.8,0.1,0.6,1.0,2.2,-5.5,-49.9,13.7,994.4,-0.1,89.2,1,N,N,N,N
91.2,0.9,0.2,0.6,1.1,1.7,-6.4,-54.2,15.4,994.4,-0.1,89.2,1,N,N,N,N
91.3,0.9,0.1,0.5,1.0,2.4,-7.2,-57.8,16.2,994.4,0.3,89.2,1,N,N,N,N
91.4,0.9,0.2,0.5,1.1,2.4,-8.9,-62.0,17.9,994.4,0.8,89.2,1,N,N,N,N
91.5,0.9,0.2,0.4,1.0,2.7,-13.7,-66.2,22.5,994.4,0.9,89.2,1,N,N,N,N
91.6,0.9,0.1,0.3,1.0,4.4,-14.7,-69.5,22.4,994.3,2.1,89.2,1,N,N,N,N
91.7,0.9,0.1,0.3,1.0,1.2,-13.3,-72.0,19.5,994.4,0.5,89.2,1,N,N,N,N
91.8,0.9,0.1,0.3,1.0,0.0,-9.8,-74.0,14.2,994.4,0.2,89.2,1,N,N,N,N
91.9,1.0,0.1,0.3,1.0,-2.8,-8.5,-75.3,11.4,994.4,-1.4,89.2,1,N,N,N,N
92.0,1.0,0.0,0.2,1.0,-1.4,-6.3,-76.4,7.4,994.4,-1.0,89.2,1,N,N,N,N
92.1,1.0,0.0,0.3,1.0,-0.9,-4.1,-78.5,3.3,994.4,-0.9,89.2,1,N,N,N,N
92.2,1.0,-0.0,0.1,1.0,1.2,0.3,-81.7,-1.1,994.4,0.1,89.2,1,N,N,N,N
92.3,0.9,0.0,0.2,0.9,0.7,9.4,-83.5,-9.9,994.4,-0.1,89.2,1,N,N,N,N
92.4,1.0,-0.0,0.1,1.0,0.1,17.0,-85.4,-17.0,994.4,-0.3,89.2,1,N,N,N,N
92.5,1.0,-0.1,0.0,1.0,0.1,50.3,-86.9,-49.9,994.4,-0.4,89.2,1,N,N,N,N
92.6,1.0,-0.1,0.0,1.0,-1.0,66.0,-86.7,-66.1,994.4,-1.1,89.2,1,N,N,N,N
92.7,1.0,-0.0,0.0,1.0,1.2,63.4,-86.4,-64.2,994.4,-0.1,89.2,1,N,N,N,N
92.8,1.0,-0.1,0.0,1.0,-0.1,74.1,-86.2,-75.8,994.4,-0.9,89.2,1,N,N,N,N
92.9,1.0,-0.0,0.1,1.0,0.3,37.0,-85.5,-38.3,994.4,-0.5,89.2,1,N,N,N,N
93.0,1.0,-0.0,0.0,1.0,3.1,39.2,-86.3,-40.0,994.4,0.9,89.2,1,N,N,N,N
93.1,1.0,-0.0,0.0,1.0,1.6,39.6,-87.1,-41.1,994.4,0.3,89.2,1,N,N,N,N
93.2,1.0,-0.0,0.0,1.0,0.6,33.0,-87.1,-34.4,994.4,-0.1,89.2,1,N,N,N,N
93.3,1.0,0.0,0.0,1.0,-2.8,4.1,-87.0,-5.2,994.5,-1.7,89.2,1,N,N,N,N
93.4,1.0,0.0,0.1,1.0,0.8,-14.5,-84.6,14.0,994.4,0.0,89.2,1,N,N,N,N
93.5,1.0,0.0,0.2,1.0,0.4,-11.0,-81.7,9.5,994.4,-0.3,89.2,1,N,N,N,N
93.6,1.0,0.0,0.2,1.0,-2.9,-11.1,-77.6,9.1,994.5,-1.7,89.2,1,N,N,N,N
93.7,1.0,0.1,0.3,1.0,1.2,-11.3,-73.4,8.9,994.4,0.5,89.2,1,N,N,N,N
93.8,0.9,0.1,0.3,1.0,0.8,-10.4,-69.7,7.2,994.4,0.2,89.2,1,N,N,N,N
93.9,0.9,0.0,0.4,1.0,-2.7,-9.5,-66.4,5.7,994.5,-1.5,89.2,1,N,N,N,N
94.0,0.9,0.1,0.4,1.0,0.8,-9.8,-65.4,6.1,994.4,0.2,89.2,1,N,N,N,N
94.1,0.9,0.1,0.4,1.0,-0.5,-10.7,-64.8,7.1,994.4,-0.6,89.2,1,N,N,N,N
94.2,0.9,0.0,0.4,1.0,-3.7,-10.6,-63.0,6.8,994.5,-2.1,89.2,1,N,N,N,N
94.3,0.9,0.1,0.5,1.0,-4.1,-11.6,-63.3,8.1,994.5,-2.6,89.2,1,N,N,N,N
94.4,0.9,0.1,0.4,1.0,-2.7,-12.1,-64.5,8.7,994.5,-2.3,89.2,1,N,N,N,N
94.5,0.9,0.1,0.4,1.0,1.7,-12.1,-66.3,9.3,994.4,-0.1,89.2,1,N,N,N,N
94.6,0.9,0.1,0.4,1.0,-2.6,-11.6,-67.6,9.5,994.5,-2.3,89.2,1,N,N,N,N
94.7,1.0,0.1,0.4,1.1,-1.8,-10.4,-68.9,9.1,994.5,-2.1,89.2,1,N,N,N,N
94.8,0.9,0.1,0.4,1.0,-1.7,-10.4,-70.3,9.8,994.5,-2.2,89.2,1,N,N,N,N
94.9,0.9,0.1,0.3,1.0,-1.3,-10.7,-70.9,10.7,994.5,-2.2,89.3,1,N,N,N,N
95.0,1.0,0.1,0.3,1.0,-3.8,-10.6,-71.2,11.0,994.6,-3.7,89.3,1,N,N,N,N
95.1,0.9,0.0,0.3,1.0,-2.8,-9.3,-71.6,9.8,994.6,-3.5,89.3,1,N,N,N,N
95.2,0.9,0.0,0.3,1.0,-1.6,-8.5,-72.0,8.5,994.6,-3.0,89.3,1,N,N,N,N
95.3,0.9,0.0,0.3,1.0,-0.9,-5.9,-72.0,5.0,994.6,-2.8,89.3,1,N,N,N,N
95.4,0.9,-0.0,0.3,1.0,-0.9,0.5,-71.6,-1.3,994.6,-3.0,89.3,1,N,N,N,N
95.5,1.0,-0.0,0.3,1.0,-1.0,3.3,-71.2,-4.4,994.6,-3.1,89.3,1,N,N,N,N
95.6,1.0,-0.0,0.4,1.0,-3.4,4.4,-69.3,-5.5,994.7,-4.4,89.3,1,N,N,N,N
95.7,0.9,-0.0,0.4,1.0,-0.4,4.1,-70.6,-3.9,994.7,-3.0,89.3,1,N,N,N,N
95.8,0.9,0.0,0.3,1.0,-2.7,2.0,-72.8,1.1,994.7,-4.2,89.3,1,N,N,N,N
95.9,1.0,0.0,0.3,1.0,2.7,0.4,-74.1,3.0,994.6,-1.7,89.3,1,N,N,N,N
96.0,1.0,0.0,0.3,1.0,-2.8,0.9,-74.5,2.0,994.7,-4.3,89.3,1,N,N,N,N
96.1,1.0,0.0,0.3,1.0,3.9,1.8,-74.3,0.7,994.6,-0.7,89.3,1,N,N,N,N
96.2,0.9,0.0,0.3,1.0,-1.1,1.6,-73.8,0.4,994.7,-3.1,89.3,1,N,N,N,N
96.3,0.9,-0.0,0.3,1.0,2.6,0.6,-73.2,1.4,994.7,-1.2,89.3,1,N,N,N,N
96.4,0.9,0.0,0.3,1.0,4.0,-0.1,-72.9,2.8,994.6,-0.6,89.3,1,N,N,N,N
96.5,0.9,0.0,0.3,1.0,2.5,-0.4,-72.4,3.0,994.7,-1.4,89.3,1,N,N,N,N
96.6,1.1,0.0,0.3,1.1,1.4,-0.5,-72.2,2.6,994.7,-1.7,89.3,1,N,N,N,N
96.7,1.0,0.0,0.3,1.0,1.8,-0.2,-73.3,2.3,994.7,-1.3,89.3,1,N,N,N,N
96.8,1.0,-0.0,0.2,1.0,2.7,1.2,-73.2,-1.1,994.7,-0.7,89.3,1,N,N,N,N
96.9,0.9,-0.0,0.3,1.0,4.1,6.5,-72.8,-7.6,994.6,0.4,89.3,1,N,N,N,N
97.0,0.8,-0.0,0.3,0.9,-0.7,7.8,-71.4,-9.3,994.7,-1.7,89.3,1,N,N,N,N
97.1,1.0,-0.1,0.3,1.1,0.7,8.3,-71.7,-10.5,994.7,-0.9,89.3,1,N,N,N,N
97.2,1.0,-0.1,0.3,1.0,3.7,9.2,-72.7,-11.0,994.6,0.7,89.3,1,N,N,N,N
97.3,1.0,-0.1,0.3,1.0,-0.1,11.6,-74.0,-13.6,994.7,-1.4,89.3,1,N,N,N,N
97.4,0.9,-0.1,0.3,1.0,-1.5,17.4,-76.2,-19.5,994.7,-2.1,89.3,1,N,N,N,N
97.5,1.0,-0.1,0.2,1.0,0.9,29.7,-77.1,-32.3,994.7,-1.1,89.3,1,N,N,N,N
97.6,1.0,-0.1,0.1,1.0,-3.4,35.3,-77.3,-39.3,994.8,-3.2,89.3,1,N,N,N,N
97.7,1.0,-0.2,0.1,1.0,-1.3,39.5,-77.8,-44.4,994.8,-2.1,89.3,1,N,N,N,N
97.8,1.0,-0.1,0.1,1.0,-4.5,48.4,-80.3,-53.6,994.8,-3.8,89.3,1,N,N,N,N
97.9,1.0,-0.1,0.1,1.0,-0.6,59.5,-81.5,-64.8,994.8,-2.0,89.3,1,N,N,N,N
98.0,1.0,-0.2,0.0,1.0,-0.9,86.9,-79.3,-92.1,994.8,-2.2,89.3,1,N,N,N,N
98.1,1.0,-0.2,-0.1,1.0,-0.2,102.9,-76.7,-108.6,994.8,-1.9,89.3,1,N,N,N,N
98.2,1.0,-0.2,-0.2,1.0,1.3,115.0,-73.1,-120.7,994.8,-1.3,89.3,1,N,N,N,N
98.3,1.0,-0.3,-0.2,1.0,-0.7,122.4,-70.9,-127.9,994.8,-2.3,89.3,1,N,N,N,N
98.4,0.9,-0.3,-0.3,1.0,-0.6,129.6,-67.5,-133.1,994.8,-2.3,89.4,1,N,N,N,N
98.5,0.9,-0.3,-0.3,1.0,-3.0,134.8,-63.2,-136.9,994.9,-3.6,89.4,1,N,N,N,N
98.6,0.8,-0.3,-0.3,0.9,0.4,137.2,-59.6,-137.8,994.8,-1.8,89.4,1,N,N,N,N
98.7,0.8,-0.4,-0.4,1.0,-2.1,140.2,-55.0,-138.2,994.9,-3.2,89.4,1,N,N,N,N
98.8,0.8,-0.4,-0.5,1.0,-2.3,142.7,-51.0,-139.2,994.9,-3.3,89.4,1,N,N,N,N
98.9,0.7,-0.5,-0.5,1.0,-2.9,144.7,-46.2,-139.3,994.9,-3.6,89.4,1,N,N,N,N
99.0,0.7,-0.5,-0.6,1.0,-6.2,145.9,-42.1,-138.7,995.0,-5.5,89.4,1,N,N,N,N
99.1,0.6,-0.5,-0.6,1.0,-2.9,147.1,-38.5,-138.0,995.0,-4.3,89.4,1,N,N,N,N
99.2,0.5,-0.6,-0.7,1.0,-4.7,148.5,-36.2,-138.0,995.0,-5.5,89.4,1,N,N,N,N
99.3,0.5,-0.6,-0.7,1.0,-1.2,148.0,-35.5,-137.2,995.0,-4.1,89.4,1,N,N,N,N
99.4,0.6,-0.6,-0.6,1.0,-3.2,145.0,-38.5,-135.5,995.1,-5.2,89.4,1,N,N,N,N
99.5,0.7,-0.5,-0.5,1.0,-0.1,139.0,-44.9,-131.8,995.0,-3.9,89.4,1,N,N,N,N
99.6,0.8,-0.5,-0.4,1.0,-2.6,131.1,-51.9,-126.0,995.1,-5.4,89.5,1,N,N,N,N
99.7,0.8,-0.5,-0.3,1.0,-1.9,120.8,-57.6,-118.0,995.1,-5.2,89.5,1,N,N,N,N
99.8,0.9,-0.5,-0.1,1.0,-1.9,109.2,-61.3,-107.5,995.1,-5.3,89.5,1,N,N,N,N
99.9,0.9,-0.4,-0.0,1.0,-0.0,96.6,-63.7,-95.2,995.1,-4.3,89.5,1,N,N,N,N
100.0,0.9,-0.4,0.0,1.0,1.7,85.3,-64.6,-84.1,995.1,-3.1,89.5,1,N,N,N,N
100.1,0.9,-0.4,0.2,1.0,-2.3,75.4,-65.0,-74.7,995.2,-5.2,89.5,1,N,N,N,N
100.2,0.9,-0.4,0.2,1.0,3.6,63.1,-64.8,-63.9,995.1,-1.9,89.5,1,N,N,N,N
100.3,0.9,-0.4,0.3,1.0,2.8,50.3,-63.1,-53.2,995.1,-2.2,89.5,1,N,N,N,N
100.4,0.9,-0.3,0.4,1.0,3.2,40.8,-60.8,-45.6,995.1,-1.7,89.5,1,N,N,N,N
100.5,0.9,-0.3,0.4,1.0,3.0,31.7,-57.5,-38.4,995.1,-1.6,89.5,1,N,N,N,N
100.6,0.8,-0.3,0.5,1.0,4.2,24.4,-54.0,-33.1,995.1,-0.9,89.5,1,N,N,N,N
100.7,0.8,-0.3,0.6,1.0,3.8,19.7,-50.6,-30.5,995.1,-0.9,89.5,1,N,N,N,N
100.8,0.7,-0.3,0.6,0.9,5.2,14.4,-45.9,-27.2,995.0,0.1,89.5,1,N,N,N,N
100.9,0.7,-0.3,0.7,1.0,3.2,11.1,-41.5,-26.1,995.1,-0.4,89.5,1,N,N,N,N
101.0,0.6,-0.3,0.7,1.0,3.5,8.5,-37.1,-24.8,995.0,0.0,89.4,1,N,N,N,N
101.1,0.5,-0.4,0.8,1.0,2.9,4.9,-29.7,-25.0,995.0,0.1,89.4,1,N,N,N,N
101.2,0.5,-0.4,0.8,1.0,5.7,2.7,-25.1,-24.2,995.0,1.8,89.4,1,N,N,N,N
101.3,0.3,-0.3,0.9,1.0,3.0,0.2,-20.3,-21.3,995.0,0.8,89.4,1,N,N,N,N
101.4,0.3,-0.3,0.9,1.0,0.5,-1.4,-15.8,-18.9,995.0,-0.2,89.4,1,N,N,N,N
101.5,0.3,-0.3,1.0,1.1,1.3,-2.1,-11.5,-18.0,995.0,0.3,89.4,1,N,N,N,N
101.6,0.2,-0.3,1.0,1.1,-1.0,-2.0,-11.1,-15.1,995.1,-0.8,89.4,1,N,N,N,N
101.7,0.1,-0.2,1.0,1.0,-1.2,-3.8,-8.4,-10.8,995.1,-0.7,89.4,1,N,N,N,N
101.8,0.1,-0.1,1.0,1.0,-3.3,-5.2,-5.7,-7.7,995.1,-1.7,89.4,1,N,N,N,N
101.9,0.1,-0.1,1.0,1.0,-3.4,-6.3,-2.5,-6.9,995.1,-2.1,89.5,1,N,N,N,N
102.0,0.0,-0.1,1.0,1.0,-2.7,-7.0,-0.2,-6.4,995.1,-2.0,89.5,1,N,N,N,N
102.1,-0.0,-0.1,1.0,1.0,-4.8,-7.9,2.5,-4.9,995.2,-3.2,89.5,1,N,N,N,N
102.2,-0.0,-0.0,0.9,0.9,-0.1,-7.8,3.6,-3.9,995.1,-0.9,89.5,1,N,N,N,N
102.3,-0.1,-0.2,0.9,0.9,2.4,-8.1,0.0,-1.3,995.1,0.0,89.5,1,N,N,N,N
102.4,-0.1,-0.0,1.0,1.0,1.3,-9.5,0.3,-1.3,995.1,-0.7,89.5,1,N,N,N,N
102.5,-0.0,-0.0,1.0,1.0,-0.2,-10.9,0.7,-1.2,995.1,-1.5,89.5,1,N,N,N,N
102.6,0.0,-0.0,1.0,1.0,-0.6,-12.2,0.8,-1.0,995.1,-1.8,89.5,1,N,N,N,N
102.7,-0.0,-0.0,1.0,1.0,0.1,-12.7,1.0,-0.9,995.1,-1.3,89.5,1,N,N,N,N
102.8,-0.0,-0.0,1.0,1.0,0.7,-12.7,1.1,-0.9,995.1,-1.0,89.5,1,N,N,N,N
102.9,-0.0,-0.0,1.0,1.0,-0.2,-12.6,1.1,-0.9,995.1,-1.5,89.5,1,N,N,N,N
103.0,-0.0,-0.0,1.0,1.0,0.5,-12.6,1.1,-0.8,995.1,-1.0,89.5,1,N,N,N,N
103.1,-0.0,-0.0,1.0,1.0,2.8,-12.6,1.1,-0.8,995.1,0.3,89.5,1,N,N,N,N
103.2,-0.0,-0.0,1.0,1.0,0.5,-12.6,1.1,-0.8,995.1,-0.9,89.5,1,N,N,N,N
103.3,-0.0,-0.0,1.0,1.0,1.0,-12.6,1.1,-0.8,995.1,-0.5,89.5,1,N,N,N,N
103.4,-0.0,-0.0,1.0,1.0,0.7,-12.6,1.1,-0.8,995.1,-0.4,89.5,1,N,N,N,N
103.5,-0.0,-0.0,1.0,1.0,0.9,-12.6,1.1,-0.8,995.1,-0.5,89.5,1,N,N,N,N
103.6,-0.0,-0.0,1.0,1.0,-2.1,-12.6,1.1,-0.8,995.2,-2.1,89.5,1,N,N,N,N
103.7,-0.0,-0.0,1.0,1.0,2.8,-12.6,1.0,-0.8,995.1,0.4,89.5,1,N,N,N,N
103.8,-0.0,-0.0,1.0,1.0,1.4,-12.6,1.0,-0.8,995.1,-0.3,89.5,1,N,N,N,N
103.9,-0.0,-0.0,1.0,1.0,-0.3,-12.6,1.0,-0.8,995.2,-1.3,89.5,1,N,N,N,N
104.0,-0.0,-0.0,1.0,1.0,-3.3,-12.6,1.0,-0.8,995.2,-2.6,89.5,1,N,N,N,N
104.1,-0.0,-0.0,1.0,1.0,-2.7,-12.7,1.0,-0.8,995.2,-2.3,89.5,1,N,N,N,N
104.2,-0.0,-0.0,1.0,1.0,-2.8,-12.7,1.0,-0.8,995.2,-2.4,89.5,1,N,N,N,N
104.3,-0.0,-0.0,1.0,1.0,-0.6,-12.6,1.0,-0.8,995.2,-1.4,89.5,1,N,N,N,N
104.4,-0.0,-0.0,1.0,1.0,1.9,-12.6,1.0,-0.8,995.2,-0.3,89.5,1,N,N,N,N
104.5,-0.0,-0.0,1.0,1.0,1.1,-12.6,1.0,-0.8,995.2,-0.7,89.5,1,N,N,N,N
104.6,-0.0,-0.0,1.0,1.0,-2.0,-12.6,0.9,-0.8,995.2,-2.2,89.5,1,N,N,N,N
104.7,-0.0,-0.0,1.0,1.0,-3.7,-12.6,0.9,-0.8,995.3,-3.1,89.5,1,N,N,N,N
104.8,-0.0,-0.0,1.0,1.0,-2.4,-12.6,0.9,-0.8,995.3,-2.5,89.5,1,N,N,N,N
104.9,-0.0,-0.0,1.0,1.0,-0.0,-12.6,0.9,-0.8,995.2,-1.2,89.5,1,N,N,N,N
105.0,-0.0,-0.0,1.0,1.0,-0.4,-12.6,0.9,-0.8,995.2,-1.5,89.5,1,N,N,N,N
105.1,-0.0,-0.0,1.0,1.0,1.3,-12.6,0.9,-0.8,995.2,-0.8,89.5,1,N,N,N,N
105.2,-0.0,-0.0,1.0,1.0,0.6,-12.6,0.9,-0.8,995.2,-1.1,89.5,1,N,N,N,N
105.3,-0.0,-0.0,1.0,1.0,0.4,-12.6,0.9,-0.8,995.2,-1.4,89.5,1,N,N,N,N
105.4,-0.0,-0.0,1.0,1.0,-1.0,-12.6,0.9,-0.8,995.3,-2.0,89.5,1,N,N,N,N
105.5,-0.0,-0.0,1.0,1.0,2.5,-12.6,0.9,-0.8,995.2,-0.6,89.5,1,N,N,N,N
105.6,-0.0,-0.0,1.0,1.0,2.3,-12.6,0.9,-0.8,995.2,-0.6,89.5,1,N,N,N,N
105.7,-0.0,-0.0,1.0,1.0,3.8,-12.6,0.9,-0.8,995.2,0.3,89.5,1,N,N,N,N
105.8,-0.0,-0.0,1.0,1.0,2.2,-12.6,0.9,-0.7,995.2,-0.2,89.5,1,N,N,N,N
105.9,-0.0,-0.0,1.0,1.0,0.6,-12.7,0.7,-0.8,995.2,-0.6,89.5,1,N,N,N,N
106.0,-0.0,-0.0,1.0,1.0,3.3,-13.0,1.4,-0.4,995.2,0.7,89.5,1,N,N,N,N
106.1,-0.0,0.1,1.1,1.1,0.4,-12.1,0.4,-1.0,995.3,-0.6,89.5,1,N,N,N,N
106.2,-0.0,0.0,1.0,1.0,-2.3,-10.5,0.9,-0.9,995.3,-1.9,89.5,1,N,N,N,N
106.3,-0.1,-0.0,1.0,1.0,1.8,-5.6,2.0,-0.1,995.2,0.2,89.5,1,N,N,N,N
106.4,0.0,-0.2,1.0,1.0,-0.9,-4.5,1.7,-0.4,995.3,-1.0,89.5,1,N,N,N,N
106.5,-0.0,-0.0,1.0,1.0,-4.2,-4.9,1.2,-0.6,995.3,-2.7,89.5,1,N,N,N,N
106.6,-0.0,-0.0,1.0,1.0,-0.4,-5.0,1.3,-0.6,995.3,-0.6,89.5,1,N,N,N,N
106.7,-0.0,-0.0,1.0,1.0,1.5,-5.1,1.1,-0.6,995.2,0.3,89.5,1,N,N,N,N
106.8,-0.0,-0.0,1.0,1.0,2.4,-4.9,0.7,-0.9,995.2,1.0,89.5,1,N,N,N,N
106.9,-0.0,0.0,1.0,1.0,-0.4,-4.5,-0.2,-1.1,995.2,0.2,89.5,1,N,N,N,N
107.0,0.1,0.0,1.2,1.2,0.1,-4.3,-5.5,-1.0,995.2,0.5,89.5,1,N,N,N,N
107.1,0.1,-0.0,1.0,1.0,2.9,-4.3,-5.2,-1.2,995.1,2.1,89.5,1,N,N,N,N
107.2,0.1,-0.0,1.0,1.0,1.4,-4.3,-5.3,-1.2,995.1,1.7,89.5,1,N,N,N,N
107.3,0.1,-0.0,1.0,1.0,0.0,-4.3,-5.3,-1.3,995.2,1.1,89.5,1,N,N,N,N
107.4,0.1,-0.0,1.0,1.0,2.4,-4.2,-5.4,-1.3,995.1,2.5,89.5,1,N,N,N,N
107.5,0.1,-0.0,1.0,1.0,-1.3,-4.2,-5.3,-1.3,995.2,0.9,89.5,1,N,N,N,N
107.6,0.1,-0.0,1.0,1.0,-1.6,-4.2,-5.3,-1.3,995.1,1.1,89.5,1,N,N,N,N
107.7,0.1,-0.0,1.0,1.0,-3.8,-4.2,-5.2,-1.3,995.2,-0.1,89.5,1,N,N,N,N
107.8,0.1,-0.0,1.0,1.0,2.2,-4.2,-5.2,-1.3,995.1,2.8,89.5,1,N,N,N,N
107.9,0.1,-0.0,1.0,1.0,-3.3,-4.2,-5.2,-1.3,995.2,0.1,89.5,1,N,N,N,N
108.0,0.2,-0.0,1.0,1.0,0.5,-3.9,-5.2,-1.3,995.1,1.9,89.5,1,N,N,N,N
108.1,0.1,-0.1,1.0,1.0,-1.3,-4.1,-4.9,-1.4,995.1,1.0,89.5,1,N,N,N,N
108.2,0.0,-0.2,1.0,1.0,-0.9,-7.3,-4.1,-1.6,995.1,1.0,89.5,1,N,N,N,N
108.3,0.1,0.0,1.0,1.0,0.7,-15.1,-4.2,-1.5,995.1,1.7,89.5,1,N,N,N,N
108.4,0.1,-0.0,1.0,1.0,-1.6,-16.6,-4.6,-1.3,995.1,0.4,89.5,1,N,N,N,N
108.5,0.1,0.0,1.0,1.0,1.2,-16.5,-5.7,-0.3,995.1,1.5,89.5,1,N,N,N,N
108.6,0.0,0.0,1.1,1.1,1.8,-14.6,-5.5,-1.3,995.1,1.8,89.5,1,N,N,N,N
108.7,0.1,-0.0,1.0,1.0,-2.5,-13.1,-5.3,-1.6,995.2,-0.5,89.5,1,N,N,N,N
108.8,0.1,-0.0,1.0,1.0,2.2,-12.5,-5.3,-1.6,995.1,1.8,89.5,1,N,N,N,N
108.9,0.1,-0.0,1.0,1.0,1.1,-12.5,-5.3,-1.6,995.1,1.3,89.5,1,N,N,N,N
109.0,0.1,-0.0,1.0,1.0,2.5,-11.9,-5.3,-1.6,995.0,2.2,89.5,1,N,N,N,N
109.1,0.1,-0.0,1.0,1.0,0.6,-11.8,-5.3,-1.6,995.1,1.3,89.5,1,N,N,N,N
109.3,0.1,-0.0,1.0,1.0,0.4,-11.8,-5.2,-1.6,995.1,1.4,89.5,1,N,N,N,N
109.4,0.1,-0.0,1.0,1.0,2.4,-11.8,-5.2,-1.6,995.0,2.5,89.5,1,N,N,N,N
109.5,0.1,-0.1,1.1,1.1,1.9,-10.0,-5.2,-1.7,995.0,2.1,89.5,1,N,N,N,N
109.6,0.1,0.0,1.0,1.0,-1.3,-15.0,-4.6,-1.8,995.1,0.5,89.5,1,N,N,N,N
109.7,0.1,-0.0,1.0,1.0,-1.4,-17.5,-3.9,-1.9,995.1,0.4,89.5,1,N,N,N,N
109.8,0.1,-0.0,1.0,1.0,-2.3,-17.6,-3.7,-1.9,995.1,-0.1,89.5,1,N,N,N,N
109.9,0.1,-0.0,1.0,1.0,-5.2,-17.6,-3.9,-1.9,995.2,-1.9,89.5,1,N,N,N,N
110.0,0.1,-0.0,1.0,1.0,-1.5,-17.7,-4.2,-1.9,995.1,-0.1,89.5,1,N,N,N,N
110.1,0.1,-0.0,1.0,1.0,-2.0,-17.6,-4.3,-1.9,995.1,-0.7,89.5,1,N,N,N,N
110.2,0.1,-0.0,1.0,1.0,-1.9,-17.7,-4.4,-1.9,995.2,-1.0,89.5,1,N,N,N,N
110.3,0.1,-0.0,1.0,1.0,1.1,-17.5,-4.4,-1.8,995.1,0.4,89.5,1,N,N,N,N
110.4,0.1,-0.0,1.0,1.0,0.7,-17.5,-4.8,-1.8,995.1,0.0,89.5,1,N,N,N,N
110.5,0.1,-0.0,1.0,1.0,0.0,-17.5,-5.2,-1.7,995.1,-0.3,89.5,1,N,N,N,N
110.6,0.1,-0.0,1.0,1.0,0.8,-17.6,-5.3,-1.7,995.1,0.0,89.5,1,N,N,N,N
110.7,0.1,-0.0,1.0,1.0,2.1,-17.6,-5.4,-1.7,995.1,0.9,89.5,1,N,N,N,N
110.8,0.1,-0.0,1.0,1.0,-1.0,-17.6,-5.4,-1.8,995.1,-0.6,89.5,1,N,N,N,N
110.9,0.1,-0.0,1.0,1.0,-0.4,-17.6,-5.4,-1.8,995.1,-0.3,89.5,1,N,N,N,N
111.0,0.1,-0.0,1.0,1.0,0.5,-17.6,-5.4,-1.8,995.1,0.2,89.5,1,N,N,N,N
111.1,0.1,-0.0,1.0,1.0,0.4,-17.7,-5.5,-1.8,995.1,0.1,89.5,1,N,N,N,N
111.2,0.1,-0.0,1.0,1.0,-2.5,-17.7,-5.5,-1.8,995.2,-1.1,89.5,1,N,N,N,N
111.3,0.1,-0.0,1.0,1.0,2.9,-17.7,-5.5,-1.8,995.1,1.6,89.5,1,N,N,N,N
111.4,0.1,-0.0,1.0,1.0,-0.9,-17.7,-5.5,-1.8,995.1,-0.2,89.5,1,N,N,N,N
111.5,0.1,-0.0,1.0,1.0,1.4,-17.7,-5.5,-1.8,995.1,0.8,89.5,1,N,N,N,N
111.6,0.1,-0.0,1.0,1.0,-2.4,-17.7,-5.5,-1.8,995.2,-1.0,89.5,1,N,N,N,N
111.7,0.1,-0.0,1.0,1.0,-2.4,-17.7,-5.5,-1.8,995.2,-1.0,89.5,1,N,N,N,N
111.8,0.1,-0.0,1.0,1.0,-0.2,-17.7,-5.4,-1.8,995.1,-0.1,89.5,1,N,N,N,N
111.9,0.1,-0.0,1.0,1.0,1.0,-17.7,-5.4,-1.7,995.1,0.6,89.5,1,N,N,N,N
112.0,0.1,-0.0,1.0,1.0,-0.7,-17.7,-5.4,-1.7,995.1,-0.2,89.5,1,N,N,N,N
112.1,0.1,-0.0,1.0,1.0,-1.7,-17.7,-5.4,-1.7,995.2,-0.8,89.5,1,N,N,N,N
112.2,0.1,-0.0,1.0,1.0,-1.6,-17.7,-5.4,-1.7,995.1,-0.6,89.5,1,N,N,N,N
112.3,0.1,-0.0,1.0,1.0,0.8,-17.7,-5.4,-1.7,995.1,0.6,89.5,1,N,N,N,N
112.4,0.1,-0.0,1.0,1.0,1.0,-17.7,-5.4,-1.7,995.1,0.9,89.5,1,N,N,N,N
112.5,0.1,-0.0,1.0,1.0,2.8,-17.7,-5.4,-1.7,995.1,1.8,89.5,1,N,N,N,N
112.6,0.1,-0.0,1.0,1.0,-2.5,-17.7,-5.4,-1.7,995.1,-0.8,89.5,1,N,N,N,N
112.7,0.1,-0.0,1.0,1.0,-0.6,-17.7,-5.4,-1.7,995.1,0.1,89.5,1,N,N,N,N
112.8,0.1,-0.0,1.0,1.0,-2.2,-17.7,-5.4,-1.7,995.1,-0.6,89.5,1,N,N,N,N
112.9,0.1,-0.0,1.0,1.0,-0.3,-17.7,-5.4,-1.7,995.1,0.4,89.5,1,N,N,N,N
113.0,0.1,-0.0,1.0,1.0,0.2,-17.7,-5.4,-1.7,995.1,0.8,89.5,1,N,N,N,N
113.1,0.1,-0.0,1.0,1.0,-2.0,-17.7,-5.4,-1.7,995.1,-0.2,89.5,1,N,N,N,N
113.2,0.1,-0.0,1.0,1.0,-0.9,-17.7,-5.4,-1.7,995.1,0.4,89.5,1,N,N,N,N
113.3,0.1,-0.0,1.0,1.0,-2.0,-17.7,-5.4,-1.7,995.1,-0.3,89.5,1,N,N,N,N
113.4,0.1,-0.0,1.0,1.0,-2.2,-17.7,-5.4,-1.7,995.1,-0.5,89.5,1,N,N,N,N
113.5,0.1,-0.0,1.0,1.0,3.1,-17.7,-5.4,-1.7,995.0,1.9,89.5,1,N,N,N,N
113.6,0.1,-0.0,1.0,1.0,0.2,-17.7,-5.4,-1.7,995.1,0.4,89.5,1,N,N,N,N
113.7,0.1,-0.0,1.0,1.0,-0.8,-17.7,-5.4,-1.7,995.1,0.1,89.5,1,N,N,N,N
113.8,0.1,-0.0,1.0,1.0,-0.3,-17.7,-5.3,-1.7,995.1,0.3,89.5,1,N,N,N,N
113.9,0.1,-0.0,1.0,1.0,-0.5,-17.7,-5.3,-1.7,995.1,0.3,89.5,1,N,N,N,N
114.0,0.1,-0.0,1.0,1.0,-0.5,-17.7,-5.3,-1.7,995.1,-0.1,89.5,1,N,N,N,N
114.1,0.1,-0.0,1.0,1.0,-2.0,-17.7,-5.3,-1.7,995.1,-0.9,89.5,1,N,N,N,N
114.2,0.1,-0.0,1.0,1.0,-0.2,-17.7,-5.3,-1.7,995.1,-0.1,89.5,1,N,N,N,N
114.3,0.1,-0.0,1.0,1.0,-0.4,-17.7,-5.3,-1.7,995.1,-0.0,89.5,1,N,N,N,N
114.4,0.1,-0.0,1.0,1.0,1.9,-17.7,-5.4,-1.7,995.1,1.1,89.5,1,N,N,N,N
114.5,0.1,-0.0,1.0,1.0,-0.3,-17.7,-5.4,-1.7,995.1,-0.1,89.5,1,N,N,N,N
114.6,0.1,-0.0,1.0,1.0,1.4,-17.7,-5.4,-1.7,995.1,0.9,89.5,1,N,N,N,N
114.7,0.1,-0.0,1.0,1.0,-1.2,-17.7,-5.3,-1.7,995.1,-0.1,89.5,1,N,N,N,N
114.8,0.1,-0.0,1.0,1.0,0.0,-17.7,-5.4,-1.7,995.1,0.3,89.4,1,N,N,N,N
114.9,0.1,-0.0,1.0,1.0,3.2,-17.7,-5.4,-1.7,995.0,2.0,89.4,1,N,N,N,N
115.0,0.1,-0.0,1.0,1.0,0.1,-17.7,-5.5,-1.6,995.0,0.7,89.4,1,N,N,N,N
115.1,0.1,-0.0,1.0,1.0,3.0,-17.7,-5.5,-1.6,995.0,2.3,89.4,1,N,N,N,N
115.2,0.1,-0.0,1.0,1.0,4.0,-17.7,-5.4,-1.6,995.0,2.9,89.4,1,N,N,N,N
115.3,0.1,-0.0,1.0,1.0,0.2,-17.7,-5.5,-1.6,995.0,1.1,89.4,1,N,N,N,N
115.4,0.1,-0.0,1.0,1.0,0.3,-17.7,-5.4,-1.6,995.0,1.3,89.4,1,N,N,N,N
115.5,0.1,-0.0,1.0,1.0,-1.3,-17.7,-5.4,-1.6,995.0,0.4,89.4,1,N,N,N,N
115.6,0.1,-0.0,1.0,1.0,-2.7,-17.7,-5.4,-1.6,995.1,-0.5,89.4,1,N,N,N,N
115.7,0.1,-0.0,1.0,1.0,-1.6,-17.7,-5.4,-1.6,995.1,-0.1,89.4,1,N,N,N,N
115.8,0.1,-0.0,1.0,1.0,-3.8,-17.7,-5.4,-1.6,995.1,-1.2,89.4,1,N,N,N,N
115.9,0.1,-0.0,1.0,1.0,-2.1,-17.7,-5.4,-1.6,995.1,-0.6,89.4,1,N,N,N,N
116.0,0.1,-0.0,1.0,1.0,-2.6,-17.7,-5.4,-1.6,995.1,-0.8,89.4,1,N,N,N,N
116.1,0.1,-0.0,1.0,1.0,-3.8,-17.7,-5.4,-1.6,995.1,-1.6,89.4,1,N,N,N,N
116.2,0.1,-0.0,1.0,1.0,0.3,-17.7,-5.4,-1.6,995.0,0.5,89.4,1,N,N,N,N
116.3,0.1,-0.0,1.0,1.0,-1.0,-17.7,-5.4,-1.6,995.1,-0.2,89.4,1,N,N,N,N
116.4,0.1,-0.0,1.0,1.0,-2.7,-17.7,-5.4,-1.6,995.1,-1.2,89.4,1,N,N,N,N
116.5,0.1,-0.0,1.0,1.0,-1.6,-17.7,-5.4,-1.6,995.1,-0.6,89.4,1,N,N,N,N
116.6,0.1,-0.0,1.0,1.0,1.7,-17.7,-5.4,-1.6,995.0,1.3,89.4,1,N,N,N,N
116.7,0.1,-0.0,1.0,1.0,1.1,-17.7,-5.4,-1.6,995.0,1.2,89.4,1,N,N,N,N
116.8,0.1,-0.0,1.0,1.0,-1.0,-17.7,-5.4,-1.6,995.0,0.1,89.4,1,N,N,N,N
116.9,0.1,-0.0,1.0,1.0,2.0,-17.7,-5.4,-1.6,995.0,1.8,89.4,1,N,N,N,N
117.0,0.1,-0.0,1.0,1.0,-1.1,-17.7,-5.4,-1.6,995.0,0.2,89.4,1,N,N,N,N
117.1,0.1,-0.0,1.0,1.0,0.4,-17.7,-5.4,-1.6,995.0,0.9,89.4,1,N,N,N,N
117.2,0.1,-0.0,1.0,1.0,-1.5,-17.7,-5.4,-1.6,995.0,-0.2,89.4,1,N,N,N,N
117.3,0.1,-0.0,1.0,1.0,-0.5,-17.7,-5.4,-1.6,995.0,0.2,89.4,1,N,N,N,N
117.4,0.1,-0.0,1.0,1.0,-0.3,-17.7,-5.4,-1.6,995.0,0.2,89.4,1,N,N,N,N
117.5,0.1,-0.0,1.0,1.0,-1.3,-17.7,-5.4,-1.6,995.0,-0.2,89.4,1,N,N,N,N
117.6,0.1,-0.0,1.0,1.0,-1.7,-17.7,-5.4,-1.6,995.1,-0.6,89.4,1,N,N,N,N
117.7,0.1,-0.0,1.0,1.0,1.6,-17.7,-5.4,-1.6,995.0,1.1,89.4,1,N,N,N,N
117.8,0.1,-0.0,1.0,1.0,-1.7,-17.7,-5.4,-1.6,995.1,-0.6,89.4,1,N,N,N,N
117.9,0.1,-0.0,1.0,1.0,4.6,-17.7,-5.4,-1.6,994.9,2.5,89.4,1,N,N,N,N
118.0,0.1,-0.0,1.0,1.0,1.5,-17.7,-5.4,-1.6,995.0,1.1,89.4,1,N,N,N,N
118.1,0.1,-0.0,1.0,1.0,2.1,-17.7,-5.5,-1.6,995.0,1.5,89.4,1,N,N,N,N
118.2,0.1,-0.0,1.0,1.0,3.5,-17.7,-5.5,-1.6,994.9,2.4,89.4,1,N,N,N,N
118.3,0.1,-0.0,1.0,1.0,4.0,-17.7,-5.5,-1.6,994.9,3.0,89.4,1,N,N,N,N
118.4,0.1,-0.0,1.0,1.0,-1.3,-17.7,-5.5,-1.6,995.0,0.5,89.4,1,N,N,N,N
118.5,0.1,-0.0,1.0,1.0,-0.4,-17.7,-5.5,-1.6,995.0,1.0,89.4,1,N,N,N,N
118.6,0.1,-0.0,1.0,1.0,0.1,-17.7,-5.5,-1.6,994.9,1.3,89.4,1,N,N,N,N
118.7,0.1,-0.0,1.0,1.0,-0.1,-17.7,-5.5,-1.6,994.9,1.2,89.4,1,N,N,N,N
118.8,0.1,-0.0,1.0,1.0,4.5,-17.7,-5.5,-1.6,994.8,3.9,89.4,1,N,N,N,N
118.9,0.1,-0.0,1.0,1.0,2.8,-17.7,-5.5,-1.6,994.9,3.1,89.4,1,N,N,N,N
119.0,0.1,-0.0,1.0,1.0,1.2,-17.7,-5.5,-1.6,994.9,2.5,89.4,1,N,N,N,N
119.1,0.1,-0.0,1.0,1.0,0.3,-17.7,-5.5,-1.6,994.9,2.0,89.4,1,N,N,N,N
119.2,0.1,-0.0,1.0,1.0,0.2,-17.7,-5.5,-1.6,994.9,2.0,89.4,1,N,N,N,N
119.3,0.1,-0.0,1.0,1.0,-0.6,-17.7,-5.5,-1.6,994.9,1.7,89.4,1,N,N,N,N
119.4,0.1,-0.0,1.0,1.0,-2.4,-17.7,-5.5,-1.6,994.9,0.8,89.4,1,N,N,N,N
119.5,0.1,-0.0,1.0,1.0,-1.9,-17.7,-5.5,-1.6,994.9,0.9,89.4,1,N,N,N,N
119.6,0.1,-0.0,1.0,1.0,-2.8,-17.7,-5.5,-1.6,994.9,0.3,89.4,1,N,N,N,N
119.7,0.1,-0.0,1.0,1.0,-1.7,-17.7,-5.5,-1.6,994.9,0.7,89.4,1,N,N,N,N
119.8,0.1,-0.0,1.0,1.0,2.5,-17.7,-5.5,-1.6,994.8,2.6,89.4,1,N,N,N,N
119.9,0.1,-0.0,1.0,1.0,-3.1,-17.7,-5.5,-1.6,994.9,-0.3,89.4,1,N,N,N,N
120.0,0.1,-0.0,1.0,1.0,-2.1,-17.7,-5.5,-1.6,994.9,-0.1,89.4,1,N,N,N,N
120.1,0.1,-0.0,1.0,1.0,-2.8,-17.7,-5.5,-1.6,994.9,-0.8,89.4,1,N,N,N,N
120.2,0.1,-0.0,1.0,1.0,-2.5,-17.7,-5.5,-1.6,994.9,-0.8,89.4,1,N,N,N,N
120.3,0.1,-0.0,1.0,1.0,1.7,-17.7,-5.5,-1.5,994.9,1.3,89.4,1,N,N,N,N
120.4,0.1,-0.0,1.0,1.0,-1.2,-17.7,-5.5,-1.6,994.9,-0.1,89.4,1,N,N,N,N
120.5,0.1,-0.0,1.0,1.0,1.2,-17.7,-5.5,-1.6,994.9,1.1,89.4,1,N,N,N,N
120.6,0.1,-0.0,1.0,1.0,-0.1,-17.7,-5.5,-1.6,994.9,0.4,89.4,1,N,N,N,N
120.7,0.1,-0.0,1.0,1.0,1.5,-17.7,-5.5,-1.6,994.9,1.5,89.4,1,N,N,N,N
120.8,0.1,-0.0,1.0,1.0,-1.2,-17.7,-5.5,-1.5,994.9,0.2,89.4,1,N,N,N,N
120.9,0.1,-0.0,1.0,1.0,-3.7,-17.7,-5.5,-1.6,994.9,-1.2,89.4,1,N,N,N,N
121.0,0.1,-0.0,1.0,1.0,0.7,-17.7,-5.5,-1.6,994.9,1.1,89.4,1,N,N,N,N
121.1,0.1,-0.0,1.0,1.0,0.1,-17.6,-5.5,-1.4,994.9,0.5,89.4,1,N,N,N,N
121.2,0.1,-0.0,1.0,1.0,-1.6,-17.6,-5.5,-1.4,994.9,-0.5,89.4,1,N,N,N,N
121.3,0.1,-0.0,1.0,1.0,0.9,-17.6,-5.5,-1.4,994.9,0.9,89.4,1,N,N,N,N
121.4,0.1,-0.0,1.0,1.0,-1.1,-17.6,-5.5,-1.5,994.9,-0.2,89.4,1,N,N,N,N
121.5,0.1,-0.0,1.0,1.0,1.5,-17.6,-5.5,-1.5,994.9,1.2,89.4,1,N,N,N,N
121.6,0.1,-0.0,1.0,1.0,1.5,-17.6,-5.5,-1.5,994.8,1.2,89.4,1,N,N,N,N
121.7,0.1,-0.0,1.0,1.0,0.3,-17.6,-5.5,-1.5,994.9,0.7,89.4,1,N,N,N,N
121.8,0.1,-0.0,1.0,1.0,0.8,-17.6,-5.5,-1.5,994.9,0.9,89.4,1,N,N,N,N
121.9,0.1,-0.0,1.0,1.0,-0.6,-17.6,-5.5,-1.5,994.9,0.2,89.4,1,N,N,N,N
122.0,0.1,-0.0,1.0,1.0,-2.7,-17.6,-5.5,-1.5,994.9,-1.0,89.4,1,N,N,N,N
122.1,0.1,-0.0,1.0,1.0,0.9,-17.6,-5.5,-1.5,994.9,0.6,89.4,1,N,N,N,N
122.2,0.1,-0.0,1.0,1.0,-2.7,-17.6,-5.5,-1.5,994.9,-1.0,89.4,1,N,N,N,N
122.3,0.1,-0.0,1.0,1.0,-2.0,-17.6,-5.5,-1.5,994.9,-0.7,89.4,1,N,N,N,N
122.4,0.1,-0.0,1.0,1.0,-1.0,-17.6,-5.5,-1.5,994.9,-0.3,89.4,1,N,N,N,N
122.5,0.1,-0.0,1.0,1.0,-1.0,-17.6,-5.5,-1.5,994.9,-0.5,89.4,1,N,N,N,N
122.6,0.1,-0.0,1.0,1.0,-2.5,-17.6,-5.5,-1.5,994.9,-1.3,89.4,1,N,N,N,N
122.7,0.1,-0.0,1.0,1.0,-1.0,-17.6,-5.5,-1.5,994.9,-0.6,89.4,1,N,N,N,N
122.8,0.1,-0.0,1.0,1.0,1.6,-17.6,-5.5,-1.5,994.9,0.8,89.4,1,N,N,N,N
122.9,0.1,-0.0,1.0,1.0,1.6,-17.6,-5.5,-1.5,994.8,1.1,89.4,1,N,N,N,N
123.0,0.1,-0.0,1.0,1.0,-3.0,-17.6,-5.5,-1.5,994.9,-0.9,89.4,1,N,N,N,N
123.1,0.1,-0.0,1.0,1.0,0.4,-17.6,-5.5,-1.5,994.9,0.7,89.4,1,N,N,N,N
123.2,0.1,-0.0,1.0,1.0,2.0,-17.6,-5.5,-1.5,994.8,1.5,89.4,1,N,N,N,N
123.3,0.1,-0.0,1.0,1.0,1.1,-17.6,-5.5,-1.5,994.8,0.9,89.4,1,N,N,N,N
123.4,0.1,-0.0,1.0,1.0,-5.8,-17.7,-5.5,-1.5,995.0,-2.5,89.4,1,N,N,N,N
123.5,0.1,-0.0,1.0,1.0,0.3,-17.7,-5.5,-1.5,994.9,0.5,89.4,1,N,N,N,N
123.6,0.1,-0.0,1.0,1.0,-2.1,-17.6,-5.5,-1.5,994.9,-0.7,89.4,1,N,N,N,N
123.7,0.1,-0.0,1.0,1.0,-0.3,-17.7,-5.5,-1.5,994.9,0.2,89.4,1,N,N,N,N
123.8,0.1,-0.0,1.0,1.0,-1.6,-17.6,-5.5,-1.5,994.9,-0.2,89.4,1,N,N,N,N
123.9,0.1,-0.0,1.0,1.0,2.3,-17.6,-5.5,-1.5,994.8,1.6,89.4,1,N,N,N,N
124.0,0.1,-0.0,1.0,1.0,-1.9,-17.6,-5.5,-1.5,994.9,-0.5,89.4,1,N,N,N,N
124.1,0.1,-0.0,1.0,1.0,-0.4,-17.6,-5.5,-1.5,994.9,0.2,89.4,1,N,N,N,N
124.2,0.1,-0.0,1.0,1.0,-1.0,-17.6,-5.5,-1.5,994.9,0.1,89.4,1,N,N,N,N
124.3,0.1,-0.0,1.0,1.0,-0.2,-17.6,-5.5,-1.5,994.8,0.6,89.4,1,N,N,N,N
124.4,0.1,-0.0,1.0,1.0,-0.0,-17.6,-5.5,-1.5,994.8,0.6,89.3,1,N,N,N,N
124.5,0.1,-0.0,1.0,1.0,-0.8,-17.6,-5.5,-1.5,994.8,0.3,89.3,1,N,N,N,N
124.6,0.1,-0.0,1.0,1.0,1.3,-17.6,-5.5,-1.5,994.8,1.4,89.3,1,N,N,N,N
124.7,0.1,-0.0,1.0,1.0,2.5,-17.6,-5.5,-1.5,994.8,2.2,89.3,1,N,N,N,N
124.8,0.1,-0.0,1.0,1.0,0.2,-17.6,-5.5,-1.5,994.8,1.1,89.3,1,N,N,N,N
124.9,0.1,-0.0,1.0,1.0,-2.1,-17.6,-5.5,-1.5,994.8,-0.1,89.3,1,N,N,N,N
125.0,0.1,-0.0,1.0,1.0,-0.1,-17.6,-5.5,-1.5,994.8,0.7,89.3,1,N,N,N,N
125.1,0.1,-0.0,1.0,1.0,0.3,-17.6,-5.5,-1.5,994.8,0.7,89.3,1,N,N,N,N
125.2,0.1,-0.0,1.0,1.0,1.0,-17.6,-5.5,-1.5,994.8,1.1,89.3,1,N,N,N,N
125.3,0.1,-0.0,1.0,1.0,-2.5,-17.6,-5.5,-1.5,994.9,-0.7,89.4,1,N,N,N,N
125.4,0.1,-0.0,1.0,1.0,-0.1,-17.6,-5.5,-1.5,994.8,0.3,89.4,1,N,N,N,N
125.5,0.1,-0.0,1.0,1.0,-1.3,-17.6,-5.5,-1.5,994.9,-0.5,89.4,1,N,N,N,N
125.6,0.1,-0.0,1.0,1.0,-3.1,-17.6,-5.5,-1.5,994.9,-1.5,89.4,1,N,N,N,N
125.7,0.1,-0.0,1.0,1.0,-1.6,-17.6,-5.5,-1.5,994.9,-0.8,89.4,1,N,N,N,N
125.8,0.1,-0.0,1.0,1.0,0.6,-17.6,-5.5,-1.5,994.8,0.1,89.4,1,N,N,N,N
125.9,0.1,-0.0,1.0,1.0,-1.2,-17.6,-5.5,-1.5,994.9,-0.7,89.4,1,N,N,N,N
126.0,0.1,-0.0,1.0,1.0,-1.3,-17.6,-5.5,-1.5,994.9,-0.8,89.4,1,N,N,N,N
126.1,0.1,-0.0,1.0,1.0,-1.2,-17.6,-5.5,-1.5,994.9,-0.8,89.4,1,N,N,N,N
126.2,0.1,-0.0,1.0,1.0,0.1,-17.6,-5.5,-1.5,994.8,-0.0,89.4,1,N,N,N,N
126.3,0.1,-0.0,1.0,1.0,-0.8,-17.6,-5.5,-1.5,994.9,-0.3,89.4,1,N,N,N,N
126.4,0.1,-0.0,1.0,1.0,2.0,-17.6,-5.5,-1.5,994.8,1.1,89.3,1,N,N,N,N
126.5,0.1,-0.0,1.0,1.0,0.6,-17.6,-5.5,-1.5,994.8,0.6,89.4,1,N,N,N,N
126.6,0.1,-0.0,1.0,1.0,-2.2,-17.6,-5.5,-1.5,994.9,-0.7,89.3,1,N,N,N,N
126.7,0.1,-0.0,1.0,1.0,-0.3,-17.6,-5.5,-1.5,994.8,0.2,89.4,1,N,N,N,N
126.8,0.1,-0.0,1.0,1.0,1.3,-17.6,-5.5,-1.5,994.8,1.0,89.4,1,N,N,N,N
126.9,0.1,-0.0,1.0,1.0,-0.8,-17.6,-5.5,-1.5,994.8,0.2,89.3,1,N,N,N,N
127.0,0.1,-0.0,1.0,1.0,1.6,-17.6,-5.5,-1.5,994.8,1.3,89.3,1,N,N,N,N
127.1,0.1,-0.0,1.0,1.0,-0.4,-17.6,-5.5,-1.5,994.8,0.6,89.3,1,N,N,N,N
127.2,0.1,-0.0,1.0,1.0,0.6,-17.6,-5.5,-1.5,994.8,1.1,89.3,1,N,N,N,N
127.3,0.1,-0.0,1.0,1.0,-1.4,-17.6,-5.5,-1.5,994.8,0.1,89.3,1,N,N,N,N
127.4,0.1,-0.0,1.0,1.0,2.3,-17.6,-5.5,-1.5,994.7,1.9,89.3,1,N,N,N,N
127.5,0.1,-0.0,1.0,1.0,-0.7,-17.6,-5.5,-1.5,994.8,0.6,89.3,1,N,N,N,N
127.6,0.1,-0.0,1.0,1.0,1.8,-17.6,-5.5,-1.5,994.7,2.2,89.3,1,N,N,N,N
127.7,0.1,-0.0,1.0,1.0,1.4,-17.6,-5.5,-1.5,994.7,2.2,89.3,1,N,N,N,N
127.8,0.1,-0.0,1.0,1.0,-1.0,-17.6,-5.5,-1.5,994.7,1.1,89.3,1,N,N,N,N
127.9,0.1,-0.0,1.0,1.0,-1.4,-17.6,-5.5,-1.5,994.8,0.7,89.3,1,N,N,N,N
128.0,0.1,-0.0,1.0,1.0,-2.4,-17.6,-5.5,-1.5,994.8,0.2,89.3,1,N,N,N,N
128.1,0.1,-0.0,1.0,1.0,-3.4,-17.6,-5.5,-1.5,994.8,-0.5,89.3,1,N,N,N,N
128.2,0.1,-0.0,1.0,1.0,0.3,-17.6,-5.5,-1.5,994.7,1.2,89.3,1,N,N,N,N
128.3,0.1,-0.0,1.0,1.0,0.8,-17.6,-5.5,-1.5,994.7,1.6,89.3,1,N,N,N,N
128.4,0.1,-0.0,1.0,1.0,-1.0,-17.6,-5.5,-1.5,994.7,0.7,89.3,1,N,N,N,N
128.5,0.1,-0.0,1.0,1.0,0.7,-17.6,-5.5,-1.5,994.7,1.6,89.3,1,N,N,N,N
128.6,0.1,-0.0,1.0,1.0,-0.6,-17.6,-5.5,-1.5,994.7,1.0,89.3,1,N,N,N,N
128.7,0.1,-0.0,1.0,1.0,-1.6,-17.6,-5.5,-1.5,994.7,0.6,89.3,1,N,N,N,N
128.8,0.1,-0.0,1.0,1.0,-3.9,-17.6,-5.5,-1.5,994.8,-0.9,89.3,1,N,N,N,N
128.9,0.1,-0.0,1.0,1.0,-2.2,-17.6,-5.5,-1.5,994.8,-0.3,89.3,1,N,N,N,N
129.0,0.1,-0.0,1.0,1.0,-1.1,-17.6,-5.5,-1.5,994.7,0.1,89.3,1,N,N,N,N
129.1,0.1,-0.0,1.0,1.0,0.8,-17.6,-5.5,-1.5,994.7,0.8,89.3,1,N,N,N,N
129.2,0.1,-0.0,1.0,1.0,0.8,-17.6,-5.5,-1.5,994.7,1.1,89.3,1,N,N,N,N
129.3,0.1,-0.0,1.0,1.0,3.7,-17.6,-5.5,-1.5,994.6,2.6,89.3,1,N,N,N,N
129.4,0.1,-0.0,1.0,1.0,1.7,-17.6,-5.5,-1.5,994.7,2.0,89.3,1,N,N,N,N
129.5,0.1,-0.0,1.0,1.0,-1.1,-17.6,-5.5,-1.5,994.7,0.7,89.3,1,N,N,N,N
129.6,0.1,-0.0,1.0,1.0,2.5,-17.6,-5.5,-1.5,994.6,2.4,89.3,1,N,N,N,N
129.7,0.1,-0.0,1.0,1.0,0.8,-17.6,-5.5,-1.5,994.7,1.7,89.3,1,N,N,N,N
129.8,0.1,-0.0,1.0,1.0,-0.9,-17.6,-5.5,-1.5,994.7,0.8,89.3,1,N,N,N,N
130.0,0.1,-0.0,1.0,1.0,2.8,-17.6,-5.5,-1.5,994.6,3.0,89.3,1,N,N,N,N
130.1,0.1,-0.0,1.0,1.0,-0.2,-17.6,-5.5,-1.5,994.6,1.6,89.3,1,N,N,N,N
130.2,0.1,-0.0,1.0,1.0,0.4,-17.6,-5.5,-1.5,994.6,1.9,89.3,1,N,N,N,N
130.3,0.1,-0.0,1.0,1.0,2.2,-17.6,-5.5,-1.5,994.6,2.9,89.3,1,N,N,N,N
130.4,0.1,-0.0,1.0,1.0,1.1,-17.6,-5.5,-1.5,994.6,2.3,89.3,1,N,N,N,N
130.5,0.1,-0.0,1.0,1.0,0.4,-17.6,-5.5,-1.5,994.6,2.1,89.3,1,N,N,N,N
130.6,0.1,-0.0,1.0,1.0,-1.7,-17.6,-5.5,-1.5,994.6,1.1,89.3,1,N,N,N,N
130.7,0.1,-0.0,1.0,1.0,-4.2,-17.6,-5.5,-1.5,994.7,-0.2,89.3,1,N,N,N,N
130.8,0.1,-0.0,1.0,1.0,0.8,-17.6,-5.5,-1.5,994.6,2.1,89.3,1,N,N,N,N
130.9,0.1,-0.0,1.0,1.0,-3.2,-17.6,-5.5,-1.5,994.6,0.0,89.3,1,N,N,N,N
131.0,0.1,-0.0,1.0,1.0,-2.3,-17.6,-5.5,-1.5,994.6,0.3,89.3,1,N,N,N,N
131.1,0.1,-0.0,1.0,1.0,-1.7,-17.6,-5.5,-1.5,994.6,0.1,89.3,1,N,N,N,N
131.2,0.1,-0.0,1.0,1.0,-2.6,-17.6,-5.5,-1.5,994.7,-0.6,89.3,1,N,N,N,N
131.3,0.1,-0.0,1.0,1.0,-4.2,-17.6,-5.5,-1.5,994.7,-1.6,89.3,1,N,N,N,N
131.4,0.1,-0.0,1.0,1.0,-3.2,-17.6,-5.5,-1.5,994.7,-1.3,89.3,1,N,N,N,N
131.5,0.1,-0.0,1.0,1.0,-1.7,-17.6,-5.5,-1.5,994.7,-0.9,89.3,1,N,N,N,N
131.6,0.1,-0.0,1.0,1.0,-0.7,-17.6,-5.5,-1.5,994.7,-0.8,89.3,1,N,N,N,N
131.7,0.1,-0.0,1.0,1.0,-2.6,-17.6,-5.5,-1.5,994.7,-2.0,89.3,1,N,N,N,N
131.8,0.1,-0.0,1.0,1.0,0.7,-17.6,-5.5,-1.5,994.7,-0.5,89.3,1,N,N,N,N
131.9,0.1,-0.0,1.0,1.0,3.3,-17.6,-5.5,-1.5,994.6,0.7,89.3,1,N,N,N,N
132.0,0.1,-0.0,1.0,1.0,-1.3,-17.6,-5.5,-1.5,994.7,-1.5,89.3,1,N,N,N,N
132.1,0.1,-0.0,1.0,1.0,2.5,-17.6,-5.5,-1.5,994.7,0.5,89.3,1,N,N,N,N
132.2,0.1,-0.0,1.0,1.0,-0.5,-17.6,-5.5,-1.5,994.7,-0.9,89.3,1,N,N,N,N
132.3,0.1,-0.0,1.0,1.0,2.1,-17.6,-5.5,-1.5,994.7,0.3,89.3,1,N,N,N,N
132.4,0.1,-0.0,1.0,1.0,3.4,-17.6,-5.5,-1.5,994.6,1.2,89.3,1,N,N,N,N
132.5,0.1,-0.0,1.0,1.0,-0.2,-17.6,-5.5,-1.5,994.7,-0.5,89.3,1,N,N,N,N
132.6,0.1,-0.0,1.0,1.0,-0.8,-17.6,-5.5,-1.5,994.7,-0.6,89.3,1,N,N,N,N
132.7,0.1,-0.0,1.0,1.0,0.1,-17.6,-5.5,-1.5,994.7,-0.1,89.3,1,N,N,N,N
132.8,0.1,-0.0,1.0,1.0,3.5,-17.6,-5.5,-1.5,994.6,1.7,89.3,1,N,N,N,N
132.9,0.1,-0.0,1.0,1.0,1.8,-17.6,-5.6,-1.5,994.6,1.0,89.3,1,N,N,N,N
133.0,0.1,-0.0,1.0,1.0,-2.0,-17.6,-5.6,-1.5,994.7,-0.7,89.3,1,N,N,N,N
133.1,0.1,-0.0,1.0,1.0,1.5,-17.6,-5.6,-1.5,994.6,1.0,89.3,1,N,N,N,N
133.2,0.1,-0.0,1.0,1.0,1.4,-17.6,-5.6,-1.5,994.6,0.8,89.3,1,N,N,N,N
133.3,0.1,-0.0,1.0,1.0,-2.4,-17.6,-5.6,-1.5,994.7,-0.9,89.3,1,N,N,N,N
133.4,0.1,-0.0,1.0,1.0,-1.2,-17.6,-5.6,-1.5,994.7,-0.3,89.3,1,N,N,N,N
133.5,0.1,-0.0,1.0,1.0,0.3,-17.6,-5.6,-1.5,994.7,0.2,89.3,1,N,N,N,N
133.6,0.1,-0.0,1.0,1.0,-0.5,-17.6,-5.6,-1.5,994.7,-0.1,89.3,1,N,N,N,N
133.7,0.1,-0.0,1.0,1.0,-1.0,-17.6,-5.6,-1.5,994.7,-0.2,89.3,1,N,N,N,N
133.8,0.1,-0.0,1.0,1.0,0.4,-17.6,-5.5,-1.5,994.6,0.7,89.3,1,N,N,N,N
133.9,0.1,-0.0,1.0,1.0,-0.6,-17.6,-5.5,-1.5,994.7,0.1,89.3,1,N,N,N,N
134.0,0.1,-0.0,1.0,1.0,-1.5,-17.6,-5.5,-1.5,994.7,-0.6,89.3,1,N,N,N,N
134.1,0.1,-0.0,1.0,1.0,1.6,-17.6,-5.5,-1.5,994.6,0.9,89.3,1,N,N,N,N
134.2,0.1,-0.0,1.0,1.0,-1.4,-17.6,-5.5,-1.5,994.7,-0.5,89.3,1,N,N,N,N
134.3,0.1,-0.0,1.0,1.0,-0.0,-17.6,-5.5,-1.5,994.7,0.2,89.3,1,N,N,N,N
134.4,0.1,-0.0,1.0,1.0,0.4,-17.6,-5.5,-1.5,994.6,0.5,89.3,1,N,N,N,N
134.5,0.1,-0.0,1.0,1.0,-1.3,-17.6,-5.5,-1.5,994.7,-0.5,89.3,1,N,N,N,N
134.6,0.1,-0.0,1.0,1.0,-1.9,-17.6,-5.5,-1.5,994.7,-0.8,89.3,1,N,N,N,N
134.7,0.1,-0.0,1.0,1.0,-2.2,-17.6,-5.5,-1.5,994.7,-1.2,89.3,1,N,N,N,N
134.8,0.1,-0.0,1.0,1.0,-3.1,-17.6,-5.5,-1.5,994.7,-1.6,89.3,1,N,N,N,N
134.9,0.1,-0.0,1.0,1.0,-2.7,-17.6,-5.5,-1.5,994.7,-1.5,89.3,1,N,N,N,N
135.0,0.1,-0.0,1.0,1.0,2.3,-17.6,-5.5,-1.5,994.6,0.7,89.3,1,N,N,N,N
135.1,0.1,-0.0,1.0,1.0,0.5,-17.6,-5.5,-1.5,994.7,-0.1,89.3,1,N,N,N,N
135.2,0.1,-0.0,1.0,1.0,-3.4,-17.6,-5.5,-1.5,994.7,-2.1,89.3,1,N,N,N,N
135.3,0.1,-0.0,1.0,1.0,-1.0,-17.6,-5.5,-1.5,994.7,-0.9,89.3,1,N,N,N,N
135.4,0.1,-0.0,1.0,1.0,1.1,-17.6,-5.5,-1.5,994.7,0.1,89.3,1,N,N,N,N
135.5,0.1,-0.0,1.0,1.0,1.5,-17.6,-5.5,-1.5,994.6,0.8,89.3,1,N,N,N,N
135.6,0.1,-0.0,1.0,1.0,4.2,-17.6,-5.5,-1.5,994.6,2.1,89.3,1,N,N,N,N
135.7,0.1,-0.0,1.0,1.0,3.7,-17.6,-5.5,-1.5,994.6,2.1,89.3,1,N,N,N,N
135.8,0.1,-0.0,1.0,1.0,2.5,-17.6,-5.5,-1.5,994.6,1.7,89.3,1,N,N,N,N
135.9,0.1,-0.0,1.0,1.0,1.4,-17.6,-5.5,-1.5,994.6,1.3,89.3,1,N,N,N,N
136.0,0.1,-0.0,1.0,1.0,0.1,-17.6,-5.5,-1.5,994.6,1.0,89.3,1,N,N,N,N
136.1,0.1,-0.0,1.0,1.0,2.3,-17.6,-5.5,-1.5,994.6,2.2,89.3,1,N,N,N,N
136.2,0.1,-0.0,1.0,1.0,3.7,-17.6,-5.5,-1.5,994.5,2.8,89.3,1,N,N,N,N
136.3,0.1,-0.0,1.0,1.0,1.6,-17.6,-5.5,-1.5,994.6,1.9,89.3,1,N,N,N,N
136.4,0.1,-0.0,1.0,1.0,3.9,-17.6,-5.5,-1.5,994.5,3.2,89.3,1,N,N,N,N
136.5,0.1,-0.0,1.0,1.0,-0.2,-17.6,-5.5,-1.5,994.6,1.3,89.2,1,N,N,N,N
136.6,0.1,-0.0,1.0,1.0,1.9,-17.6,-5.5,-1.5,994.5,2.4,89.2,1,N,N,N,N
136.7,0.1,-0.0,1.0,1.0,-0.4,-17.6,-5.5,-1.5,994.6,1.3,89.2,1,N,N,N,N
136.8,0.1,-0.0,1.0,1.0,3.6,-17.6,-5.5,-1.5,994.5,3.4,89.2,1,N,N,N,N
136.9,0.1,-0.0,1.0,1.0,-1.4,-17.6,-5.6,-1.5,994.6,1.2,89.2,1,N,N,N,N
137.0,0.1,-0.0,1.0,1.0,-1.5,-17.6,-5.5,-1.5,994.5,1.3,89.2,1,N,N,N,N
137.1,0.1,-0.0,1.0,1.0,3.7,-17.6,-5.5,-1.5,994.5,3.5,89.2,1,N,N,N,N
137.2,0.1,-0.0,1.0,1.0,3.0,-17.6,-5.5,-1.5,994.5,3.4,89.2,1,N,N,N,N
137.3,0.1,-0.0,1.0,1.0,-0.5,-17.6,-5.5,-1.5,994.5,1.5,89.2,1,N,N,N,N
137.4,0.1,-0.0,1.0,1.0,-1.8,-17.6,-5.5,-1.5,994.5,0.8,89.2,1,N,N,N,N
137.5,0.1,-0.0,1.0,1.0,-0.5,-17.6,-5.5,-1.5,994.5,1.3,89.2,1,N,N,N,N
137.6,0.1,-0.0,1.0,1.0,1.0,-17.6,-5.6,-1.5,994.5,1.9,89.3,1,N,N,N,N
137.7,0.1,-0.0,1.0,1.0,-2.8,-17.6,-5.6,-1.5,994.6,-0.3,89.2,1,N,N,N,N
137.8,0.1,-0.0,1.0,1.0,-3.4,-17.6,-5.6,-1.5,994.6,-0.7,89.3,1,N,N,N,N
137.9,0.1,-0.0,1.0,1.0,-4.6,-17.6,-5.6,-1.5,994.6,-1.6,89.3,1,N,N,N,N
138.0,0.1,-0.0,1.0,1.0,-1.2,-17.6,-5.6,-1.5,994.6,-0.1,89.3,1,N,N,N,N
138.1,0.1,-0.0,1.0,1.0,-1.5,-17.6,-5.6,-1.4,994.6,-0.5,89.3,1,N,N,N,N
138.2,0.1,-0.0,1.0,1.0,-2.5,-17.6,-5.6,-1.4,994.6,-1.2,89.3,1,N,N,N,N
138.3,0.1,-0.0,1.0,1.0,1.1,-17.6,-5.6,-1.4,994.5,0.6,89.3,1,N,N,N,N
138.4,0.1,-0.0,1.0,1.0,0.0,-17.6,-5.6,-1.4,994.6,0.2,89.3,1,N,N,N,N
138.5,0.1,-0.0,1.0,1.0,-0.3,-17.6,-5.6,-1.4,994.6,-0.0,89.3,1,N,N,N,N
138.6,0.1,-0.0,1.0,1.0,-0.2,-17.6,-5.6,-1.4,994.6,-0.1,89.3,1,N,N,N,N
138.7,0.1,-0.0,1.0,1.0,0.5,-17.6,-5.5,-1.4,994.6,0.1,89.3,1,N,N,N,N
138.8,0.1,-0.0,1.0,1.0,-2.8,-17.6,-5.6,-1.4,994.6,-1.5,89.3,1,N,N,N,N
138.9,0.1,-0.0,1.0,1.0,0.5,-17.6,-5.6,-1.5,994.6,0.1,89.3,1,N,N,N,N
139.0,0.1,-0.0,1.0,1.0,-1.5,-17.6,-5.6,-1.4,994.6,-1.0,89.3,1,N,N,N,N
139.1,0.1,-0.0,1.0,1.0,-1.1,-17.7,-5.5,-1.4,994.6,-0.8,89.3,1,N,N,N,N
139.2,0.1,-0.0,1.0,1.0,2.2,-17.7,-5.5,-1.5,994.5,0.8,89.3,1,N,N,N,N
139.3,0.1,-0.0,1.0,1.0,2.5,-17.7,-5.5,-1.5,994.5,0.9,89.3,1,N,N,N,N
139.4,0.1,-0.0,1.0,1.0,-4.8,-17.7,-5.5,-1.5,994.7,-2.5,89.3,1,N,N,N,N
139.5,0.1,-0.0,1.0,1.0,-0.0,-17.7,-5.5,-1.5,994.6,-0.2,89.3,1,N,N,N,N
139.6,0.1,-0.0,1.0,1.0,1.0,-17.6,-5.5,-1.4,994.6,0.4,89.3,1,N,N,N,N
139.7,0.1,-0.0,1.0,1.0,-2.6,-17.6,-5.5,-1.4,994.6,-1.4,89.2,1,N,N,N,N
139.8,0.1,-0.0,1.0,1.0,1.9,-17.7,-5.5,-1.4,994.5,0.9,89.3,1,N,N,N,N
139.9,0.1,-0.0,1.0,1.0,1.1,-17.7,-5.6,-1.5,994.5,0.7,89.3,1,N,N,N,N
140.0,0.1,-0.0,1.0,1.0,0.6,-17.7,-5.6,-1.5,994.6,0.3,89.3,1,N,N,N,N
140.1,0.1,-0.0,1.0,1.0,0.1,-17.7,-5.6,-1.5,994.6,0.1,89.3,1,N,N,N,N
140.2,0.1,-0.0,1.0,1.0,2.6,-17.7,-5.6,-1.4,994.5,1.2,89.2,1,N,N,N,N
140.3,0.1,-0.0,1.0,1.0,-2.3,-17.6,-5.6,-1.4,994.6,-1.3,89.3,1,N,N,N,N
140.4,0.1,-0.0,1.0,1.0,5.3,-17.6,-5.6,-1.4,994.5,2.6,89.3,1,N,N,N,N
140.5,0.1,-0.0,1.0,1.0,0.6,-17.6,-5.6,-1.4,994.6,0.2,89.3,1,N,N,N,N
140.6,0.1,-0.0,1.0,1.0,2.0,-17.6,-5.6,-1.4,994.5,0.9,89.3,1,N,N,N,N
140.7,0.1,-0.0,1.0,1.0,1.4,-17.6,-5.6,-1.4,994.5,0.7,89.3,1,N,N,N,N
140.8,0.1,-0.0,1.0,1.0,1.7,-17.6,-5.6,-1.4,994.5,0.8,89.3,1,N,N,N,N
140.9,0.1,-0.0,1.0,1.0,3.1,-17.6,-5.6,-1.4,994.5,1.6,89.3,1,N,N,N,N
141.0,0.1,-0.0,1.0,1.0,-0.7,-17.6,-5.6,-1.4,994.6,-0.1,89.2,1,N,N,N,N
141.1,0.1,-0.0,1.0,1.0,-0.2,-17.6,-5.6,-1.4,994.6,0.2,89.2,1,N,N,N,N
141.2,0.1,-0.0,1.0,1.0,1.4,-17.6,-5.6,-1.4,994.5,0.8,89.2,1,N,N,N,N
141.3,0.1,-0.0,1.0,1.0,-0.6,-17.6,-5.6,-1.4,994.6,0.0,89.3,1,N,N,N,N
141.4,0.1,-0.0,1.0,1.0,-1.0,-17.6,-5.6,-1.4,994.6,-0.2,89.3,1,N,N,N,N
141.5,0.1,-0.0,1.0,1.0,-4.0,-17.6,-5.5,-1.4,994.6,-1.7,89.3,1,N,N,N,N
141.6,0.1,-0.0,1.0,1.0,3.5,-17.7,-5.6,-1.5,994.5,1.9,89.3,1,N,N,N,N
141.7,0.1,-0.0,1.0,1.0,1.5,-17.7,-5.6,-1.4,994.5,1.0,89.3,1,N,N,N,N
141.8,0.1,-0.0,1.0,1.0,1.5,-17.7,-5.6,-1.4,994.5,0.9,89.3,1,N,N,N,N
141.9,0.1,-0.0,1.0,1.0,-0.7,-17.7,-5.6,-1.4,994.6,-0.2,89.3,1,N,N,N,N
142.0,0.1,-0.0,1.0,1.0,1.8,-17.7,-5.6,-1.4,994.5,0.9,89.3,1,N,N,N,N
142.1,0.1,-0.0,1.0,1.0,-0.3,-17.7,-5.6,-1.4,994.6,0.1,89.2,1,N,N,N,N
142.2,0.1,-0.0,1.0,1.0,-0.3,-17.7,-5.6,-1.4,994.5,0.3,89.2,1,N,N,N,N
142.3,0.1,-0.0,1.0,1.0,0.1,-17.7,-5.6,-1.4,994.5,0.6,89.2,1,N,N,N,N
142.4,0.1,-0.0,1.0,1.0,0.3,-17.6,-5.6,-1.4,994.5,0.7,89.2,1,N,N,N,N
142.5,0.1,-0.0,1.0,1.0,0.0,-17.7,-5.6,-1.4,994.5,0.6,89.2,1,N,N,N,N
142.6,0.1,-0.0,1.0,1.0,0.2,-17.6,-5.6,-1.4,994.5,0.8,89.2,1,N,N,N,N
142.7,0.1,-0.0,1.0,1.0,-2.5,-17.6,-5.6,-1.4,994.6,-0.9,89.3,1,N,N,N,N
142.8,0.1,-0.0,1.0,1.0,-0.9,-17.6,-5.6,-1.4,994.5,-0.2,89.2,1,N,N,N,N
142.9,0.1,-0.0,1.0,1.0,0.6,-17.6,-5.6,-1.4,994.5,0.6,89.3,1,N,N,N,N
143.0,0.1,-0.0,1.0,1.0,-1.5,-17.6,-5.6,-1.4,994.6,-0.7,89.3,1,N,N,N,N
143.1,0.1,-0.0,1.0,1.0,0.8,-17.6,-5.6,-1.4,994.5,0.5,89.2,1,N,N,N,N
143.2,0.1,-0.0,1.0,1.0,-1.6,-17.6,-5.6,-1.4,994.6,-0.7,89.2,1,N,N,N,N
143.3,0.1,-0.0,1.0,1.0,0.7,-17.6,-5.6,-1.4,994.5,0.5,89.2,1,N,N,N,N
143.4,0.1,-0.0,1.0,1.0,-1.7,-17.6,-5.6,-1.4,994.6,-0.7,89.3,1,N,N,N,N
143.5,0.1,-0.0,1.0,1.0,-1.2,-17.6,-5.6,-1.4,994.6,-0.6,89.3,1,N,N,N,N
143.6,0.1,-0.0,1.0,1.0,1.5,-17.6,-5.6,-1.4,994.5,0.5,89.3,1,N,N,N,N
143.7,0.1,-0.0,1.0,1.0,1.3,-17.6,-5.6,-1.4,994.5,0.6,89.3,1,N,N,N,N
143.8,0.1,-0.0,1.0,1.0,-2.0,-17.6,-5.6,-1.4,994.6,-1.0,89.3,1,N,N,N,N
143.9,0.1,-0.0,1.0,1.0,-1.4,-17.6,-5.6,-1.4,994.6,-0.6,89.2,1,N,N,N,N
144.0,0.1,-0.0,1.0,1.0,-1.5,-17.6,-5.6,-1.4,994.6,-0.8,89.3,1,N,N,N,N
144.1,0.1,-0.0,1.0,1.0,2.2,-17.6,-5.6,-1.4,994.5,1.0,89.2,1,N,N,N,N
144.2,0.1,-0.0,1.0,1.0,1.5,-17.6,-5.6,-1.4,994.5,0.9,89.2,1,N,N,N,N
144.3,0.1,-0.0,1.0,1.0,2.4,-17.6,-5.6,-1.4,994.5,1.8,89.2,1,N,N,N,N
144.4,0.1,-0.0,1.0,1.0,3.7,-17.6,-5.6,-1.4,994.4,2.7,89.2,1,N,N,N,N
144.5,0.1,-0.0,1.0,1.0,3.2,-17.6,-5.6,-1.4,994.4,2.5,89.2,1,N,N,N,N
144.6,0.1,-0.0,1.0,1.0,4.4,-17.6,-5.6,-1.4,994.4,3.4,89.2,1,N,N,N,N
144.7,0.1,-0.0,1.0,1.0,0.6,-17.6,-5.6,-1.4,994.4,1.8,89.2,1,N,N,N,N
144.8,0.1,-0.0,1.0,1.0,1.9,-17.6,-5.6,-1.4,994.4,2.3,89.2,1,N,N,N,N
144.9,0.1,-0.0,1.0,1.0,0.8,-17.6,-5.6,-1.4,994.4,1.7,89.2,1,N,N,N,N
145.0,0.1,-0.0,1.0,1.0,-0.4,-17.6,-5.6,-1.4,994.4,1.2,89.2,1,N,N,N,N
145.1,0.1,-0.0,1.0,1.0,-0.2,-17.6,-5.6,-1.4,994.4,1.4,89.2,1,N,N,N,N
145.2,0.1,-0.0,1.0,1.0,-2.0,-17.6,-5.6,-1.4,994.5,0.5,89.2,1,N,N,N,N
145.3,0.1,-0.0,1.0,1.0,-0.3,-17.6,-5.6,-1.4,994.4,1.2,89.2,1,N,N,N,N
145.4,0.1,-0.0,1.0,1.0,1.4,-17.6,-5.6,-1.4,994.4,2.0,89.2,1,N,N,N,N
145.5,0.1,-0.0,1.0,1.0,2.7,-17.6,-5.6,-1.4,994.4,2.5,89.2,1,N,N,N,N
145.6,0.1,-0.0,1.0,1.0,0.9,-17.6,-5.6,-1.4,994.4,1.5,89.2,1,N,N,N,N
145.7,0.1,-0.0,1.0,1.0,-5.5,-17.6,-5.6,-1.4,994.5,-1.9,89.2,1,N,N,N,N
145.8,0.1,-0.0,1.0,1.0,-3.0,-17.6,-5.6,-1.4,994.5,-0.9,89.2,1,N,N,N,N
145.9,0.1,-0.0,1.0,1.0,-2.5,-17.6,-5.6,-1.4,994.5,-0.6,89.2,1,N,N,N,N
146.0,0.1,-0.0,1.0,1.0,-1.4,-17.6,-5.6,-1.4,994.5,-0.3,89.2,1,N,N,N,N
146.1,0.1,-0.0,1.0,1.0,-1.4,-17.6,-5.6,-1.4,994.5,-0.6,89.2,1,N,N,N,N
146.2,0.1,-0.0,1.0,1.0,0.3,-17.6,-5.6,-1.4,994.5,0.1,89.2,1,N,N,N,N
146.3,0.1,-0.0,1.0,1.0,-1.2,-17.6,-5.6,-1.4,994.5,-0.7,89.2,1,N,N,N,N
146.4,0.1,-0.0,1.0,1.0,-2.3,-17.6,-5.6,-1.4,994.5,-1.4,89.2,1,N,N,N,N
146.5,0.1,-0.0,1.0,1.0,-1.8,-17.6,-5.6,-1.4,994.5,-1.4,89.2,1,N,N,N,N
146.6,0.1,-0.0,1.0,1.0,-0.2,-17.6,-5.6,-1.4,994.5,-0.7,89.2,1,N,N,N,N
146.7,0.1,-0.0,1.0,1.0,0.6,-17.7,-5.5,-1.5,994.5,-0.2,89.2,1,N,N,N,N
146.8,0.1,-0.0,1.0,1.0,4.0,-17.7,-5.6,-1.5,994.4,1.6,89.2,1,N,N,N,N
146.9,0.1,-0.0,1.0,1.0,0.1,-17.6,-5.7,-1.2,994.5,-0.2,89.2,1,N,N,N,N
147.0,0.1,-0.0,1.0,1.0,-1.6,-17.6,-5.7,-1.1,994.5,-0.8,89.2,1,N,N,N,N
147.1,0.1,-0.0,1.0,1.0,1.2,-17.5,-5.7,-1.1,994.5,0.6,89.2,1,N,N,N,N
147.2,0.1,-0.0,1.0,1.0,-2.8,-17.5,-5.9,-0.8,994.5,-1.4,89.2,1,N,N,N,N
147.3,0.1,-0.0,1.0,1.0,0.4,-17.5,-5.8,-0.9,994.5,0.0,89.2,1,N,N,N,N
147.4,0.1,-0.0,1.0,1.0,-2.0,-17.5,-5.8,-0.9,994.5,-1.2,89.2,1,N,N,N,N
147.5,0.1,-0.0,1.0,1.0,1.6,-17.5,-5.9,-0.7,994.5,0.5,89.2,1,N,N,N,N
147.6,0.1,-0.0,1.0,1.0,1.3,-17.5,-6.0,-0.6,994.5,0.4,89.2,1,N,N,N,N
147.7,0.1,-0.0,1.0,1.0,1.4,-17.5,-5.9,-0.7,994.5,0.4,89.2,1,N,N,N,N
147.8,0.1,-0.0,1.0,1.0,5.2,-17.5,-5.9,-0.7,994.4,2.7,89.2,1,N,N,N,N
147.9,0.1,-0.0,1.0,1.0,6.4,-17.5,-6.0,-0.6,994.3,3.9,89.2,1,N,N,N,N
148.0,0.1,-0.0,1.0,1.0,5.4,-17.5,-6.0,-0.6,994.3,4.0,89.1,1,N,N,N,N
148.1,0.1,-0.0,1.0,1.0,6.5,-17.5,-5.9,-0.6,994.3,5.2,89.1,1,N,N,N,N
148.2,0.1,-0.0,1.0,1.0,1.0,-17.5,-5.9,-0.6,994.3,2.9,89.2,1,N,N,N,N
148.3,0.1,-0.0,1.0,1.0,-1.7,-17.5,-6.0,-0.6,994.4,1.8,89.2,1,N,N,N,N
148.4,0.1,-0.0,1.0,1.0,-0.8,-17.5,-5.9,-0.6,994.3,2.1,89.2,1,N,N,N,N
148.5,0.1,-0.0,1.0,1.0,0.7,-17.5,-5.9,-0.6,994.3,2.8,89.2,1,N,N,N,N
148.6,0.1,-0.0,1.0,1.0,0.5,-17.5,-6.0,-0.6,994.3,2.7,89.2,1,N,N,N,N
148.7,0.1,-0.0,1.0,1.0,-0.0,-17.5,-6.0,-0.6,994.3,2.4,89.2,1,N,N,N,N
148.8,0.1,-0.0,1.0,1.0,1.8,-17.5,-5.9,-0.6,994.3,3.0,89.1,1,N,N,N,N
148.9,0.1,-0.0,1.0,1.0,0.8,-17.5,-6.0,-0.6,994.3,2.6,89.2,1,N,N,N,N
149.0,0.1,-0.0,1.0,1.0,0.7,-17.5,-6.0,-0.6,994.3,2.7,89.1,1,N,N,N,N
149.1,0.1,-0.0,1.0,1.0,-0.6,-17.5,-6.0,-0.6,994.3,1.8,89.2,1,N,N,N,N
149.2,0.1,-0.0,1.0,1.0,-1.1,-17.5,-6.0,-0.6,994.3,1.3,89.2,1,N,N,N,N
149.3,0.1,-0.0,1.0,1.0,-2.1,-17.5,-6.0,-0.6,994.3,0.7,89.2,1,N,N,N,N
149.4,0.1,-0.0,1.0,1.0,-2.9,-17.5,-6.0,-0.6,994.3,0.1,89.2,1,N,N,N,N
149.5,0.1,-0.0,1.0,1.0,3.3,-17.5,-6.0,-0.6,994.2,2.8,89.2,1,N,N,N,N
149.6,0.1,-0.0,1.0,1.0,-1.0,-17.5,-6.0,-0.6,994.3,0.8,89.1,1,N,N,N,N
149.7,0.1,-0.0,1.0,1.0,2.5,-17.5,-5.9,-0.6,994.2,2.9,89.1,1,N,N,N,N
149.8,0.1,-0.0,1.0,1.0,5.2,-17.5,-5.9,-0.6,994.1,4.6,89.1,1,N,N,N,N
149.9,0.1,-0.0,1.0,1.0,6.1,-17.5,-5.9,-0.6,994.1,5.4,89.1,1,N,N,N,N
150.0,0.1,-0.0,1.0,1.0,2.4,-17.5,-5.9,-0.7,994.1,4.0,89.1,1,N,N,N,N
150.1,0.1,-0.0,1.0,1.0,5.0,-17.5,-5.9,-0.7,994.1,5.7,89.1,1,N,N,N,N
150.2,0.1,-0.0,1.0,1.0,-1.3,-17.5,-5.9,-0.7,994.1,2.7,89.1,1,N,N,N,N
150.3,0.1,-0.0,1.0,1.0,2.6,-17.5,-5.9,-0.7,994.1,4.4,89.1,1,N,N,N,N
150.4,0.1,-0.0,1.0,1.0,-3.1,-17.5,-5.9,-0.7,994.2,1.6,89.1,1,N,N,N,N
150.5,0.1,-0.0,1.0,1.0,-2.4,-17.5,-5.9,-0.7,994.2,1.6,89.1,1,N,N,N,N
150.6,0.1,-0.0,1.0,1.0,-5.3,-17.5,-5.9,-0.7,994.2,-0.1,89.1,1,N,N,N,N
150.7,0.1,-0.0,1.0,1.0,-3.6,-17.5,-5.9,-0.7,994.2,0.3,89.1,1,N,N,N,N
150.8,0.1,-0.0,1.0,1.0,-5.2,-17.5,-5.9,-0.7,994.2,-0.9,89.1,1,N,N,N,N
150.9,0.1,-0.0,1.0,1.0,-2.3,-17.5,-5.9,-0.6,994.2,0.1,89.1,1,N,N,N,N
151.0,0.1,-0.0,1.0,1.0,-7.0,-17.5,-5.9,-0.6,994.3,-2.5,89.1,1,N,N,N,N
151.1,0.1,-0.0,1.0,1.0,-0.2,-17.5,-6.0,-0.6,994.2,0.5,89.1,1,N,N,N,N
151.2,0.1,-0.0,1.0,1.0,-2.2,-17.5,-6.0,-0.5,994.2,-0.7,89.1,1,N,N,N,N
151.3,0.1,-0.0,1.0,1.0,2.0,-17.5,-6.0,-0.5,994.2,1.4,89.1,1,N,N,N,N
151.4,0.1,-0.0,1.0,1.0,-1.7,-17.5,-6.1,-0.4,994.2,-0.4,89.1,1,N,N,N,N
151.5,0.1,-0.0,1.0,1.0,-1.2,-17.5,-6.1,-0.4,994.2,-0.2,89.1,1,N,N,N,N
151.6,0.1,-0.0,1.0,1.0,0.4,-17.5,-6.1,-0.4,994.2,0.7,89.1,1,N,N,N,N
151.7,0.1,-0.0,1.0,1.0,-4.0,-17.5,-6.1,-0.3,994.3,-1.7,89.1,1,N,N,N,N
151.8,0.1,-0.0,1.0,1.0,-5.4,-17.5,-6.1,-0.3,994.3,-2.7,89.1,1,N,N,N,N
151.9,0.1,-0.0,1.0,1.0,-0.9,-17.5,-6.1,-0.4,994.2,-0.5,89.2,1,N,N,N,N
152.0,0.1,-0.0,1.0,1.0,-1.6,-17.5,-6.1,-0.4,994.3,-1.3,89.1,1,N,N,N,N
152.1,0.1,-0.0,1.0,1.0,2.9,-17.5,-6.1,-0.4,994.2,0.9,89.1,1,N,N,N,N
152.2,0.1,-0.0,1.0,1.0,-1.4,-17.5,-6.1,-0.4,994.3,-1.4,89.1,1,N,N,N,N
152.3,0.1,-0.0,1.0,1.0,0.4,-17.5,-6.1,-0.3,994.3,-0.3,89.1,1,N,N,N,N
152.4,0.1,-0.0,1.0,1.0,2.7,-17.5,-6.1,-0.3,994.2,0.9,89.1,1,N,N,N,N
152.5,0.1,-0.0,1.0,1.0,1.6,-17.5,-6.1,-0.3,994.2,0.7,89.1,1,N,N,N,N
152.6,0.1,-0.0,1.0,1.0,1.4,-17.5,-6.1,-0.3,994.2,0.7,89.1,1,N,N,N,N
152.7,0.1,-0.0,1.0,1.0,2.5,-17.5,-6.1,-0.3,994.2,1.4,89.1,1,N,N,N,N
152.8,0.1,-0.0,1.0,1.0,-0.7,-17.5,-6.1,-0.4,994.2,-0.3,89.1,1,N,N,N,N
152.9,0.1,-0.0,1.0,1.0,-1.8,-17.6,-6.0,-0.4,994.3,-0.7,89.1,1,N,N,N,N
153.0,0.1,-0.0,1.0,1.0,-2.9,-17.6,-6.1,-0.4,994.3,-1.4,89.1,1,N,N,N,N
153.1,0.1,-0.0,1.0,1.0,-1.4,-17.6,-6.1,-0.4,994.3,-1.2,89.1,1,N,N,N,N
153.2,0.1,-0.0,1.0,1.0,-1.1,-17.6,-6.1,-0.4,994.3,-1.2,89.2,1,N,N,N,N
153.3,0.1,-0.0,1.0,1.0,-0.2,-17.6,-6.1,-0.3,994.3,-1.0,89.2,1,N,N,N,N
153.4,0.1,-0.0,1.0,1.0,0.0,-17.6,-6.1,-0.3,994.3,-1.1,89.2,1,N,N,N,N
153.5,0.1,-0.0,1.0,1.0,0.7,-17.6,-6.1,-0.3,994.3,-0.8,89.2,1,N,N,N,N
153.6,0.1,-0.0,1.0,1.0,-2.7,-17.6,-6.1,-0.2,994.4,-2.5,89.2,1,N,N,N,N
153.7,0.1,-0.0,1.0,1.0,0.6,-17.6,-6.1,-0.3,994.3,-0.9,89.2,1,N,N,N,N
153.8,0.1,-0.0,1.0,1.0,-0.4,-17.5,-6.1,-0.3,994.3,-1.3,89.2,1,N,N,N,N
154.0,0.1,-0.0,1.0,1.0,-3.8,-17.5,-6.1,-0.3,994.4,-3.0,89.2,1,N,N,N,N
154.1,0.1,-0.0,1.0,1.0,-4.0,-17.5,-6.1,-0.3,994.4,-3.2,89.2,1,N,N,N,N
154.2,0.1,-0.0,1.0,1.0,1.5,-17.5,-6.1,-0.2,994.3,-0.5,89.2,1,N,N,N,N
154.3,0.1,-0.0,1.0,1.0,2.4,-17.5,-6.1,-0.2,994.3,-0.3,89.2,1,N,N,N,N
154.4,0.1,-0.0,1.0,1.0,-0.5,-17.5,-6.1,-0.2,994.3,-1.5,89.2,1,N,N,N,N
154.5,0.1,-0.0,1.0,1.0,0.8,-17.5,-6.1,-0.2,994.3,-0.8,89.2,1,N,N,N,N
154.6,0.1,-0.0,1.0,1.0,-0.9,-17.5,-6.1,-0.2,994.3,-1.5,89.2,1,N,N,N,N
154.7,0.1,-0.0,1.0,1.0,0.6,-17.5,-6.1,-0.2,994.3,-0.6,89.2,1,N,N,N,N
154.8,0.1,-0.0,1.0,1.0,-0.9,-17.5,-6.1,-0.2,994.3,-1.4,89.2,1,N,N,N,N
154.9,0.1,-0.0,1.0,1.0,-1.0,-17.5,-6.1,-0.2,994.4,-1.4,89.2,1,N,N,N,N
155.0,0.1,-0.0,1.0,1.0,-0.9,-17.5,-6.1,-0.2,994.4,-1.4,89.2,1,N,N,N,N
155.1,0.1,-0.0,1.0,1.0,-0.5,-17.5,-6.1,-0.2,994.3,-1.0,89.2,1,N,N,N,N
155.2,0.1,-0.0,1.0,1.0,-2.4,-17.5,-6.1,-0.2,994.4,-2.0,89.2,1,N,N,N,N
155.3,0.1,-0.0,1.0,1.0,0.6,-17.5,-6.1,-0.2,994.3,-0.5,89.2,1,N,N,N,N
155.4,0.1,-0.0,1.0,1.0,-0.3,-17.5,-6.1,-0.2,994.3,-0.8,89.2,1,N,N,N,N
155.5,0.1,-0.0,1.0,1.0,1.4,-17.5,-6.1,-0.2,994.3,-0.1,89.2,1,N,N,N,N
155.6,0.1,-0.0,1.0,1.0,3.1,-17.5,-6.1,-0.2,994.3,1.0,89.2,1,N,N,N,N
155.7,0.1,-0.0,1.0,1.0,1.5,-17.5,-6.1,-0.2,994.3,0.4,89.2,1,N,N,N,N
155.8,0.1,-0.0,1.0,1.0,2.7,-17.5,-6.1,-0.2,994.3,1.2,89.1,1,N,N,N,N
155.9,0.1,-0.0,1.0,1.0,0.9,-17.5,-6.1,-0.2,994.3,0.7,89.1,1,N,N,N,N
156.0,0.1,-0.0,1.0,1.0,2.5,-17.5,-6.1,-0.2,994.2,1.6,89.1,1,N,N,N,N
156.1,0.1,-0.0,1.0,1.0,0.9,-17.5,-6.1,-0.2,994.3,1.1,89.1,1,N,N,N,N
156.2,0.1,-0.0,1.0,1.0,1.4,-17.5,-6.1,-0.2,994.2,1.6,89.1,1,N,N,N,N
156.3,0.1,-0.0,1.0,1.0,-0.0,-17.5,-6.1,-0.2,994.3,1.0,89.2,1,N,N,N,N
156.4,0.1,-0.0,1.0,1.0,0.4,-17.5,-6.1,-0.2,994.2,1.1,89.1,1,N,N,N,N
156.5,0.1,-0.0,1.0,1.0,0.3,-17.5,-6.1,-0.2,994.3,0.8,89.2,1,N,N,N,N
156.6,0.1,-0.0,1.0,1.0,-1.1,-17.5,-6.1,-0.2,994.3,0.1,89.1,1,N,N,N,N
156.7,0.1,-0.0,1.0,1.0,-1.8,-17.5,-6.1,-0.2,994.3,-0.5,89.2,1,N,N,N,N
156.8,0.1,-0.0,1.0,1.0,-0.1,-17.5,-6.1,-0.2,994.3,0.3,89.1,1,N,N,N,N
156.9,0.1,-0.0,1.0,1.0,1.9,-17.5,-6.1,-0.2,994.2,1.3,89.2,1,N,N,N,N
157.0,0.1,-0.0,1.0,1.0,0.6,-17.5,-6.1,-0.2,994.3,0.6,89.2,1,N,N,N,N
157.1,0.1,-0.0,1.0,1.0,-1.1,-17.5,-6.1,-0.2,994.3,-0.4,89.2,1,N,N,N,N
157.2,0.1,-0.0,1.0,1.0,-0.0,-17.5,-6.1,-0.2,994.3,0.0,89.2,1,N,N,N,N
157.3,0.1,-0.0,1.0,1.0,3.9,-17.5,-6.1,-0.2,994.2,2.0,89.2,1,N,N,N,N
157.4,0.1,-0.0,1.0,1.0,3.3,-17.5,-6.1,-0.2,994.2,1.8,89.2,1,N,N,N,N
157.5,0.1,-0.0,1.0,1.0,1.2,-17.5,-6.1,-0.2,994.3,0.7,89.2,1,N,N,N,N
157.6,0.1,-0.0,1.0,1.0,-0.5,-17.5,-6.1,-0.1,994.3,0.0,89.2,1,N,N,N,N
157.7,0.1,-0.0,1.0,1.0,-2.3,-17.5,-6.1,-0.1,994.3,-1.2,89.2,1,N,N,N,N
157.8,0.1,-0.0,1.0,1.0,-2.5,-17.5,-6.1,-0.1,994.3,-1.4,89.2,1,N,N,N,N
157.9,0.1,-0.0,1.0,1.0,0.9,-17.5,-6.2,-0.1,994.3,0.3,89.2,1,N,N,N,N
158.0,0.1,-0.0,1.0,1.0,-3.6,-17.5,-6.2,-0.1,994.4,-2.1,89.2,1,N,N,N,N
158.1,0.1,0.0,1.0,1.0,1.3,-17.5,-6.2,-0.1,994.3,0.1,89.2,1,N,N,N,N
158.2,0.1,0.0,1.0,1.0,-1.0,-17.5,-6.2,-0.1,994.3,-1.3,89.2,1,N,N,N,N
158.3,0.1,0.0,1.0,1.0,1.2,-17.5,-6.2,-0.1,994.3,-0.1,89.2,1,N,N,N,N
158.4,0.1,0.0,1.0,1.0,2.2,-17.5,-6.2,-0.1,994.3,0.1,89.2,1,N,N,N,N
158.5,0.1,0.0,1.0,1.0,1.5,-17.5,-6.2,-0.1,994.3,-0.1,89.2,1,N,N,N,N
158.6,0.1,-0.0,1.0,1.0,3.9,-17.5,-6.2,-0.1,994.3,1.1,89.2,1,N,N,N,N
158.7,0.1,0.0,1.0,1.0,2.5,-17.5,-6.2,-0.1,994.3,0.8,89.2,1,N,N,N,N
158.8,0.1,0.0,1.0,1.0,3.5,-17.5,-6.2,-0.1,994.3,1.5,89.2,1,N,N,N,N
158.9,0.1,0.0,1.0,1.0,-0.5,-17.5,-6.2,-0.1,994.3,-0.3,89.2,1,N,N,N,N
159.0,0.1,0.0,1.0,1.0,1.0,-17.5,-6.2,-0.1,994.3,0.1,89.2,1,N,N,N,N
159.1,0.1,0.0,1.0,1.0,1.6,-17.5,-6.2,-0.1,994.3,0.4,89.2,1,N,N,N,N
159.2,0.1,0.0,1.0,1.0,-0.5,-17.5,-6.2,-0.1,994.3,-0.6,89.2,1,N,N,N,N
159.3,0.1,-0.0,1.0,1.0,-2.3,-17.6,-6.5,0.5,994.4,-1.5,89.2,1,N,N,N,N
159.4,0.1,0.0,1.0,1.0,-0.3,-17.5,-6.8,1.1,994.3,-0.6,89.2,1,N,N,N,N
159.5,0.2,0.1,1.1,1.1,0.9,-16.8,-7.3,2.3,994.3,-0.1,89.2,1,N,N,N,N
159.6,0.1,0.0,1.0,1.0,1.8,-16.1,-6.9,0.4,994.3,0.6,89.2,1,N,N,N,N
159.7,0.1,0.0,1.0,1.0,0.3,-16.1,-6.8,0.3,994.3,-0.1,89.2,1,N,N,N,N
159.8,0.1,-0.0,1.0,1.0,1.0,-16.0,-6.3,-0.6,994.3,0.3,89.2,1,N,N,N,N
159.9,0.1,-0.0,1.0,1.0,3.1,-14.7,-5.4,-1.2,994.3,1.2,89.2,1,N,N,N,N
160.0,0.1,0.0,1.1,1.1,1.6,-13.9,-4.4,-1.8,994.3,0.3,89.2,1,N,N,N,N
160.1,-0.0,-0.1,1.0,1.0,-1.4,-14.6,-3.4,-3.2,994.3,-1.0,89.2,1,N,N,N,N
160.2,-0.0,-0.3,1.0,1.0,0.0,-16.8,-3.1,-5.3,994.3,-0.3,89.2,1,N,N,N,N
160.3,0.1,0.2,0.9,0.9,-1.5,0.0,5.5,0.1,994.3,-0.6,89.2,1,N,N,N,N
160.4,-0.4,0.7,0.9,1.2,0.9,-0.0,8.6,3.6,994.3,0.4,89.2,1,N,N,N,N
160.5,-0.3,-0.5,1.0,1.1,-1.2,0.0,16.4,-0.9,994.3,-0.8,89.2,1,N,N,N,N
160.6,-0.3,0.0,0.6,0.7,4.7,0.0,16.2,-2.5,994.2,2.3,89.2,1,N,N,N,N
160.7,-0.3,0.1,0.9,1.0,-2.0,0.0,11.8,13.4,994.3,-0.3,89.2,1,N,N,N,N
160.8,-0.2,0.1,0.9,0.9,3.8,0.0,10.3,9.5,994.2,2.6,89.2,1,N,N,N,N
160.9,-0.2,-0.0,1.0,1.0,0.7,0.0,12.5,-5.1,994.3,1.5,89.1,1,N,N,N,N
161.0,-0.1,-0.1,0.8,0.8,-0.3,-0.0,6.0,-3.9,994.3,1.0,89.2,1,N,N,N,N
161.1,0.0,-0.2,0.9,0.9,0.4,-0.0,-3.2,-5.8,994.3,1.3,89.2,1,N,N,N,N
161.2,0.1,0.0,1.3,1.3,-3.1,0.0,-4.7,-12.4,994.3,-0.4,89.2,1,N,N,N,N
161.3,0.2,-0.2,1.1,1.1,0.5,-0.0,-9.7,-15.6,994.3,1.1,89.1,1,N,N,N,N
161.4,0.2,-0.5,0.8,1.0,-0.9,-0.0,-13.1,-25.1,994.3,0.2,89.2,1,N,N,N,N
161.5,0.2,-0.5,0.8,1.0,-0.7,0.0,-13.1,-30.8,994.3,0.3,89.2,1,N,N,N,N
161.6,0.2,-0.5,0.9,1.1,-4.5,0.0,-11.9,-31.4,994.4,-1.9,89.2,1,N,N,N,N
161.7,0.2,-0.4,1.0,1.1,-1.5,0.0,-11.7,-28.3,994.3,-0.3,89.2,1,N,N,N,N
161.8,0.3,-0.4,0.9,1.1,-2.0,0.0,-12.3,-26.0,994.3,-0.6,89.2,1,N,N,N,N
161.9,0.3,-0.5,0.9,1.1,1.6,-0.0,-13.0,-23.3,994.3,1.0,89.1,1,N,N,N,N
162.0,0.2,-0.4,0.7,0.9,0.1,-0.0,-14.0,-22.7,994.3,0.3,89.2,1,N,N,N,N
162.1,0.2,-0.3,0.9,1.0,4.7,0.0,-13.8,-22.8,994.2,2.7,89.1,1,N,N,N,N
162.2,0.2,-0.5,1.1,1.2,5.2,0.0,-13.1,-24.6,994.2,3.2,89.1,1,N,N,N,N
162.3,0.2,-0.5,0.9,1.1,-1.7,0.0,-13.8,-20.9,994.3,-0.0,89.1,1,N,N,N,N
162.4,0.3,-0.2,1.0,1.1,3.1,0.0,-17.1,-16.3,994.2,2.5,89.1,1,N,N,N,N
162.5,0.4,-0.3,0.9,1.0,1.0,0.0,-21.2,-14.4,994.2,1.8,89.1,1,N,N,N,N
162.6,0.4,-0.2,0.8,0.9,4.3,0.0,-23.5,-14.6,994.1,3.7,89.1,1,N,N,N,N
162.7,0.4,-0.2,0.8,1.0,0.2,0.0,-24.5,-13.3,994.2,2.0,89.1,1,N,N,N,N
162.8,0.3,-0.3,0.8,1.0,6.0,-0.0,-24.5,-15.2,994.0,5.5,89.1,1,N,N,N,N
162.9,0.3,-0.3,0.9,1.0,2.8,0.0,-20.4,-23.4,994.0,4.4,89.1,1,N,N,N,N
163.0,0.2,-0.3,0.9,1.0,0.9,0.0,-13.9,-31.9,994.1,3.7,89.1,1,N,N,N,N
163.1,0.3,-0.0,0.7,0.7,0.7,-0.0,-11.5,-27.6,994.1,3.4,89.1,1,N,N,N,N
163.2,0.1,-0.2,0.9,1.0,-0.6,-0.0,-8.3,-26.8,994.1,2.8,89.1,1,N,N,N,N
163.3,0.0,-0.4,0.9,0.9,-2.8,-0.0,-2.7,-28.9,994.1,1.7,89.1,1,N,N,N,N
163.4,0.0,-0.5,1.0,1.1,0.2,-0.0,-1.7,-27.8,994.0,3.2,89.0,1,N,N,N,N
163.5,0.1,-0.5,0.9,1.0,0.8,0.0,-3.3,-29.9,994.0,3.5,89.0,1,N,N,N,N
163.6,0.1,-0.4,1.0,1.0,-0.7,-0.0,-7.8,-22.3,994.0,2.8,89.0,1,N,N,N,N
163.7,0.2,-0.4,0.7,0.8,1.5,-0.0,-9.9,-28.1,994.0,4.0,89.0,1,N,N,N,N
163.8,0.2,-0.5,0.9,1.0,-1.3,-0.0,-9.0,-31.3,994.0,2.5,89.0,1,N,N,N,N
163.9,0.1,-0.6,0.8,1.0,2.0,0.1,-9.7,-31.0,993.9,4.1,89.0,1,N,N,N,N
164.0,0.3,-0.7,0.6,1.0,-1.1,2.3,-13.6,-30.2,994.0,2.3,89.0,1,N,N,N,N
164.1,0.4,-0.4,0.8,1.0,-0.3,0.6,-18.1,-25.5,994.0,2.7,89.0,1,N,N,N,N
164.2,0.3,-0.2,0.8,0.9,-3.7,-3.0,-17.5,-19.5,994.0,1.1,89.0,1,N,N,N,N
164.3,0.3,-0.3,1.2,1.3,0.3,-6.9,-13.8,-14.7,994.0,2.8,89.0,1,N,N,N,N
164.4,0.2,-0.3,0.8,0.9,-6.1,-9.0,-13.9,-7.8,994.1,-0.6,89.0,1,N,N,N,N
164.5,0.3,-0.0,1.1,1.1,-2.4,-10.7,-14.9,1.5,994.0,1.0,89.0,1,N,N,N,N
164.6,0.3,-0.0,1.0,1.0,-4.6,-8.6,-16.6,6.9,994.1,-0.3,89.0,1,N,N,N,N
164.7,0.3,-0.0,0.9,1.0,-2.6,-7.3,-19.1,6.2,994.0,0.4,89.0,1,N,N,N,N
164.8,0.4,0.2,0.9,1.0,-1.7,-6.3,-23.4,9.4,994.0,0.6,89.0,1,N,N,N,N
164.9,0.6,0.1,1.2,1.3,-1.1,-7.5,-24.6,13.9,994.0,0.7,89.1,1,N,N,N,N
165.0,0.6,0.1,1.0,1.2,-2.2,-8.3,-26.2,16.0,994.0,-0.2,89.1,1,N,N,N,N
165.1,0.5,0.1,1.0,1.1,-6.3,-7.6,-27.3,18.1,994.1,-2.4,89.1,1,N,N,N,N
165.2,0.4,0.2,0.9,1.0,-3.0,-7.0,-28.3,19.8,994.1,-1.1,89.1,1,N,N,N,N
165.3,0.5,0.2,0.8,0.9,-8.3,-7.2,-30.2,20.5,994.2,-4.3,89.1,1,N,N,N,N
165.4,0.6,0.3,0.8,1.0,-7.4,-9.9,-32.2,23.0,994.2,-4.2,89.1,1,N,N,N,N
165.5,0.5,0.3,0.7,1.0,-5.7,-12.3,-33.0,25.6,994.2,-3.9,89.1,1,N,N,N,N
165.6,0.5,0.3,0.7,1.0,-3.3,-12.2,-33.7,26.8,994.2,-3.1,89.1,1,N,N,N,N
165.7,0.5,0.3,0.7,0.9,-4.1,-12.7,-36.7,28.2,994.2,-3.7,89.1,1,N,N,N,N
165.8,0.6,0.4,0.7,1.0,-3.7,-10.9,-39.0,28.3,994.3,-3.8,89.1,1,N,N,N,N
165.9,0.7,0.4,0.5,1.0,-1.2,-9.8,-42.4,28.1,994.2,-2.6,89.1,1,N,N,N,N
166.0,0.7,0.2,0.6,0.9,2.8,-10.2,-45.7,27.4,994.2,-0.6,89.1,1,N,N,N,N
166.1,0.8,0.2,0.6,1.1,-0.3,-10.6,-47.5,25.4,994.2,-1.7,89.1,1,N,N,N,N
166.2,0.8,0.2,0.6,1.0,-0.1,-7.9,-48.1,21.8,994.2,-1.6,89.1,1,N,N,N,N
166.3,0.7,0.1,0.7,1.0,1.6,-5.1,-46.1,18.1,994.2,-0.8,89.1,1,N,N,N,N
166.4,0.7,0.1,0.7,1.0,-2.2,-2.5,-45.2,15.3,994.3,-2.6,89.1,1,N,N,N,N
166.5,0.7,0.1,0.7,1.0,-2.1,-0.7,-43.4,14.0,994.3,-2.9,89.1,1,N,N,N,N
166.6,0.6,0.1,0.8,1.0,-1.1,0.3,-41.3,12.8,994.3,-2.6,89.1,1,N,N,N,N
166.7,0.7,0.1,0.8,1.0,-1.9,1.2,-40.2,12.1,994.3,-3.2,89.2,1,N,N,N,N
166.8,0.7,0.1,0.8,1.1,-2.4,2.0,-39.3,11.9,994.3,-3.7,89.2,1,N,N,N,N
166.9,0.7,0.1,0.7,1.0,0.2,1.1,-39.5,12.7,994.3,-2.7,89.2,1,N,N,N,N
167.0,0.7,0.2,0.7,1.0,-0.4,0.5,-40.3,13.1,994.3,-3.0,89.2,1,N,N,N,N
167.1,0.7,0.1,0.7,1.0,-0.2,-0.4,-40.6,13.8,994.3,-3.1,89.2,1,N,N,N,N
167.2,0.7,0.2,0.7,1.0,-0.8,-1.9,-40.6,14.3,994.4,-3.4,89.2,1,N,N,N,N
167.3,0.7,0.2,0.7,1.0,0.8,-3.8,-40.4,15.4,994.3,-2.5,89.2,1,N,N,N,N
167.4,0.6,0.2,0.7,1.0,-1.1,-4.7,-40.2,15.0,994.4,-3.4,89.2,1,N,N,N,N
167.5,0.6,0.2,0.7,0.9,-0.0,-3.9,-41.7,15.2,994.4,-2.8,89.2,1,N,N,N,N
167.6,0.6,0.2,0.8,1.1,-2.4,-2.2,-40.9,13.8,994.4,-3.6,89.2,1,N,N,N,N
167.7,0.7,0.1,0.7,1.0,1.2,1.3,-41.3,11.4,994.3,-1.6,89.2,1,N,N,N,N
167.8,0.8,0.3,0.7,1.1,1.0,2.9,-41.0,10.0,994.4,-1.6,89.2,1,N,N,N,N
167.9,0.7,0.1,0.8,1.1,2.4,3.6,-37.3,7.0,994.3,-1.0,89.2,1,N,N,N,N
168.0,0.7,0.0,0.9,1.1,1.4,3.3,-34.4,5.9,994.4,-1.5,89.2,1,N,N,N,N
168.1,0.5,0.1,1.0,1.1,-0.4,3.9,-29.1,5.0,994.4,-2.2,89.2,1,N,N,N,N
168.2,0.5,0.0,0.9,1.0,2.4,5.3,-27.0,3.4,994.3,-0.8,89.2,1,N,N,N,N
168.3,0.5,0.1,0.9,1.0,0.4,6.3,-29.3,4.6,994.4,-1.5,89.2,1,N,N,N,N
168.4,0.5,0.1,0.9,1.0,2.0,6.0,-29.0,5.0,994.3,-0.5,89.2,1,N,N,N,N
168.5,0.5,0.1,0.9,1.0,2.5,5.8,-28.5,6.3,994.3,0.0,89.2,1,N,N,N,N
168.6,0.5,0.1,0.9,1.0,2.2,4.9,-27.4,7.4,994.3,-0.1,89.2,1,N,N,N,N
168.7,0.4,0.1,0.9,1.0,-1.6,5.2,-25.4,5.0,994.4,-1.8,89.2,1,N,N,N,N
168.8,0.4,0.2,0.9,1.0,1.1,3.5,-27.1,10.1,994.3,-0.6,89.2,1,N,N,N,N
168.9,0.5,0.2,0.9,1.0,3.9,2.9,-26.8,13.9,994.3,1.0,89.2,1,N,N,N,N
169.0,0.5,0.3,0.8,1.0,2.2,2.7,-27.2,16.8,994.3,0.5,89.2,1,N,N,N,N
169.1,0.5,0.3,0.8,1.0,1.6,1.5,-28.4,19.0,994.3,0.5,89.2,1,N,N,N,N
169.2,0.5,0.3,0.8,0.9,0.9,-0.1,-28.9,20.7,994.3,0.2,89.2,1,N,N,N,N
169.3,0.5,0.3,0.8,1.0,-1.0,-0.8,-29.2,21.1,994.4,-0.7,89.2,1,N,N,N,N
169.4,0.5,0.3,0.8,1.0,-3.1,-1.0,-29.5,21.4,994.4,-2.0,89.2,1,N,N,N,N
169.5,0.5,0.3,0.8,1.0,-4.2,-0.3,-29.0,21.1,994.4,-2.9,89.2,1,N,N,N,N
169.6,0.4,0.2,0.8,0.9,-4.8,1.1,-29.6,20.6,994.5,-3.5,89.2,1,N,N,N,N
169.7,0.5,0.3,0.8,1.0,-2.2,4.2,-29.5,18.7,994.4,-2.4,89.2,1,N,N,N,N
169.8,0.6,0.3,0.9,1.1,-1.1,8.1,-28.6,15.1,994.4,-2.2,89.2,1,N,N,N,N
169.9,0.6,0.2,0.9,1.1,-0.7,9.1,-28.9,14.3,994.5,-2.2,89.2,1,N,N,N,N
170.0,0.5,0.2,0.9,1.0,0.2,8.9,-28.9,14.7,994.5,-1.9,89.2,1,N,N,N,N
170.1,0.5,0.3,0.9,1.0,1.2,8.6,-29.2,15.6,994.4,-1.5,89.2,1,N,N,N,N
170.2,0.5,0.3,0.8,1.0,-0.8,8.0,-28.3,16.0,994.5,-2.6,89.2,1,N,N,N,N
170.3,0.5,0.2,0.9,1.0,-1.7,7.3,-28.0,16.9,994.5,-2.9,89.2,1,N,N,N,N
170.4,0.5,0.2,0.9,1.1,-1.1,5.2,-27.5,18.9,994.5,-2.9,89.3,1,N,N,N,N
170.5,0.4,0.3,0.8,1.0,3.3,1.8,-27.2,22.3,994.5,-0.9,89.3,1,N,N,N,N
170.6,0.5,0.4,0.8,1.0,-2.5,0.8,-27.5,24.3,994.6,-3.4,89.3,1,N,N,N,N
170.7,0.5,0.4,0.8,1.0,-3.1,-0.1,-26.9,26.2,994.6,-3.8,89.3,1,N,N,N,N
170.8,0.4,0.4,0.8,1.0,-1.6,-1.1,-25.7,28.5,994.6,-3.2,89.3,1,N,N,N,N
170.9,0.4,0.5,0.7,0.9,-1.7,-2.8,-24.9,32.5,994.6,-3.5,89.3,1,N,N,N,N
171.0,0.4,0.5,0.7,1.0,-2.4,-3.7,-24.7,35.1,994.6,-3.8,89.3,1,N,N,N,N
171.1,0.4,0.5,0.7,1.0,0.3,-5.3,-24.9,36.4,994.6,-2.4,89.3,1,N,N,N,N
171.2,0.3,0.5,0.8,1.0,-0.0,-6.7,-25.6,37.7,994.6,-2.7,89.3,1,N,N,N,N
171.3,0.4,0.5,0.7,0.9,8.3,-8.3,-26.7,39.1,994.5,1.5,89.3,1,N,N,N,N
171.4,0.4,0.5,0.6,0.9,5.6,-8.5,-29.0,39.0,994.5,0.7,89.2,1,N,N,N,N
171.5,0.5,0.4,0.7,1.0,3.4,-3.9,-31.1,34.2,994.5,-0.1,89.3,1,N,N,N,N
171.6,0.6,0.4,0.7,1.0,1.4,1.0,-33.4,28.4,994.6,-0.8,89.3,1,N,N,N,N
171.7,0.6,0.4,0.7,1.0,3.1,6.1,-33.9,22.4,994.5,0.2,89.3,1,N,N,N,N
171.8,0.6,0.3,0.8,1.1,-2.7,9.7,-33.7,16.0,994.6,-2.7,89.3,1,N,N,N,N
171.9,0.7,0.3,0.9,1.1,-1.1,11.3,-33.0,12.2,994.6,-2.2,89.3,1,N,N,N,N
172.0,0.5,0.1,0.9,1.1,-2.3,11.6,-31.2,9.5,994.6,-2.7,89.3,1,N,N,N,N
172.1,0.6,0.1,1.0,1.1,-0.3,12.8,-29.6,6.7,994.6,-2.1,89.3,1,N,N,N,N
172.2,0.5,0.1,0.9,1.0,-1.5,13.5,-27.7,4.7,994.7,-2.9,89.3,1,N,N,N,N
172.3,0.4,-0.0,1.0,1.1,-3.5,14.1,-24.2,1.3,994.7,-3.9,89.3,1,N,N,N,N
172.4,0.5,0.0,0.9,1.1,-0.3,15.0,-24.0,1.2,994.7,-2.6,89.3,1,N,N,N,N
172.5,0.5,0.1,1.0,1.1,-1.5,16.3,-24.0,2.4,994.7,-3.2,89.3,1,N,N,N,N
172.6,0.5,-0.0,0.9,1.0,-1.9,17.3,-24.2,2.4,994.7,-3.9,89.3,1,N,N,N,N
172.7,0.6,-0.0,1.0,1.2,-2.2,18.0,-26.2,5.7,994.8,-4.6,89.3,1,N,N,N,N
172.8,0.5,0.1,1.0,1.1,2.2,18.8,-25.2,12.4,994.7,-2.9,89.3,1,N,N,N,N
172.9,0.4,0.3,0.8,1.0,0.9,13.1,-26.5,24.5,994.8,-3.7,89.3,1,N,N,N,N
173.0,0.4,0.5,0.7,0.9,1.8,3.0,-26.1,34.9,994.8,-2.9,89.3,1,N,N,N,N
173.1,0.5,0.6,0.7,1.1,5.8,-4.6,-27.4,38.9,994.7,-0.3,89.3,1,N,N,N,N
173.2,0.3,0.5,0.6,0.9,2.0,-11.7,-27.7,40.2,994.7,-1.8,89.3,1,N,N,N,N
173.3,0.4,0.7,0.5,0.9,4.3,-17.5,-29.6,43.0,994.7,-0.2,89.3,1,N,N,N,N
173.4,0.3,0.6,0.5,0.8,5.1,-22.4,-28.7,44.0,994.6,0.8,89.3,1,N,N,N,N
173.5,0.3,0.6,0.6,0.9,2.0,-23.3,-30.2,41.7,994.7,-0.4,89.3,1,N,N,N,N
173.6,0.4,0.7,0.6,1.0,1.5,-22.5,-34.9,38.1,994.7,-0.1,89.3,1,N,N,N,N
173.7,0.6,0.3,0.8,1.1,1.5,-17.5,-37.2,30.6,994.7,0.2,89.3,1,N,N,N,N
173.8,0.5,0.3,0.7,0.9,0.8,-13.2,-37.6,26.7,994.7,-0.3,89.3,1,N,N,N,N
173.9,0.5,0.4,0.6,0.9,3.3,-9.0,-38.4,25.9,994.6,1.2,89.3,1,N,N,N,N
174.0,0.7,0.2,0.6,1.0,2.2,-1.0,-38.8,21.6,994.6,1.1,89.3,1,N,N,N,N
174.1,0.8,-0.0,1.0,1.3,-0.5,6.5,-34.0,16.8,994.7,-0.5,89.3,1,N,N,N,N
174.2,0.6,0.1,0.9,1.1,4.4,11.9,-27.5,11.8,994.6,2.1,89.3,1,N,N,N,N
174.3,0.7,0.2,0.9,1.2,6.2,12.0,-25.5,10.2,994.6,3.1,89.3,1,N,N,N,N
174.4,0.4,0.2,0.9,1.0,4.0,10.2,-24.0,10.0,994.6,2.3,89.3,1,N,N,N,N
174.5,0.3,0.1,0.9,1.0,-0.1,7.1,-26.2,11.5,994.6,0.7,89.3,1,N,N,N,N
174.6,0.6,0.1,1.0,1.2,-1.8,2.1,-27.4,13.4,994.7,-0.3,89.3,1,N,N,N,N
174.7,0.4,0.2,1.0,1.1,0.4,-6.0,-27.8,18.8,994.6,0.5,89.3,1,N,N,N,N
174.8,0.4,0.3,0.9,1.0,-0.8,-13.2,-28.9,25.2,994.7,-0.2,89.3,1,N,N,N,N
174.9,0.4,0.4,0.7,0.9,4.2,-16.5,-26.5,28.7,994.6,2.5,89.3,1,N,N,N,N
175.0,0.4,0.4,0.6,0.9,1.1,-20.0,-26.8,30.6,994.6,1.5,89.3,1,N,N,N,N
175.1,0.5,0.5,0.7,1.0,4.5,-23.7,-26.7,31.2,994.5,3.7,89.2,1,N,N,N,N
175.2,0.5,0.5,0.7,1.0,6.5,-28.1,-25.4,31.2,994.4,5.1,89.2,1,N,N,N,N
175.3,0.6,0.5,0.7,1.1,8.1,-33.0,-25.9,29.6,994.4,6.7,89.2,1,N,N,N,N
175.4,0.5,0.4,0.9,1.1,9.6,-37.8,-25.3,26.3,994.3,8.0,89.2,1,N,N,N,N
175.5,0.4,0.4,0.9,1.1,7.2,-43.6,-25.3,24.5,994.3,7.3,89.2,1,N,N,N,N
175.6,0.5,0.3,0.9,1.0,0.9,-48.4,-25.0,22.9,994.4,4.3,89.2,1,N,N,N,N
175.8,0.3,0.3,0.9,1.0,-0.5,-51.9,-22.8,20.8,994.4,3.2,89.2,1,N,N,N,N
175.9,0.3,0.3,0.8,1.0,-1.6,-54.6,-22.9,20.2,994.4,2.4,89.2,1,N,N,N,N
176.0,0.4,0.3,0.9,1.0,-6.3,-56.2,-23.4,18.2,994.5,-0.3,89.3,1,N,N,N,N
176.1,0.4,0.2,0.9,1.0,-4.9,-59.1,-22.6,15.8,994.5,-0.1,89.3,1,N,N,N,N
176.2,0.4,0.2,0.9,1.0,-2.4,-62.0,-22.7,14.0,994.5,0.7,89.2,1,N,N,N,N
176.3,0.4,0.2,1.0,1.1,-0.9,-64.9,-22.3,12.9,994.5,1.2,89.2,1,N,N,N,N
176.4,0.4,0.2,1.0,1.1,0.8,-67.9,-22.5,12.4,994.4,1.8,89.2,1,N,N,N,N
176.5,0.4,0.2,0.9,1.0,-1.4,-71.4,-24.3,12.4,994.5,0.5,89.2,1,N,N,N,N
176.6,0.4,0.2,0.9,1.0,-3.9,-74.7,-26.6,12.4,994.5,-1.0,89.3,1,N,N,N,N
176.7,0.4,0.3,0.8,1.0,-4.5,-76.5,-28.2,12.7,994.6,-1.7,89.3,1,N,N,N,N
176.8,0.2,0.2,0.9,0.9,-6.6,-77.0,-28.8,11.6,994.6,-3.2,89.3,1,N,N,N,N
176.9,0.1,0.2,0.9,1.0,-7.4,-73.4,-27.9,10.0,994.7,-4.0,89.3,1,N,N,N,N
177.0,0.3,0.2,1.0,1.0,-5.5,-67.2,-26.6,9.7,994.7,-3.8,89.3,1,N,N,N,N
177.1,0.4,0.1,1.0,1.1,-5.8,-60.1,-25.2,10.1,994.7,-4.6,89.3,1,N,N,N,N
177.2,0.3,0.1,0.9,1.0,-2.7,-52.6,-23.2,10.7,994.7,-3.5,89.3,1,N,N,N,N
177.3,0.4,0.1,1.0,1.1,-2.8,-44.1,-22.5,10.2,994.7,-4.0,89.3,1,N,N,N,N
177.4,0.5,0.1,0.8,0.9,-0.6,-36.0,-23.0,9.4,994.7,-3.2,89.3,1,N,N,N,N
177.5,0.3,0.1,0.8,0.9,1.4,-30.4,-19.4,7.9,994.7,-2.0,89.3,1,N,N,N,N
177.6,0.3,0.1,0.9,0.9,-7.9,-25.3,-17.3,5.3,994.9,-6.8,89.4,1,N,N,N,N
177.7,0.4,-0.0,1.1,1.1,-1.9,-22.4,-17.3,3.8,994.8,-4.0,89.4,1,N,N,N,N
177.8,0.5,0.0,1.0,1.1,-3.6,-17.3,-20.2,3.1,994.9,-5.4,89.4,1,N,N,N,N
177.9,0.5,-0.0,1.0,1.1,-3.9,-15.8,-21.6,2.0,994.9,-5.9,89.4,1,N,N,N,N
178.0,0.3,-0.0,1.0,1.0,-5.8,-13.3,-21.2,1.0,995.0,-7.4,89.4,1,N,N,N,N
178.1,0.5,0.0,1.0,1.1,-1.5,-10.8,-21.1,-0.5,994.9,-5.7,89.4,1,N,N,N,N
178.2,0.3,0.0,1.0,1.0,-1.6,-9.8,-17.0,0.9,995.0,-6.1,89.5,1,N,N,N,N
178.3,0.2,0.0,0.9,0.9,-2.6,-8.1,-13.6,3.0,995.0,-6.7,89.5,1,N,N,N,N
178.4,0.2,0.1,1.0,1.0,-2.6,-4.8,-12.3,2.6,995.1,-7.0,89.5,1,N,N,N,N
178.5,0.3,0.0,1.1,1.1,-3.0,-4.4,-13.0,1.3,995.1,-7.4,89.5,1,N,N,N,N
178.6,0.2,0.1,1.0,1.1,1.5,-3.2,-13.9,1.8,995.0,-5.2,89.5,1,N,N,N,N
178.7,0.2,0.1,0.9,1.0,-2.3,-1.4,-14.0,2.2,995.1,-7.0,89.5,1,N,N,N,N
178.8,0.3,0.0,1.0,1.0,5.0,-0.4,-14.6,2.1,995.0,-3.2,89.5,1,N,N,N,N
178.9,0.3,0.1,1.0,1.0,4.5,0.7,-15.4,1.6,995.0,-3.2,89.5,1,N,N,N,N
179.0,0.3,0.0,1.0,1.0,-0.2,1.9,-15.6,0.8,995.1,-5.3,89.5,1,N,N,N,N
179.1,0.3,0.1,1.0,1.1,1.7,2.4,-15.8,-0.3,995.1,-4.1,89.5,1,N,N,N,N
179.2,0.3,0.0,1.0,1.1,3.9,1.6,-13.5,-0.0,995.0,-2.8,89.5,1,N,N,N,N
179.3,0.2,0.1,1.0,1.0,1.5,1.6,-9.5,1.4,995.1,-3.7,89.5,1,N,N,N,N
179.4,0.2,0.1,0.9,1.0,4.5,3.6,-10.1,2.6,995.0,-2.0,89.5,1,N,N,N,N
179.5,0.2,0.1,0.9,0.9,0.8,5.9,-12.5,3.8,995.1,-3.6,89.5,1,N,N,N,N
179.6,0.3,0.1,0.9,0.9,-1.5,9.4,-14.8,3.4,995.2,-4.8,89.5,1,N,N,N,N
179.7,0.2,-0.1,1.0,1.0,0.8,11.8,-16.0,3.0,995.1,-3.6,89.5,1,N,N,N,N
179.8,0.3,0.0,0.9,1.0,3.0,17.0,-18.5,2.9,995.1,-2.2,89.5,1,N,N,N,N
179.9,0.4,0.0,0.9,1.0,-2.6,24.2,-23.2,0.7,995.2,-5.1,89.5,1,N,N,N,N
180.0,0.4,-0.0,0.8,0.9,-1.5,30.0,-25.1,-2.1,995.2,-4.8,89.5,1,N,N,N,N
180.1,0.4,-0.1,1.0,1.1,3.4,32.2,-22.8,-8.8,995.1,-2.3,89.5,1,N,N,N,N
180.2,0.4,-0.1,0.9,1.0,-3.4,35.7,-27.7,-7.9,995.3,-5.7,89.5,1,N,N,N,N
180.3,0.5,-0.1,0.8,0.9,1.9,37.6,-34.0,-4.7,995.2,-3.0,89.6,1,N,N,N,N
180.4,0.5,-0.1,0.9,1.0,-0.8,43.1,-34.0,-6.2,995.3,-4.2,89.6,1,N,N,N,N
180.5,0.6,-0.1,0.9,1.0,-0.3,48.3,-31.0,-8.3,995.3,-4.2,89.6,1,N,N,N,N
180.6,0.4,-0.2,0.9,1.0,2.0,53.1,-25.5,-11.7,995.2,-3.1,89.6,1,N,N,N,N
180.7,0.3,-0.5,1.0,1.1,-0.6,0.0,-14.3,-19.8,995.3,-3.9,89.6,1,N,N,N,N
180.8,0.3,-0.3,1.0,1.0,-1.1,-0.0,-12.1,-19.6,995.3,-4.2,89.6,1,N,N,N,N
180.9,0.2,-0.5,0.9,1.1,3.0,-0.0,-10.7,-27.0,995.2,-2.0,89.6,1,N,N,N,N
181.0,0.1,-0.5,0.8,1.0,4.4,0.0,-5.2,-35.1,995.2,-1.0,89.6,1,N,N,N,N
181.1,0.1,-0.6,1.7,1.8,1.9,-0.0,-5.7,-36.4,995.3,-2.1,89.6,1,N,N,N,N
181.2,0.2,-0.6,0.6,0.8,2.1,-0.0,-18.2,-47.1,995.2,-1.2,89.5,1,N,N,N,N
181.3,0.4,-0.7,0.7,1.1,2.5,0.0,-17.0,-46.3,995.2,-0.7,89.5,1,N,N,N,N
181.4,0.4,-0.4,0.8,0.9,5.0,-0.0,-26.4,-28.3,995.2,1.0,89.5,1,N,N,N,N
181.5,0.3,-0.5,0.7,0.9,1.0,-0.0,-25.0,-26.1,995.2,-0.7,89.5,1,N,N,N,N
181.6,0.5,-0.2,0.8,1.0,2.8,0.0,-28.9,-20.4,995.2,0.5,89.5,1,N,N,N,N
181.7,0.5,-0.2,0.9,1.1,1.3,0.0,-29.3,-17.5,995.2,-0.2,89.5,1,N,N,N,N
181.8,0.5,-0.3,0.8,1.0,3.5,-0.0,-31.7,-15.6,995.2,1.2,89.5,1,N,N,N,N
181.9,0.6,-0.1,0.6,0.8,0.6,0.0,-32.3,-20.2,995.2,0.0,89.5,1,N,N,N,N
182.0,0.2,-0.1,0.9,1.0,3.2,0.0,-17.7,-12.6,995.1,2.0,89.5,1,N,N,N,N
182.1,0.3,0.2,1.3,1.3,3.2,-0.0,-8.3,6.0,995.1,2.1,89.5,1,N,N,N,N
182.2,0.1,0.1,1.0,1.0,1.5,-0.0,-4.7,7.1,995.1,1.4,89.5,1,N,N,N,N
182.3,0.1,-0.0,1.1,1.1,1.6,-0.0,-2.4,0.9,995.1,1.4,89.5,1,N,N,N,N
182.4,0.1,0.0,1.1,1.1,1.0,-0.0,-4.0,1.5,995.1,1.3,89.5,1,N,N,N,N
182.5,0.1,-0.0,1.0,1.0,0.3,0.0,-4.3,-4.3,995.1,1.0,89.5,1,N,N,N,N
182.6,0.0,0.0,1.0,1.0,0.5,0.0,-1.3,-3.7,995.1,1.1,89.5,1,N,N,N,N
182.7,0.0,-0.1,1.0,1.0,-0.1,-0.0,-1.2,-3.4,995.1,0.8,89.5,1,N,N,N,N
182.8,0.0,-0.1,1.0,1.0,-3.1,0.0,-0.5,-4.2,995.2,-0.9,89.5,1,N,N,N,N
182.9,-0.0,-0.1,1.0,1.0,-2.1,-0.0,0.6,-5.0,995.2,-0.6,89.5,1,N,N,N,N
183.0,-0.0,0.0,1.0,1.0,0.3,0.0,1.0,-3.1,995.1,0.7,89.5,1,N,N,N,N
183.1,-0.0,-0.0,1.0,1.0,-0.0,0.0,2.3,-1.5,995.1,0.4,89.5,1,N,N,N,N
183.2,-0.0,-0.0,1.0,1.0,2.4,0.0,0.6,-0.9,995.1,1.5,89.5,1,N,N,N,N
183.3,0.0,-0.0,1.0,1.0,-0.1,0.0,-0.6,-0.8,995.1,0.3,89.5,1,N,N,N,N
183.4,-0.0,-0.0,1.0,1.0,-2.5,0.0,-0.6,-1.0,995.2,-1.1,89.5,1,N,N,N,N
183.5,-0.0,-0.0,1.0,1.0,1.0,0.0,0.5,-1.2,995.1,0.5,89.5,1,N,N,N,N
183.6,-0.0,-0.0,1.0,1.0,0.1,-0.0,1.5,-1.3,995.2,-0.1,89.5,1,N,N,N,N
183.7,-0.0,-0.0,1.0,1.0,-0.4,-0.0,1.9,-1.2,995.2,-0.1,89.5,1,N,N,N,N
183.8,-0.0,-0.0,1.0,1.0,1.8,-0.0,2.1,-1.1,995.1,1.0,89.5,1,N,N,N,N
183.9,-0.0,-0.0,1.0,1.0,-0.5,-0.0,1.8,-1.2,995.1,-0.1,89.5,1,N,N,N,N
184.0,-0.0,-0.0,1.0,1.0,-0.3,-0.0,1.9,-1.2,995.2,-0.2,89.5,1,N,N,N,N
184.1,-0.0,-0.0,1.0,1.0,-1.2,-0.0,1.9,-1.2,995.2,-0.3,89.5,1,N,N,N,N
184.2,-0.0,-0.0,1.0,1.0,0.5,0.0,2.0,-1.2,995.1,0.2,89.5,1,N,N,N,N
184.3,-0.0,-0.0,1.0,1.0,2.0,-0.0,2.3,-1.1,995.1,1.0,89.5,1,N,N,N,N
184.4,-0.0,-0.0,1.0,1.0,-1.0,0.0,2.4,-1.1,995.2,-0.2,89.5,1,N,N,N,N
184.5,-0.0,-0.0,1.0,1.0,-0.0,0.0,2.3,-1.1,995.1,0.1,89.5,1,N,N,N,N
184.6,-0.0,-0.0,1.0,1.0,-0.3,0.0,2.4,-1.1,995.2,-0.1,89.5,1,N,N,N,N
184.7,-0.0,-0.0,1.0,1.0,2.4,-0.0,2.5,-1.0,995.1,1.4,89.5,1,N,N,N,N
184.8,-0.0,-0.0,1.0,1.0,1.2,-0.0,2.6,-1.0,995.1,1.0,89.5,1,N,N,N,N
184.9,-0.0,-0.0,1.0,1.0,2.3,-0.0,2.5,-1.1,995.1,1.7,89.5,1,N,N,N,N
185.0,-0.0,-0.0,1.0,1.0,-0.4,0.1,2.9,-0.9,995.1,0.5,89.5,1,N,N,N,N
185.1,-0.1,-0.0,1.0,1.0,0.2,0.3,3.1,-0.8,995.1,0.9,89.5,1,N,N,N,N
185.2,-0.1,-0.0,1.0,1.0,1.9,0.4,3.2,-0.8,995.1,1.9,89.5,1,N,N,N,N
185.3,-0.1,-0.0,1.0,1.0,-1.3,0.4,3.4,-0.7,995.1,0.4,89.5,1,N,N,N,N
185.4,-0.1,-0.0,1.0,1.0,2.1,0.4,3.2,-0.8,995.0,2.3,89.5,1,N,N,N,N
185.5,-0.1,-0.0,1.0,1.0,3.3,0.4,3.5,-0.7,995.0,3.3,89.5,1,N,N,N,N
185.6,-0.1,-0.0,1.0,1.0,-0.6,0.5,4.0,-0.5,995.0,1.5,89.5,1,N,N,N,N
185.7,-0.1,-0.0,1.0,1.0,-0.2,0.4,4.1,-0.4,995.0,1.5,89.5,1,N,N,N,N
185.8,-0.1,0.0,1.0,1.0,-0.5,0.6,5.0,-0.0,995.0,1.5,89.5,1,N,N,N,N
185.9,-0.1,0.0,1.0,1.0,-0.2,0.7,5.1,0.0,995.0,1.6,89.5,1,N,N,N,N
186.0,-0.1,-0.0,1.0,1.0,-2.1,0.7,4.2,-0.4,995.1,0.5,89.5,1,N,N,N,N
186.1,-0.1,-0.0,1.0,1.0,-1.8,0.6,4.1,-0.5,995.1,0.4,89.5,1,N,N,N,N
186.2,-0.1,-0.0,1.0,1.0,-1.4,0.7,3.8,-0.6,995.1,0.3,89.5,1,N,N,N,N
186.3,-0.1,-0.0,1.0,1.0,-1.5,0.7,3.8,-0.6,995.1,-0.0,89.5,1,N,N,N,N
186.4,-0.1,-0.0,1.0,1.0,-3.2,0.7,3.6,-0.7,995.1,-1.1,89.5,1,N,N,N,N
186.5,-0.1,-0.0,1.0,1.0,-1.9,0.7,3.7,-0.6,995.1,-0.7,89.5,1,N,N,N,N
186.6,-0.1,-0.0,1.0,1.0,-1.1,0.8,3.6,-0.7,995.1,-0.5,89.5,1,N,N,N,N
186.7,-0.1,-0.0,1.0,1.0,-2.6,0.8,3.7,-0.6,995.1,-1.4,89.5,1,N,N,N,N
186.8,-0.1,-0.0,1.0,1.0,-1.4,0.8,3.6,-0.7,995.1,-0.8,89.5,1,N,N,N,N
186.9,-0.1,-0.0,1.0,1.0,-3.5,0.8,3.6,-0.7,995.2,-1.9,89.5,1,N,N,N,N
187.0,-0.1,-0.0,1.0,1.0,0.6,0.9,3.6,-0.7,995.1,-0.3,89.5,1,N,N,N,N
187.1,-0.1,-0.0,1.0,1.0,-2.4,0.9,3.2,-0.9,995.2,-1.8,89.5,1,N,N,N,N
187.2,-0.1,-0.0,1.0,1.0,-1.1,0.9,3.1,-0.9,995.1,-1.4,89.5,1,N,N,N,N
187.3,-0.1,-0.0,1.0,1.0,2.1,1.0,3.3,-0.8,995.1,0.2,89.5,1,N,N,N,N
187.4,-0.1,-0.0,1.0,1.0,-1.5,1.0,3.3,-0.8,995.2,-1.7,89.5,1,N,N,N,N
187.5,-0.1,-0.0,1.0,1.0,-0.6,1.0,3.2,-0.8,995.2,-1.2,89.5,1,N,N,N,N
187.6,-0.1,-0.0,1.0,1.0,1.1,1.0,3.2,-0.8,995.1,-0.4,89.5,1,N,N,N,N
187.7,-0.1,-0.0,1.0,1.0,1.8,1.1,3.2,-0.8,995.1,0.2,89.5,1,N,N,N,N
187.8,-0.1,-0.0,1.0,1.0,1.1,1.1,3.2,-0.8,995.1,-0.1,89.5,1,N,N,N,N
187.9,-0.1,-0.0,1.0,1.0,1.6,1.3,3.1,-0.8,995.1,0.2,89.5,1,N,N,N,N
188.0,-0.0,-0.0,1.0,1.0,4.1,1.2,3.1,-0.9,995.0,1.8,89.5,1,N,N,N,N
188.1,-0.1,-0.0,1.0,1.0,2.5,1.1,3.1,-0.9,995.1,1.1,89.5,1,N,N,N,N
188.2,-0.1,-0.0,1.0,1.0,0.4,1.0,3.0,-0.9,995.1,0.1,89.5,1,N,N,N,N
188.3,-0.1,-0.0,1.0,1.0,1.4,1.0,3.0,-0.9,995.1,0.6,89.5,1,N,N,N,N
188.4,-0.1,-0.0,1.0,1.0,-0.3,1.1,2.9,-0.9,995.1,-0.0,89.5,1,N,N,N,N
188.5,-0.1,-0.0,1.0,1.0,-1.0,1.0,2.9,-0.9,995.1,-0.4,89.5,1,N,N,N,N
188.6,-0.0,-0.0,1.0,1.0,2.3,1.0,2.8,-1.0,995.1,1.1,89.5,1,N,N,N,N
188.7,-0.0,-0.0,1.0,1.0,0.4,1.0,2.8,-0.9,995.1,0.2,89.5,1,N,N,N,N
188.8,-0.0,-0.0,1.0,1.0,0.2,1.1,2.8,-0.9,995.1,0.2,89.5,1,N,N,N,N
188.9,-0.0,-0.0,1.0,1.0,1.8,1.0,2.7,-1.0,995.1,1.3,89.5,1,N,N,N,N
189.0,-0.0,-0.0,1.0,1.0,-1.4,1.1,2.8,-0.9,995.1,-0.3,89.5,1,N,N,N,N
189.1,-0.0,-0.0,1.0,1.0,-1.0,1.1,2.8,-0.9,995.1,0.0,89.5,1,N,N,N,N
189.2,-0.0,-0.0,1.0,1.0,0.6,1.1,2.8,-0.9,995.1,0.7,89.5,1,N,N,N,N
189.3,-0.0,-0.0,1.0,1.0,-1.8,1.3,2.9,-0.8,995.1,-0.7,89.5,1,N,N,N,N
189.4,-0.0,-0.0,1.0,1.0,0.1,1.4,2.8,-0.9,995.1,0.1,89.5,1,N,N,N,N
189.5,-0.0,-0.0,1.0,1.0,-3.6,1.3,2.7,-0.9,995.1,-1.4,89.5,1,N,N,N,N
189.6,-0.0,-0.0,1.0,1.0,0.9,1.3,2.8,-0.9,995.1,0.6,89.5,1,N,N,N,N
189.7,-0.0,-0.0,1.0,1.0,0.1,1.2,2.7,-0.9,995.1,0.3,89.5,1,N,N,N,N
189.8,-0.0,-0.0,1.0,1.0,3.1,1.2,2.8,-0.9,995.0,1.8,89.5,1,N,N,N,N
189.9,-0.0,-0.0,1.0,1.0,-1.9,1.2,2.8,-0.9,995.1,-0.5,89.5,1,N,N,N,N
190.0,-0.0,-0.0,1.0,1.0,-1.3,1.2,2.8,-0.9,995.1,-0.2,89.5,1,N,N,N,N
190.1,-0.0,-0.0,1.0,1.0,1.9,1.2,2.7,-0.9,995.0,1.3,89.5,1,N,N,N,N
190.2,-0.0,-0.0,1.0,1.0,-0.1,1.2,2.8,-0.9,995.1,0.2,89.5,1,N,N,N,N
190.3,-0.0,-0.0,1.0,1.0,3.6,1.2,2.7,-0.9,995.0,2.1,89.5,1,N,N,N,N
190.4,-0.0,-0.0,1.0,1.0,0.3,1.2,2.8,-0.9,995.1,0.7,89.5,1,N,N,N,N
190.5,-0.0,-0.0,1.0,1.0,-0.4,1.2,2.8,-0.8,995.1,0.7,89.5,1,N,N,N,N
190.6,-0.0,-0.0,1.0,1.0,0.7,1.2,2.8,-0.9,995.0,1.4,89.5,1,N,N,N,N
190.7,-0.0,-0.0,1.0,1.0,-0.7,1.2,2.7,-0.9,995.0,0.7,89.5,1,N,N,N,N
190.8,-0.0,-0.0,1.0,1.0,-0.9,1.2,2.7,-0.9,995.0,0.8,89.4,1,N,N,N,N
190.9,-0.0,-0.0,1.0,1.0,1.7,1.2,2.7,-0.9,995.0,2.2,89.5,1,N,N,N,N
191.0,-0.0,-0.0,1.0,1.0,-0.9,1.1,2.7,-0.9,995.0,1.1,89.4,1,N,N,N,N
191.1,-0.0,-0.0,1.0,1.0,2.5,1.1,2.5,-1.0,994.9,2.9,89.4,1,N,N,N,N
191.2,-0.0,-0.0,1.0,1.0,3.1,1.1,2.6,-0.9,994.9,3.5,89.4,1,N,N,N,N
191.3,-0.0,-0.0,1.0,1.0,0.3,1.1,2.6,-0.9,994.9,2.3,89.4,1,N,N,N,N
191.4,-0.0,-0.0,1.0,1.0,-1.0,1.1,2.7,-0.9,994.9,1.6,89.4,1,N,N,N,N
191.5,-0.0,-0.0,1.0,1.0,4.4,1.1,2.6,-0.9,994.8,4.6,89.4,1,N,N,N,N
191.6,-0.0,-0.0,1.0,1.0,4.1,1.1,2.6,-0.9,994.8,4.8,89.4,1,N,N,N,N
191.7,-0.0,-0.0,1.0,1.0,0.1,1.0,2.7,-0.9,994.9,2.9,89.4,1,N,N,N,N
191.8,-0.0,-0.0,1.0,1.0,0.7,1.0,2.7,-0.9,994.8,3.5,89.4,1,N,N,N,N
191.9,-0.0,-0.0,1.0,1.0,-0.5,1.0,2.7,-0.9,994.8,2.9,89.4,1,N,N,N,N
192.0,-0.0,-0.0,1.0,1.0,-3.3,1.0,2.7,-0.9,994.9,1.3,89.4,1,N,N,N,N
192.1,-0.0,-0.0,1.0,1.0,-2.7,1.0,2.7,-0.9,994.9,1.0,89.4,1,N,N,N,N
192.2,-0.0,-0.0,1.0,1.0,-2.0,1.0,2.7,-0.9,994.9,1.3,89.4,1,N,N,N,N
192.3,-0.0,-0.0,1.0,1.0,2.6,1.0,2.7,-0.9,994.8,3.5,89.4,1,N,N,N,N
192.4,-0.0,-0.0,1.0,1.0,1.9,1.0,2.7,-0.9,994.8,3.2,89.4,1,N,N,N,N
192.5,-0.0,-0.0,1.0,1.0,0.8,1.0,2.7,-0.9,994.8,2.7,89.4,1,N,N,N,N
192.6,-0.0,-0.0,1.0,1.0,0.2,1.0,2.7,-0.8,994.8,2.4,89.4,1,N,N,N,N
192.7,-0.0,-0.0,1.0,1.0,-1.9,1.0,2.8,-0.8,994.8,1.2,89.4,1,N,N,N,N
192.8,-0.2,0.2,1.1,1.1,-0.0,1.8,1.6,-9.3,994.8,1.7,89.4,1,N,N,N,N
192.9,-0.0,-0.3,0.9,1.0,4.1,2.5,-6.7,-7.9,994.7,4.0,89.4,1,N,N,N,N
193.0,0.1,-0.2,0.6,0.6,1.0,-1.2,-11.7,-3.7,994.7,2.9,89.3,1,N,N,N,N
193.1,0.2,-0.1,0.7,0.8,1.5,-8.1,-12.3,-1.2,994.7,3.7,89.3,1,N,N,N,N
193.2,0.2,0.2,0.8,0.9,3.5,-17.2,-11.2,4.8,994.6,5.3,89.3,1,N,N,N,N
193.3,0.3,0.5,0.9,1.1,-0.6,-29.7,-9.4,10.7,994.7,3.6,89.3,1,N,N,N,N
193.4,0.2,0.1,1.2,1.2,-4.5,0.0,-2.8,-0.9,994.7,1.8,89.3,1,N,N,N,N
193.5,-0.1,-0.0,1.0,1.0,0.2,0.0,0.9,-2.3,994.6,3.9,89.3,1,N,N,N,N
193.6,-0.2,0.0,0.9,0.9,-4.5,-0.0,3.7,4.6,994.7,1.3,89.3,1,N,N,N,N
193.7,-0.1,0.3,1.0,1.1,-4.4,0.0,8.1,8.1,994.7,1.0,89.3,1,N,N,N,N
193.8,-0.2,-0.1,0.9,1.0,-4.9,0.0,9.4,1.5,994.7,0.4,89.3,1,N,N,N,N
193.9,-0.2,-0.1,1.2,1.2,-0.0,0.0,13.5,-1.1,994.7,2.8,89.3,1,N,N,N,N
194.0,-0.2,-0.0,1.0,1.1,-1.9,-0.0,10.3,-1.2,994.7,1.2,89.3,1,N,N,N,N
194.1,-0.2,-0.1,0.9,1.0,-1.1,-0.0,10.6,-4.8,994.7,1.5,89.3,1,N,N,N,N
194.2,-0.2,-0.1,1.0,1.0,3.5,-0.0,11.7,-4.9,994.6,3.8,89.3,1,N,N,N,N
194.3,-0.2,-0.1,1.0,1.0,1.3,-0.0,11.0,-4.7,994.6,2.8,89.3,1,N,N,N,N
194.4,-0.2,-0.0,0.9,1.0,1.6,0.0,10.8,-1.8,994.6,3.2,89.3,1,N,N,N,N
194.5,-0.1,-0.0,1.0,1.0,2.5,0.0,9.9,-1.0,994.6,3.9,89.3,1,N,N,N,N
194.6,-0.2,-0.0,1.1,1.1,0.6,0.0,9.4,0.4,994.6,3.1,89.3,1,N,N,N,N
194.7,-0.2,-0.1,1.0,1.1,1.9,-0.0,9.3,-0.2,994.5,3.8,89.3,1,N,N,N,N
194.8,-0.2,0.1,1.1,1.1,2.6,-0.0,10.6,6.3,994.5,4.4,89.3,1,N,N,N,N
194.9,-0.1,0.3,1.1,1.1,3.5,-0.0,10.7,10.9,994.5,5.0,89.3,1,N,N,N,N
195.0,-0.2,0.1,1.0,1.1,5.3,0.0,6.2,6.2,994.4,6.0,89.2,1,N,N,N,N
195.1,-0.1,-0.1,1.0,1.0,3.7,0.0,5.4,-4.0,994.4,5.7,89.2,1,N,N,N,N
195.2,-0.1,-0.1,1.0,1.0,6.9,-0.0,7.3,-10.1,994.3,7.8,89.2,1,N,N,N,N
195.3,-0.1,-0.2,0.9,0.9,-0.5,0.0,6.4,-11.6,994.4,4.8,89.2,1,N,N,N,N
195.4,-0.1,-0.1,0.9,0.9,3.9,0.0,3.8,-10.9,994.3,7.1,89.2,1,N,N,N,N
195.5,-0.1,-0.3,1.0,1.1,3.8,0.0,3.1,-10.8,994.3,7.0,89.2,1,N,N,N,N
195.6,0.0,-0.2,1.0,1.0,2.3,0.0,-1.2,-6.5,994.3,6.1,89.2,1,N,N,N,N
195.7,0.1,-0.0,1.0,1.0,1.8,-0.0,-6.2,-4.2,994.3,6.1,89.1,1,N,N,N,N
195.8,0.2,0.2,1.1,1.1,3.3,0.0,-7.6,-1.7,994.2,7.0,89.1,1,N,N,N,N
195.9,0.2,-0.0,0.9,0.9,5.4,0.0,-12.7,3.8,994.1,8.3,89.1,1,N,N,N,N
196.0,0.2,0.0,1.0,1.0,4.3,0.0,-13.0,8.2,994.1,8.2,89.1,1,N,N,N,N
196.1,0.2,0.2,1.0,1.0,1.7,-0.0,-11.0,4.3,994.1,7.2,89.1,1,N,N,N,N
196.2,0.1,-0.0,1.2,1.2,-1.6,0.0,-7.4,-4.2,994.1,5.6,89.1,1,N,N,N,N
196.3,0.1,-0.2,1.0,1.0,-0.5,0.0,-6.9,-5.0,994.1,5.9,89.1,1,N,N,N,N
196.4,0.1,-0.1,1.0,1.0,-1.8,-0.1,-5.4,-5.4,994.1,5.1,89.1,1,N,N,N,N
196.5,0.1,-0.1,1.1,1.1,-4.5,-1.0,-4.1,-6.6,994.2,3.6,89.1,1,N,N,N,N
196.6,0.1,-0.1,1.0,1.0,0.7,-0.4,-3.9,-7.0,994.0,6.0,89.1,1,N,N,N,N
196.7,0.0,-0.1,1.0,1.0,-2.6,-0.5,-3.9,-5.7,994.1,4.2,89.1,1,N,N,N,N
196.8,0.1,-0.1,1.0,1.0,-1.9,-0.4,-3.4,-6.0,994.1,4.7,89.1,1,N,N,N,N
196.9,0.1,-0.1,1.0,1.0,0.4,-0.4,-3.4,-5.7,994.0,5.8,89.0,1,N,N,N,N
197.0,0.0,-0.1,1.1,1.1,4.4,0.5,-4.4,-5.2,993.9,8.1,89.0,1,N,N,N,N
197.1,0.1,-0.1,1.1,1.1,0.5,1.8,-5.2,-4.8,993.9,6.4,89.0,1,N,N,N,N
197.2,0.1,-0.0,1.0,1.0,1.9,1.6,-5.6,-4.7,993.9,7.2,89.0,1,N,N,N,N
197.3,0.1,-0.1,0.9,1.0,1.7,1.7,-6.3,-5.5,993.8,7.3,89.0,1,N,N,N,N
197.4,0.1,-0.2,1.0,1.0,1.8,2.3,-7.3,-6.6,993.8,7.4,89.0,1,N,N,N,N
197.5,0.2,-0.0,1.1,1.1,-1.2,0.7,-7.2,-6.0,993.8,6.0,89.0,1,N,N,N,N
197.6,0.1,-0.1,1.0,1.0,-5.7,0.8,-7.7,-5.1,993.9,3.6,89.0,1,N,N,N,N
197.7,0.1,-0.1,0.9,1.0,-2.3,1.0,-8.1,-5.4,993.8,5.0,89.0,1,N,N,N,N
197.8,0.1,-0.1,1.0,1.0,-0.1,0.3,-7.3,-5.7,993.8,5.8,89.0,1,N,N,N,N
197.9,0.1,-0.1,1.0,1.0,-1.7,-0.8,-6.9,-6.1,993.8,4.8,89.0,1,N,N,N,N
198.0,0.2,-0.1,1.0,1.0,-6.1,-1.7,-7.1,-6.7,993.9,2.1,89.0,1,N,N,N,N
198.2,0.1,-0.0,1.0,1.1,-2.9,-2.2,-7.3,-6.7,993.8,3.2,89.0,1,N,N,N,N
198.3,0.1,-0.2,0.9,1.0,-2.6,-2.6,-7.9,-5.8,993.8,2.9,89.0,1,N,N,N,N
198.4,0.2,-0.1,1.0,1.0,-3.3,-2.8,-8.0,-5.5,993.9,2.3,89.0,1,N,N,N,N
198.5,0.1,-0.1,1.0,1.0,-4.8,-3.0,-8.4,-5.3,993.9,1.4,89.0,1,N,N,N,N
198.6,0.2,-0.1,1.0,1.0,-1.4,-3.6,-8.9,-4.1,993.8,2.6,89.0,1,N,N,N,N
198.7,0.2,-0.1,0.8,0.8,-2.0,-5.2,-7.6,-9.9,993.8,2.2,89.0,1,N,N,N,N
198.8,0.1,-0.0,1.1,1.1,-1.8,-2.6,-7.4,-3.6,993.8,2.1,89.0,1,N,N,N,N
198.9,0.2,0.0,1.0,1.1,-3.3,-2.5,-7.6,-3.4,993.9,1.2,89.0,1,N,N,N,N
199.0,0.1,-0.0,1.0,1.0,1.5,-2.5,-8.8,-2.6,993.8,3.4,89.0,1,N,N,N,N
199.1,0.2,-0.0,1.0,1.0,2.8,-2.3,-9.4,-2.3,993.7,4.2,89.0,1,N,N,N,N
199.2,0.2,-0.0,1.0,1.0,3.6,-2.6,-9.4,-2.2,993.7,4.7,88.9,1,N,N,N,N
199.3,0.2,-0.0,1.0,1.0,-0.5,-3.0,-9.3,-2.2,993.8,2.5,88.9,1,N,N,N,N
199.4,0.1,-0.0,1.0,1.0,-0.7,-3.4,-8.8,-2.8,993.8,2.5,88.9,1,N,N,N,N
199.5,0.2,-0.0,1.0,1.0,-1.5,-3.3,-9.5,-2.9,993.8,2.0,88.9,1,N,N,N,N
199.6,0.2,-0.0,1.0,1.0,1.3,-3.4,-9.6,-3.2,993.7,3.1,88.9,1,N,N,N,N
199.7,0.2,-0.0,1.0,1.0,1.6,-3.4,-9.3,-3.6,993.7,3.2,88.9,1,N,N,N,N
199.8,0.2,-0.0,1.0,1.0,4.1,-3.5,-9.5,-3.6,993.6,4.6,88.9,1,N,N,N,N
199.9,0.2,-0.1,1.0,1.0,1.2,-3.5,-9.6,-3.6,993.7,3.2,88.9,1,N,N,N,N
200.0,0.2,-0.0,1.0,1.0,-1.5,-3.4,-9.5,-3.6,993.7,1.9,88.9,1,N,N,N,N
200.1,0.2,-0.0,1.0,1.0,0.2,-3.4,-9.6,-3.6,993.7,2.7,88.9,1,N,N,N,N
200.2,0.2,-0.1,1.0,1.0,1.8,-3.4,-9.7,-3.6,993.6,3.6,88.9,1,N,N,N,N
200.3,0.2,-0.0,1.0,1.0,-0.3,-3.7,-9.2,-3.7,993.7,2.5,88.9,1,N,N,N,N
200.4,0.2,-0.0,1.0,1.0,-4.3,-3.7,-9.4,-3.9,993.7,0.3,88.9,1,N,N,N,N
200.5,0.2,-0.1,1.0,1.0,-4.7,-3.7,-9.4,-3.9,993.7,0.0,88.9,1,N,N,N,N
200.6,0.2,-0.1,1.0,1.0,-3.4,-3.8,-9.2,-3.8,993.7,0.3,88.9,1,N,N,N,N
200.7,0.2,-0.1,1.0,1.0,-2.2,-3.8,-9.1,-3.5,993.7,0.5,88.9,1,N,N,N,N
200.8,0.2,-0.0,1.0,1.0,-6.7,-3.9,-9.3,-3.5,993.8,-2.1,89.0,1,N,N,N,N
200.9,0.2,-0.1,1.0,1.0,-2.3,-4.0,-9.0,-3.7,993.8,-0.2,88.9,1,N,N,N,N
201.0,0.2,-0.1,1.0,1.0,-0.7,-4.1,-9.1,-3.7,993.7,0.4,88.9,1,N,N,N,N
201.1,0.1,-0.1,1.0,1.0,-2.4,-4.8,-8.1,-3.6,993.8,-0.5,88.9,1,N,N,N,N
201.2,0.1,-0.1,1.0,1.0,-2.9,-4.9,-8.0,-3.4,993.8,-0.9,89.0,1,N,N,N,N
201.3,0.1,-0.1,1.0,1.0,-3.7,-5.0,-7.9,-3.6,993.8,-1.5,89.0,1,N,N,N,N
201.4,0.1,-0.1,1.0,1.0,-0.1,-5.0,-7.9,-3.7,993.7,0.2,88.9,1,N,N,N,N
201.5,0.1,-0.0,1.0,1.0,-1.1,-5.3,-7.8,-3.8,993.8,-0.3,88.9,1,N,N,N,N
201.6,0.1,-0.1,1.0,1.0,0.1,-5.3,-7.7,-3.9,993.8,0.1,88.9,1,N,N,N,N
201.7,0.1,-0.1,1.0,1.0,-1.2,-5.4,-7.8,-4.0,993.8,-0.7,88.9,1,N,N,N,N
201.8,0.1,-0.1,1.0,1.0,1.9,-5.3,-7.8,-4.2,993.7,1.2,88.9,1,N,N,N,N
201.9,0.1,-0.1,1.0,1.0,4.0,-5.0,-8.1,-4.1,993.6,2.5,88.9,1,N,N,N,N
202.0,0.1,-0.1,1.0,1.0,0.5,-5.0,-8.1,-4.1,993.7,1.0,88.9,1,N,N,N,N
202.1,0.1,-0.0,1.0,1.0,1.3,-4.9,-8.1,-4.2,993.7,2.0,88.9,1,N,N,N,N
202.2,0.1,-0.1,1.0,1.0,0.5,-4.9,-8.2,-4.2,993.7,1.7,88.9,1,N,N,N,N
202.3,0.1,-0.1,1.0,1.0,1.7,-4.7,-8.2,-4.2,993.6,2.6,88.9,1,N,N,N,N
202.4,0.1,-0.1,1.0,1.0,1.1,-4.5,-8.4,-4.3,993.6,2.5,88.8,1,N,N,N,N
202.5,0.1,-0.1,1.0,1.0,7.4,-4.6,-8.4,-4.2,993.5,6.3,88.8,1,N,N,N,N
202.6,0.1,-0.1,1.0,1.0,2.9,-4.7,-8.4,-4.1,993.5,4.6,88.8,1,N,N,N,N
202.7,0.1,-0.1,1.0,1.0,10.4,-4.6,-8.3,-4.1,993.3,8.8,88.8,1,N,N,N,N
202.8,0.1,-0.1,1.0,1.0,10.7,-4.6,-8.4,-4.3,993.2,9.9,88.8,1,N,N,N,N
202.9,0.1,-0.1,1.0,1.0,6.0,-4.7,-8.3,-4.2,993.3,8.3,88.7,1,N,N,N,N
203.0,0.1,-0.1,1.0,1.0,7.4,-4.6,-8.4,-4.3,993.2,9.5,88.7,1,N,N,N,N
203.1,0.2,-0.1,1.0,1.0,1.3,-4.3,-8.7,-4.4,993.3,7.0,88.7,1,N,N,N,N
203.2,0.1,-0.1,1.0,1.0,1.5,-4.2,-8.7,-4.1,993.2,7.4,88.7,1,N,N,N,N
203.3,0.2,-0.1,1.0,1.0,0.6,-4.3,-8.4,-4.4,993.2,7.0,88.7,1,N,N,N,N
203.4,0.1,-0.1,1.0,1.0,-0.4,-4.3,-8.3,-3.9,993.2,6.4,88.7,1,N,N,N,N
203.5,0.2,-0.1,1.0,1.0,-1.6,-4.2,-8.4,-4.3,993.2,6.0,88.7,1,N,N,N,N
203.6,0.1,-0.1,1.0,1.0,-0.4,-4.2,-8.5,-4.1,993.2,6.5,88.7,1,N,N,N,N
203.7,0.1,-0.1,1.0,1.0,-3.0,-4.3,-8.4,-4.3,993.2,5.1,88.7,1,N,N,N,N
203.8,0.1,-0.1,1.0,1.0,-3.5,-4.3,-8.3,-4.3,993.2,4.5,88.7,1,N,N,N,N
203.9,0.1,-0.1,1.0,1.0,-1.2,-4.3,-8.1,-4.3,993.2,5.3,88.7,1,N,N,N,N
204.0,0.1,-0.1,1.0,1.0,-3.5,-4.5,-8.0,-4.2,993.2,3.8,88.7,1,N,N,N,N
204.1,0.1,-0.1,1.0,1.0,-3.5,-4.4,-8.0,-4.1,993.2,3.4,88.7,1,N,N,N,N
204.2,0.1,-0.1,1.0,1.0,-1.0,-4.3,-7.9,-4.0,993.1,4.4,88.7,1,N,N,N,N
204.3,0.1,-0.1,1.0,1.0,-3.2,-4.3,-7.9,-4.0,993.2,3.3,88.7,1,N,N,N,N
204.4,0.1,-0.0,1.0,1.0,-1.2,-4.5,-7.8,-3.9,993.1,4.1,88.7,1,N,N,N,N
204.5,0.1,-0.1,1.0,1.0,0.3,-4.4,-7.6,-3.6,993.1,4.8,88.7,1,N,N,N,N
204.6,0.1,-0.1,1.0,1.0,-0.3,-4.5,-7.3,-3.6,993.1,4.2,88.7,1,N,N,N,N
204.7,0.1,-0.1,1.0,1.0,-1.3,-4.6,-7.0,-3.2,993.1,3.9,88.6,1,N,N,N,N
204.8,0.1,-0.0,1.0,1.0,-0.1,-4.9,-6.5,-2.9,993.0,4.4,88.6,1,N,N,N,N
204.9,0.1,-0.0,1.0,1.0,-1.1,-5.2,-6.1,-2.8,993.1,3.7,88.6,1,N,N,N,N
205.0,0.1,-0.1,1.0,1.0,2.6,-5.4,-5.7,-3.2,993.0,5.6,88.6,1,N,N,N,N
205.1,0.1,-0.0,1.0,1.0,-1.1,-5.5,-5.5,-3.1,993.0,3.8,88.6,1,N,N,N,N
205.2,0.1,-0.0,1.0,1.0,5.4,-5.6,-5.3,-2.7,992.9,6.9,88.6,1,N,N,N,N
205.3,0.1,-0.0,1.0,1.0,-1.7,-5.6,-5.1,-1.8,993.0,3.5,88.6,1,N,N,N,N
205.4,0.1,-0.0,1.0,1.0,3.0,-5.4,-5.1,-0.9,992.9,6.2,88.6,1,N,N,N,N
205.5,0.1,-0.0,1.0,1.0,-0.2,-5.4,-5.0,-0.7,992.9,4.9,88.6,1,N,N,N,N
205.6,0.1,0.0,1.0,1.0,2.0,-5.6,-4.9,-0.3,992.8,6.2,88.6,1,N,N,N,N
205.7,0.1,0.0,1.1,1.1,-3.3,-6.0,-4.3,0.4,992.9,3.6,88.6,1,N,N,N,N
205.8,0.1,0.0,1.0,1.0,-2.1,-6.0,-4.3,0.6,992.9,4.0,88.6,1,N,N,N,N
205.9,0.1,0.0,1.0,1.0,2.1,-6.0,-4.3,0.1,992.8,5.9,88.6,1,N,N,N,N
206.0,0.1,0.0,1.0,1.0,0.9,-6.1,-4.2,0.2,992.8,5.1,88.6,1,N,N,N,N
206.1,0.1,0.0,1.0,1.0,-0.9,-6.2,-4.2,0.1,992.8,4.2,88.6,1,N,N,N,N
206.2,0.1,0.0,1.0,1.0,4.5,-6.4,-4.0,-0.3,992.7,7.0,88.5,1,N,N,N,N
206.3,0.1,0.0,1.0,1.0,-0.8,-6.4,-4.0,-0.5,992.8,4.4,88.5,1,N,N,N,N
206.4,0.1,-0.0,1.0,1.0,-1.4,-6.3,-4.0,-0.5,992.8,3.8,88.5,1,N,N,N,N
206.5,0.1,-0.0,1.0,1.0,-0.3,-6.3,-4.1,-0.4,992.8,4.1,88.5,1,N,N,N,N
206.6,0.1,-0.0,1.0,1.0,2.2,-6.2,-4.0,-0.5,992.7,5.5,88.5,1,N,N,N,N
206.7,0.1,-0.0,1.0,1.0,1.7,-6.5,-3.8,-0.7,992.7,5.4,88.5,1,N,N,N,N
206.8,0.1,-0.0,1.0,1.0,-3.8,-6.5,-3.7,-1.0,992.8,2.5,88.5,1,N,N,N,N
206.9,0.1,0.0,1.0,1.0,-0.7,-6.5,-3.7,-0.8,992.7,3.8,88.5,1,N,N,N,N
207.0,0.1,0.0,1.0,1.0,0.3,-6.4,-3.7,-0.8,992.7,4.2,88.5,1,N,N,N,N
207.1,0.1,-0.0,1.0,1.0,-2.0,-6.4,-3.7,-0.8,992.7,2.9,88.5,1,N,N,N,N
207.2,0.1,-0.0,1.0,1.0,-2.3,-6.5,-3.7,-1.0,992.7,2.4,88.5,1,N,N,N,N
207.3,0.1,-0.0,1.0,1.0,-5.0,-6.4,-3.7,-1.0,992.8,0.8,88.5,1,N,N,N,N
207.4,0.1,-0.0,1.0,1.0,-4.0,-6.4,-3.7,-1.0,992.8,0.9,88.5,1,N,N,N,N
207.5,0.1,-0.0,1.0,1.0,1.4,-6.0,-4.0,-1.2,992.7,3.3,88.5,1,N,N,N,N
207.6,0.1,-0.0,1.0,1.0,0.7,-6.1,-3.9,-1.2,992.7,3.1,88.5,1,N,N,N,N
207.7,0.1,-0.0,1.0,1.0,1.5,-6.1,-3.9,-1.1,992.6,3.4,88.5,1,N,N,N,N
207.8,0.1,-0.0,1.0,1.0,1.4,-6.0,-3.8,-1.0,992.6,3.5,88.5,1,N,N,N,N
207.9,0.1,-0.0,1.0,1.0,-0.6,-6.0,-3.8,-0.9,992.6,2.8,88.5,1,N,N,N,N
208.0,0.1,0.0,1.0,1.0,-0.5,-6.0,-3.9,-0.4,992.6,2.9,88.5,1,N,N,N,N
208.1,0.1,-0.0,1.0,1.0,2.6,-6.0,-3.9,-0.1,992.6,4.5,88.5,1,N,N,N,N
208.2,0.1,0.0,1.0,1.0,1.2,-6.1,-3.8,0.1,992.6,4.0,88.5,1,N,N,N,N
208.3,0.1,-0.0,1.0,1.0,0.8,-6.0,-3.7,0.3,992.6,3.6,88.4,1,N,N,N,N
208.4,0.1,0.0,1.0,1.0,-1.2,-6.2,-3.7,0.2,992.6,2.4,88.5,1,N,N,N,N
208.5,0.1,0.0,1.0,1.0,-1.4,-6.3,-3.6,0.2,992.6,2.2,88.5,1,N,N,N,N
208.6,0.1,0.0,1.0,1.0,-0.6,-6.3,-3.5,0.2,992.6,2.3,88.5,1,N,N,N,N
208.7,0.1,0.0,1.0,1.0,-2.2,-6.4,-3.5,0.3,992.6,1.4,88.4,1,N,N,N,N
208.8,0.0,-0.0,1.0,1.0,2.5,-6.2,-3.4,0.2,992.5,3.8,88.4,1,N,N,N,N
208.9,0.1,0.0,1.0,1.0,3.2,-6.2,-3.5,0.3,992.5,4.5,88.4,1,N,N,N,N
209.0,0.1,-0.0,1.0,1.0,2.7,-6.2,-3.4,0.2,992.5,4.3,88.4,1,N,N,N,N
209.1,0.0,0.0,1.0,1.0,0.3,-6.3,-3.4,0.3,992.5,3.2,88.4,1,N,N,N,N
209.2,0.1,0.0,1.0,1.0,2.2,-6.2,-3.4,0.3,992.5,4.1,88.4,1,N,N,N,N
209.3,0.1,0.0,1.0,1.0,1.3,-6.2,-3.4,0.2,992.4,4.0,88.4,1,N,N,N,N
209.4,0.1,0.0,1.0,1.0,1.6,-6.2,-3.3,0.1,992.4,4.2,88.4,1,N,N,N,N
209.5,0.1,0.0,1.0,1.0,3.5,-6.2,-3.4,0.2,992.4,5.3,88.4,1,N,N,N,N
209.6,0.1,0.0,1.0,1.0,-0.8,-6.2,-3.4,0.2,992.4,3.2,88.4,1,N,N,N,N
209.7,0.1,0.0,1.0,1.0,3.2,-6.2,-3.3,0.1,992.3,5.4,88.4,1,N,N,N,N
209.8,0.1,0.0,1.0,1.0,0.8,-6.2,-3.4,0.2,992.4,4.4,88.4,1,N,N,N,N
209.9,0.1,0.0,1.0,1.0,1.7,-6.3,-3.3,0.2,992.3,4.9,88.3,1,N,N,N,N
210.0,0.1,0.0,1.0,1.0,3.0,-6.3,-3.2,0.2,992.3,5.9,88.3,1,N,N,N,N
210.1,0.1,0.0,1.0,1.0,5.5,-6.2,-3.3,0.2,992.2,7.3,88.3,1,N,N,N,N
210.2,0.0,0.0,1.0,1.0,2.7,-6.2,-3.1,0.1,992.2,6.5,88.3,1,N,N,N,N
210.3,0.1,0.0,1.0,1.0,3.1,-6.2,-3.2,0.1,992.2,6.8,88.3,1,N,N,N,N
210.4,0.0,-0.0,1.0,1.0,2.6,-6.2,-3.1,0.1,992.1,6.9,88.3,1,N,N,N,N
210.5,0.0,0.0,1.0,1.0,0.3,-6.2,-3.2,0.2,992.1,5.9,88.3,1,N,N,N,N
210.6,0.0,-0.0,1.0,1.0,1.1,-6.2,-3.2,0.2,992.1,6.2,88.2,1,N,N,N,N
210.7,0.1,0.0,1.0,1.0,0.6,-6.2,-3.1,0.3,992.1,6.2,88.2,1,N,N,N,N
210.8,0.0,0.0,1.0,1.0,1.7,-6.2,-3.0,0.2,992.0,7.0,88.2,1,N,N,N,N
210.9,0.0,0.0,1.0,1.0,-3.6,-6.2,-3.0,0.2,992.1,4.2,88.2,1,N,N,N,N
211.0,0.0,-0.0,1.0,1.0,-2.5,-6.2,-3.0,0.1,992.1,4.6,88.2,1,N,N,N,N
211.1,0.0,-0.0,1.0,1.0,-3.2,-6.2,-3.1,0.1,992.1,4.0,88.2,1,N,N,N,N
211.2,0.1,0.0,1.0,1.0,-2.6,-6.3,-3.0,0.2,992.1,4.1,88.2,1,N,N,N,N
211.3,0.0,0.0,1.0,1.0,-0.5,-6.3,-3.0,0.3,992.0,5.0,88.2,1,N,N,N,N
211.4,0.0,0.0,1.0,1.0,-1.6,-6.3,-3.0,0.3,992.0,4.6,88.2,1,N,N,N,N
211.5,0.0,0.0,1.0,1.0,-2.3,-6.2,-3.0,0.2,992.0,3.9,88.2,1,N,N,N,N
211.6,0.0,0.0,1.0,1.0,-3.0,-6.2,-3.0,0.3,992.0,3.3,88.2,1,N,N,N,N
211.7,0.0,0.0,1.0,1.0,-1.9,-6.2,-2.9,0.4,992.0,3.6,88.2,1,N,N,N,N
211.8,0.0,-0.0,1.0,1.0,-6.5,-6.2,-2.9,0.3,992.1,1.1,88.2,1,N,N,N,N
211.9,0.1,0.0,1.0,1.0,0.2,-6.5,-2.6,-0.1,992.0,4.0,88.2,1,N,N,N,N
212.0,0.0,0.0,1.0,1.0,-4.1,-6.4,-2.7,-0.1,992.1,1.5,88.2,1,N,N,N,N
212.1,0.0,-0.0,1.0,1.0,-2.2,-6.4,-2.7,-0.1,992.0,2.3,88.2,1,N,N,N,N
212.2,0.0,0.0,1.0,1.0,-5.6,-6.5,-2.6,0.0,992.1,0.3,88.2,1,N,N,N,N
212.3,0.0,0.0,1.0,1.0,-1.8,-6.5,-2.5,0.2,992.0,2.3,88.2,1,N,N,N,N
212.4,0.0,0.0,1.0,1.0,-4.6,-6.4,-2.5,0.3,992.1,0.5,88.2,1,N,N,N,N
212.5,0.0,0.0,1.0,1.0,-0.7,-6.4,-2.4,0.2,992.0,2.1,88.2,1,N,N,N,N
212.6,0.0,0.0,1.0,1.0,1.4,-6.5,-2.4,0.1,992.0,3.0,88.2,1,N,N,N,N
212.7,0.0,0.0,1.0,1.0,-0.5,-6.5,-2.4,0.0,992.0,2.0,88.2,1,N,N,N,N
212.8,0.0,-0.0,1.0,1.0,0.6,-6.5,-2.4,0.0,992.0,2.7,88.2,1,N,N,N,N
212.9,0.0,0.0,1.0,1.0,-0.8,-6.5,-2.4,0.1,992.0,2.1,88.2,1,N,N,N,N
213.0,0.0,0.0,1.0,1.0,0.7,-6.5,-2.4,0.1,991.9,2.9,88.2,1,N,N,N,N
213.1,0.0,0.0,1.0,1.0,-0.8,-6.5,-2.5,-0.0,992.0,2.1,88.2,1,N,N,N,N
213.2,0.0,-0.0,1.0,1.0,6.1,-6.6,-2.4,0.1,991.8,5.7,88.2,1,N,N,N,N
213.3,0.0,0.0,1.0,1.0,4.6,-6.6,-2.5,0.5,991.8,5.1,88.2,1,N,N,N,N
213.4,0.0,0.0,1.0,1.0,1.7,-6.6,-2.5,0.4,991.9,3.9,88.1,1,N,N,N,N
213.5,0.0,0.0,1.0,1.0,2.1,-6.5,-2.3,0.3,991.8,4.5,88.1,1,N,N,N,N
213.6,0.0,0.0,1.0,1.0,4.2,-6.5,-2.3,0.3,991.7,5.7,88.1,1,N,N,N,N
213.7,0.0,0.0,1.0,1.0,2.5,-6.5,-2.4,0.4,991.8,5.2,88.1,1,N,N,N,N
213.8,0.0,0.0,1.0,1.0,1.1,-6.6,-2.3,0.4,991.7,4.7,88.1,1,N,N,N,N
213.9,0.0,-0.0,0.9,0.9,-0.2,-6.4,-2.4,0.7,991.8,4.1,88.1,1,N,N,N,N
214.0,0.0,0.0,1.0,1.0,1.5,-6.5,-2.3,0.6,991.7,5.0,88.1,1,N,N,N,N
214.1,0.0,0.0,1.0,1.0,-0.2,-6.4,-2.4,0.5,991.7,4.1,88.1,1,N,N,N,N
214.2,0.0,0.0,1.0,1.0,-1.7,-6.5,-2.3,0.3,991.7,3.3,88.1,1,N,N,N,N
214.3,0.0,0.0,1.0,1.0,-3.2,-6.5,-2.4,0.4,991.8,2.3,88.1,1,N,N,N,N
214.4,0.0,0.0,1.0,1.0,-4.3,-6.6,-2.3,0.5,991.8,1.5,88.1,1,N,N,N,N
214.5,0.0,0.0,1.0,1.0,-1.0,-6.6,-2.4,0.5,991.7,3.0,88.1,1,N,N,N,N
214.6,0.0,0.0,1.0,1.0,-0.4,-6.6,-2.4,0.6,991.7,3.1,88.1,1,N,N,N,N
214.7,0.0,0.0,1.0,1.0,-3.3,-6.6,-2.4,0.6,991.8,1.4,88.1,1,N,N,N,N
214.8,0.0,-0.0,1.0,1.0,-2.2,-6.6,-2.4,0.4,991.7,1.7,88.1,1,N,N,N,N
214.9,0.0,0.0,1.0,1.0,-3.8,-6.7,-2.4,0.5,991.8,0.6,88.1,1,N,N,N,N
215.0,0.0,0.0,1.0,1.0,-2.4,-6.6,-2.4,0.4,991.8,1.1,88.1,1,N,N,N,N
215.1,0.0,0.0,1.0,1.0,-1.6,-6.6,-2.4,0.4,991.7,1.3,88.1,1,N,N,N,N
215.2,0.0,0.0,1.0,1.0,-1.2,-6.6,-2.4,0.6,991.7,1.2,88.1,1,N,N,N,N
215.3,0.0,0.0,1.0,1.0,-0.7,-6.7,-2.4,0.5,991.7,1.1,88.1,1,N,N,N,N
215.4,0.0,0.0,1.0,1.0,-1.5,-6.7,-2.4,0.5,991.8,0.6,88.1,1,N,N,N,N
215.5,0.0,0.0,1.0,1.0,-2.3,-6.7,-2.3,0.4,991.8,0.1,88.1,1,N,N,N,N
215.6,0.0,0.0,1.0,1.0,0.5,-6.7,-2.3,0.5,991.7,1.4,88.1,1,N,N,N,N
215.7,0.0,0.0,1.0,1.0,-2.0,-6.7,-2.3,0.4,991.8,0.3,88.1,1,N,N,N,N
215.8,0.0,-0.0,1.0,1.0,1.3,-6.7,-2.3,0.5,991.7,1.8,88.1,1,N,N,N,N
215.9,0.0,0.0,1.0,1.0,1.6,-6.8,-2.2,0.3,991.7,2.0,88.1,1,N,N,N,N
216.0,0.0,0.0,1.0,1.0,3.5,-6.8,-2.1,0.2,991.6,3.1,88.1,1,N,N,N,N
216.1,0.0,0.0,1.0,1.0,1.3,-6.7,-2.1,0.3,991.7,2.0,88.1,1,N,N,N,N
216.2,0.0,-0.0,1.0,1.0,-0.7,-6.7,-2.1,0.2,991.7,1.1,88.1,1,N,N,N,N
216.3,0.0,0.0,1.0,1.0,4.1,-6.8,-2.0,0.1,991.6,3.4,88.1,1,N,N,N,N
216.4,0.0,0.0,1.0,1.0,0.8,-6.8,-1.9,0.2,991.7,2.0,88.1,1,N,N,N,N
216.5,0.0,0.0,1.0,1.0,-0.7,-6.9,-1.9,0.3,991.7,1.2,88.1,1,N,N,N,N
216.6,0.0,0.0,1.0,1.0,2.4,-7.0,-1.9,0.1,991.6,3.0,88.0,1,N,N,N,N
216.7,0.0,0.0,1.0,1.0,2.0,-6.9,-2.0,0.1,991.6,3.0,88.1,1,N,N,N,N
216.8,0.0,0.0,1.0,1.0,3.9,-6.9,-2.0,0.1,991.5,4.2,88.0,1,N,N,N,N
216.9,0.0,0.0,1.0,1.0,3.4,-6.9,-1.9,-0.0,991.5,4.1,88.0,1,N,N,N,N
217.0,0.0,-0.0,1.0,1.0,1.5,-6.9,-1.9,0.1,991.5,3.5,88.0,1,N,N,N,N
217.1,0.0,-0.0,1.0,1.0,4.1,-6.9,-1.9,0.1,991.5,5.2,88.0,1,N,N,N,N
217.2,0.0,-0.0,1.0,1.0,0.1,-6.8,-1.8,0.1,991.5,3.4,88.0,1,N,N,N,N
217.3,0.0,-0.0,1.0,1.0,1.0,-6.8,-1.9,-0.0,991.5,4.0,88.0,1,N,N,N,N
217.4,0.0,-0.0,1.0,1.0,2.3,-6.8,-1.9,0.2,991.4,4.6,88.0,1,N,N,N,N
217.5,0.0,0.0,1.0,1.0,4.6,-6.8,-1.9,0.0,991.4,5.9,88.0,1,N,N,N,N
217.6,0.0,0.0,1.0,1.0,0.9,-6.8,-1.9,0.2,991.4,4.1,88.0,1,N,N,N,N
217.7,0.0,-0.0,1.0,1.0,0.5,-6.8,-2.0,0.3,991.4,4.1,88.0,1,N,N,N,N
217.8,0.0,-0.0,1.0,1.0,-0.2,-6.8,-1.8,0.3,991.4,3.8,88.0,1,N,N,N,N
217.9,0.0,-0.0,1.0,1.0,0.2,-6.8,-1.8,0.2,991.4,4.0,88.0,1,N,N,N,N
218.0,0.0,0.0,1.0,1.0,2.3,-6.9,-1.8,0.3,991.3,5.0,88.0,1,N,N,N,N
218.1,0.0,0.0,1.0,1.0,-1.8,-6.8,-1.8,0.5,991.4,2.7,88.0,1,N,N,N,N
218.2,0.0,0.0,1.0,1.0,2.7,-6.8,-1.8,0.4,991.3,5.0,87.9,1,N,N,N,N
218.3,0.0,0.0,1.0,1.0,1.1,-6.8,-1.8,0.4,991.3,4.4,87.9,1,N,N,N,N
218.4,0.0,0.0,1.0,1.0,2.5,-6.7,-2.0,0.5,991.3,5.3,87.9,1,N,N,N,N
218.5,0.0,0.0,1.0,1.0,0.0,-6.7,-2.0,0.6,991.3,4.2,87.9,1,N,N,N,N
218.6,0.0,0.0,1.0,1.0,0.0,-6.7,-2.0,0.7,991.3,4.2,87.9,1,N,N,N,N
218.7,0.0,0.0,1.0,1.0,1.3,-6.6,-2.0,0.6,991.2,4.6,87.9,1,N,N,N,N
218.8,0.0,0.0,1.0,1.0,-3.5,-6.6,-2.0,0.7,991.3,2.0,87.9,1,N,N,N,N
218.9,0.0,0.0,1.0,1.0,-0.9,-6.7,-2.0,0.8,991.3,3.1,87.9,1,N,N,N,N
219.0,0.0,0.0,1.0,1.0,-0.3,-6.7,-2.0,0.8,991.3,3.4,87.9,1,N,N,N,N
219.1,0.0,0.0,1.0,1.0,-1.2,-6.7,-2.0,0.7,991.3,3.0,87.9,1,N,N,N,N
219.2,0.0,0.0,1.0,1.0,-3.5,-6.7,-1.9,0.7,991.3,1.9,87.9,1,N,N,N,N
219.3,0.0,0.0,1.0,1.0,-2.5,-6.7,-1.9,0.7,991.3,2.3,87.9,1,N,N,N,N
219.4,0.0,0.0,1.0,1.0,-1.4,-6.8,-2.0,0.8,991.2,2.4,87.9,1,N,N,N,N
219.5,0.0,0.0,1.0,1.0,-2.2,-6.8,-2.0,1.0,991.3,1.7,87.9,1,N,N,N,N
219.6,0.0,0.0,1.0,1.0,-2.5,-6.8,-2.0,1.0,991.3,1.2,87.9,1,N,N,N,N
219.7,0.0,0.0,1.0,1.0,-5.2,-6.8,-2.0,1.0,991.3,-0.5,87.9,1,N,N,N,N
219.8,0.0,0.0,1.0,1.0,-0.2,-6.8,-2.0,1.0,991.3,1.8,87.9,1,N,N,N,N
219.9,0.0,0.0,1.0,1.0,0.2,-6.8,-2.0,0.9,991.2,1.9,87.9,1,N,N,N,N
220.0,0.0,0.0,1.0,1.0,-1.1,-6.9,-1.9,1.0,991.3,1.2,87.9,1,N,N,N,N
220.1,0.0,0.0,1.0,1.0,-0.2,-6.9,-1.9,1.1,991.2,1.6,87.9,1,N,N,N,N
220.3,0.0,0.0,1.0,1.0,-0.5,-6.9,-1.9,1.1,991.2,1.3,87.9,1,N,N,N,N
220.4,0.0,0.0,1.0,1.0,-2.7,-7.0,-1.8,1.1,991.3,0.1,87.9,1,N,N,N,N
220.5,0.0,0.0,1.0,1.0,-0.6,-7.0,-1.8,1.3,991.2,1.1,87.9,1,N,N,N,N
220.6,0.0,0.0,1.0,1.0,-3.1,-6.9,-1.7,1.2,991.3,-0.3,87.9,1,N,N,N,N
220.7,0.0,0.0,1.0,1.0,1.1,-6.8,-1.9,1.2,991.2,1.5,87.9,1,N,N,N,N
220.8,0.0,0.0,1.0,1.0,-4.2,-6.8,-1.8,1.1,991.3,-1.6,87.9,1,N,N,N,N
220.9,0.0,0.0,1.0,1.0,-3.2,-6.8,-1.8,1.1,991.3,-1.3,87.9,1,N,N,N,N
221.0,0.0,0.0,1.0,1.0,-1.3,-6.8,-1.7,1.1,991.3,-0.8,87.9,1,N,N,N,N
221.1,0.0,0.0,1.0,1.0,-0.5,-6.8,-1.8,1.0,991.3,-0.6,88.0,1,N,N,N,N
221.2,0.0,0.0,1.0,1.0,-0.8,-6.8,-1.8,1.1,991.3,-0.9,88.0,1,N,N,N,N
221.3,0.0,0.0,1.0,1.0,-3.0,-6.8,-1.7,1.0,991.4,-2.4,88.0,1,N,N,N,N
221.4,0.0,0.0,1.0,1.0,-3.6,-6.8,-1.8,1.3,991.4,-2.9,88.0,1,N,N,N,N
221.5,0.0,0.0,1.0,1.0,-3.0,-6.8,-1.7,1.3,991.4,-2.9,88.0,1,N,N,N,N
221.6,0.0,0.0,1.0,1.0,-2.1,-6.9,-1.7,1.2,991.4,-2.7,88.0,1,N,N,N,N
221.7,0.0,0.0,1.0,1.0,-2.8,-6.8,-1.7,1.3,991.5,-3.4,88.0,1,N,N,N,N
221.8,0.0,0.0,1.0,1.0,0.6,-6.8,-1.7,1.2,991.4,-1.8,88.0,1,N,N,N,N
221.9,0.0,0.0,1.0,1.0,-0.9,-6.8,-1.7,1.3,991.5,-2.8,88.0,1,N,N,N,N
222.0,0.0,0.0,1.0,1.0,1.0,-6.8,-1.7,1.2,991.4,-1.8,88.0,1,N,N,N,N
222.1,0.0,0.0,1.0,1.0,-0.8,-6.8,-1.6,1.2,991.5,-2.9,88.0,1,N,N,N,N
222.2,0.0,0.0,1.0,1.0,-3.6,-6.8,-1.7,1.2,991.6,-4.6,88.0,1,N,N,N,N
222.3,0.0,0.0,1.0,1.0,-0.6,-6.8,-1.6,1.2,991.5,-2.8,88.0,1,N,N,N,N
222.4,0.0,0.0,1.0,1.0,1.5,-6.8,-1.6,1.2,991.5,-1.6,88.0,1,N,N,N,N
222.5,0.0,0.0,1.0,1.0,0.2,-6.8,-1.5,1.3,991.5,-2.0,88.0,1,N,N,N,N
222.6,0.0,0.0,1.0,1.0,3.1,-6.7,-1.5,1.3,991.4,-0.4,88.0,1,N,N,N,N
222.7,0.0,0.0,1.0,1.0,0.9,-6.6,-1.5,1.2,991.5,-1.5,88.0,1,N,N,N,N
222.8,0.0,0.0,1.0,1.0,-0.1,-6.6,-1.6,1.2,991.5,-1.9,88.0,1,N,N,N,N
222.9,0.0,0.0,1.0,1.0,1.0,-6.7,-1.5,1.2,991.5,-1.3,88.0,1,N,N,N,N
223.0,0.0,0.0,1.0,1.0,1.6,-6.7,-1.5,1.2,991.5,-0.8,88.0,1,N,N,N,N
223.1,0.0,0.0,1.0,1.0,1.2,-6.7,-1.5,1.1,991.5,-1.0,88.0,1,N,N,N,N
223.2,0.0,0.0,1.0,1.0,-0.6,-6.7,-1.5,1.2,991.5,-1.8,88.0,1,N,N,N,N
223.3,0.0,0.0,1.0,1.0,4.2,-6.7,-1.5,1.2,991.4,0.8,88.0,1,N,N,N,N
223.4,0.0,0.0,1.0,1.0,2.8,-6.7,-1.5,1.2,991.4,0.5,88.0,1,N,N,N,N
223.5,0.0,0.0,1.0,1.0,-2.2,-6.7,-1.5,1.2,991.5,-1.8,88.0,1,N,N,N,N
223.6,0.0,0.0,1.0,1.0,5.2,-6.7,-1.5,1.1,991.4,2.0,88.0,1,N,N,N,N
223.7,0.0,0.0,1.0,1.0,3.5,-6.8,-1.5,1.1,991.4,1.4,88.0,1,N,N,N,N
223.8,0.0,0.0,1.0,1.0,-1.7,-6.8,-1.4,1.1,991.5,-1.1,88.0,1,N,N,N,N
223.9,0.0,0.0,1.0,1.0,-3.5,-6.9,-1.3,1.0,991.5,-2.1,88.0,1,N,N,N,N
224.0,0.0,0.0,1.0,1.0,-1.7,-6.8,-1.3,0.9,991.5,-1.2,88.0,1,N,N,N,N
224.1,0.0,0.0,1.0,1.0,-0.7,-6.7,-1.4,1.0,991.5,-1.0,88.0,1,N,N,N,N
224.2,0.0,0.0,1.0,1.0,-0.8,-6.8,-1.3,1.2,991.5,-1.0,88.0,1,N,N,N,N
224.3,0.0,0.0,1.0,1.0,-1.4,-6.9,-1.2,1.3,991.5,-1.4,88.0,1,N,N,N,N
224.4,0.0,0.0,1.0,1.0,3.1,-6.8,-1.3,1.3,991.4,0.9,88.0,1,N,N,N,N
224.5,0.0,0.0,1.0,1.0,2.1,-6.7,-1.4,1.7,991.4,0.6,88.0,1,N,N,N,N
224.6,0.0,0.0,1.0,1.0,1.3,-6.6,-1.4,1.7,991.5,0.1,88.0,1,N,N,N,N
224.7,0.0,0.0,1.0,1.0,1.0,-6.5,-1.5,1.7,991.5,-0.1,88.0,1,N,N,N,N
224.8,0.0,0.0,1.0,1.0,0.0,-6.4,-1.5,1.7,991.5,-0.4,88.0,1,N,N,N,N
224.9,0.0,0.0,1.0,1.0,0.9,-6.4,-1.5,1.7,991.5,0.0,88.0,1,N,N,N,N
225.0,0.0,0.0,1.0,1.0,-2.4,-6.4,-1.5,1.9,991.5,-1.4,88.0,1,N,N,N,N
225.1,0.0,0.0,1.0,1.0,4.0,-6.4,-1.5,1.8,991.4,1.9,88.0,1,N,N,N,N
225.2,0.0,0.0,1.0,1.0,0.5,-6.4,-1.5,2.0,991.4,0.5,88.0,1,N,N,N,N
225.3,0.0,0.0,1.0,1.0,6.2,-6.3,-1.6,2.4,991.3,3.7,88.0,1,N,N,N,N
225.4,0.0,0.0,1.0,1.0,5.4,-6.4,-1.6,2.3,991.3,3.9,87.9,1,N,N,N,N
225.5,0.0,0.0,1.0,1.0,8.1,-6.3,-1.5,2.1,991.2,5.7,87.9,1,N,N,N,N
225.6,0.0,0.0,1.0,1.0,6.3,-6.3,-1.5,2.0,991.2,5.4,87.9,1,N,N,N,N
225.7,0.0,0.0,1.0,1.0,4.7,-6.4,-1.4,2.1,991.2,5.1,87.9,1,N,N,N,N
225.8,0.0,0.1,1.0,1.0,2.5,-6.4,-1.5,2.7,991.2,4.3,87.9,1,N,N,N,N
225.9,0.0,0.0,1.0,1.0,3.1,-6.4,-1.4,2.4,991.2,4.6,87.9,1,N,N,N,N
226.0,0.0,0.0,1.0,1.0,0.7,-6.3,-1.5,2.1,991.2,3.8,87.9,1,N,N,N,N
226.1,0.0,0.0,1.0,1.0,0.0,-6.4,-1.4,2.2,991.2,3.5,87.9,1,N,N,N,N
226.2,0.0,0.0,1.0,1.0,2.2,-6.3,-1.4,2.1,991.1,4.7,87.9,1,N,N,N,N
226.3,0.0,0.0,1.0,1.0,5.1,-6.3,-1.3,2.2,991.1,6.7,87.9,1,N,N,N,N
226.4,0.0,0.1,1.0,1.0,2.5,-6.4,-1.4,2.2,991.1,5.6,87.8,1,N,N,N,N
226.5,0.0,0.0,1.0,1.0,1.3,-6.2,-1.4,2.2,991.1,5.1,87.8,1,N,N,N,N
226.6,0.0,0.0,1.0,1.0,7.9,-6.1,-1.6,2.8,990.9,8.9,87.8,1,N,N,N,N
226.7,0.0,0.0,1.0,1.0,-0.2,-6.2,-1.5,2.6,991.0,5.3,87.8,1,N,N,N,N
226.8,0.0,0.0,1.0,1.0,0.9,-6.2,-1.5,2.6,991.0,5.9,87.8,1,N,N,N,N
226.9,0.0,0.0,1.0,1.0,3.8,-6.2,-1.4,2.3,990.9,7.4,87.8,1,N,N,N,N
227.0,0.0,0.0,1.0,1.0,1.6,-6.2,-1.5,2.3,990.9,6.4,87.8,1,N,N,N,N
227.1,0.0,0.0,1.0,1.0,2.3,-6.3,-1.5,2.3,990.9,7.0,87.8,1,N,N,N,N
227.2,0.0,0.0,1.0,1.0,2.0,-6.3,-1.5,2.2,990.9,6.6,87.8,1,N,N,N,N
227.3,0.0,0.1,1.0,1.0,-1.5,-6.7,-1.3,2.2,990.9,4.8,87.8,1,N,N,N,N
227.4,0.0,0.0,1.0,1.0,-0.2,-6.4,-1.5,2.1,990.9,5.3,87.7,1,N,N,N,N
227.5,0.0,-0.2,1.0,1.0,1.0,-7.8,-0.4,1.4,990.8,5.9,87.7,1,N,N,N,N
227.6,-0.7,0.1,1.1,1.4,-0.1,-14.0,2.5,1.9,990.8,5.2,87.7,1,N,N,N,N
227.7,-1.8,-1.2,1.2,2.5,0.6,0.0,27.3,-33.5,990.8,6.4,87.7,1,N,N,N,N
227.8,-4.3,1.0,-4.0,6.0,-0.2,0.0,36.9,-55.2,990.7,7.6,87.7,3,N,N,N,N
227.9,-1.5,-0.9,-0.8,1.9,4.7,0.0,59.1,-38.5,990.6,11.8,87.6,4,N,N,N,N
228.0,0.1,-0.4,0.5,0.7,8.7,0.0,12.7,-19.7,990.5,15.3,87.6,4,N,N,N,N
228.1,-0.0,-0.3,0.8,0.9,12.9,-0.0,-15.9,-22.5,990.3,18.5,87.5,4,N,N,N,N
228.2,0.4,-0.1,0.3,0.5,11.5,0.0,-41.7,-31.3,990.3,20.1,87.5,4,N,N,N,N
228.3,0.5,-0.5,0.1,0.7,12.7,-0.0,-53.5,-52.7,990.2,22.5,87.5,4,N,N,N,N
228.4,0.9,-0.4,0.0,1.0,8.8,-0.0,-72.1,-60.8,990.2,22.4,87.5,4,N,N,N,N
228.5,0.7,0.0,-0.1,0.7,8.1,0.0,-81.8,-12.7,990.2,23.4,87.5,4,N,N,N,N
228.6,1.2,-0.1,-0.1,1.2,6.0,0.6,-90.0,77.4,990.2,22.9,87.5,4,N,N,N,N
228.7,0.8,-0.1,0.6,1.0,0.8,0.0,-72.8,-10.6,990.3,20.5,87.5,4,N,N,N,N
228.8,0.7,0.1,-0.1,0.7,2.8,0.0,-77.8,1.6,990.2,21.8,87.5,4,N,N,N,N
228.9,1.0,0.1,0.2,1.0,-0.9,0.5,-90.0,-140.6,990.3,20.6,87.5,4,N,N,N,N
229.0,0.9,-0.1,-0.1,0.9,0.9,-0.0,-78.5,-86.6,990.2,21.7,87.5,4,N,N,N,N
229.1,0.8,0.0,-0.1,0.8,-5.2,-0.0,-81.1,-139.3,990.3,18.8,87.5,4,N,N,N,N
229.2,1.0,0.1,0.1,1.0,-4.9,-0.0,-81.9,160.2,990.3,18.4,87.5,4,N,N,N,N
229.3,1.0,-0.2,0.2,1.1,-8.0,0.1,-86.3,-131.9,990.4,16.2,87.5,4,N,N,N,N
229.4,1.0,-0.0,-0.1,1.0,-7.2,-0.0,-81.0,-115.4,990.4,15.8,87.6,4,N,N,N,N
229.5,1.0,-0.4,0.1,1.0,-6.2,0.0,-77.9,-100.0,990.4,15.6,87.6,4,N,N,N,N
229.6,1.0,-0.1,0.1,1.0,-7.4,0.0,-81.1,-103.8,990.5,13.9,87.6,4,N,N,N,N
229.7,1.0,0.0,0.0,1.0,-9.9,-0.0,-83.8,-105.4,990.6,11.7,87.6,4,N,N,N,N
229.8,0.9,-0.1,-0.2,0.9,-6.9,0.0,-83.2,-171.4,990.5,12.5,87.6,4,N,N,N,N
229.9,0.9,-0.1,-0.4,1.0,-7.6,-0.0,-81.1,-164.0,990.6,11.2,87.7,4,N,N,N,N
230.0,1.0,0.0,-0.2,1.1,-10.4,-0.0,-81.7,-172.1,990.7,9.1,87.7,4,N,N,N,N
230.1,1.0,0.0,0.0,1.0,-8.2,0.0,-81.4,-177.8,990.7,9.1,87.7,4,N,N,N,N
230.2,1.0,0.1,-0.1,1.0,-7.4,-0.0,-82.4,-169.1,990.7,8.6,87.7,4,N,N,N,N
230.3,1.0,-0.1,-0.1,1.0,-6.2,0.0,-84.0,-156.2,990.7,8.2,87.7,4,N,N,N,N
230.4,0.9,-0.0,-0.1,0.9,-5.5,0.0,-83.7,-148.5,990.7,7.8,87.7,4,N,N,N,N
230.5,1.0,0.0,-0.1,1.0,-6.4,-0.0,-84.4,-145.4,990.7,7.0,87.7,4,N,N,N,N
230.6,1.0,-0.3,-0.1,1.0,-4.8,-0.0,-84.4,-132.4,990.7,7.1,87.7,4,N,N,N,N
230.7,1.0,-0.1,-0.3,1.0,-6.8,-0.0,-83.0,-145.6,990.8,5.6,87.7,4,N,N,N,N
230.8,1.0,-0.1,-0.2,1.0,-6.5,-0.0,-81.5,-157.0,990.8,5.5,87.7,4,N,N,N,N
230.9,1.0,-0.1,-0.1,1.0,-3.2,-0.0,-81.5,-166.7,990.7,6.9,87.7,4,N,N,N,N
231.0,1.0,0.1,-0.1,1.0,-2.2,-0.0,-80.4,-175.4,990.7,7.2,87.7,4,N,N,N,N
231.1,1.0,0.0,-0.2,1.0,-1.5,0.9,-78.6,-177.5,990.7,7.2,87.7,4,N,N,N,N
231.2,1.0,0.0,-0.2,1.0,-5.0,4.6,-76.6,-179.4,990.8,5.0,87.7,4,N,N,N,N
231.3,0.9,-0.0,-0.3,1.0,-2.6,4.0,-73.6,-176.8,990.8,6.1,87.7,4,N,N,N,N
231.4,0.9,0.0,-0.4,1.0,-0.4,4.7,-70.9,-175.5,990.7,7.3,87.7,4,N,N,N,N
231.5,0.9,-0.1,-0.5,1.0,-3.5,8.5,-67.3,-174.7,990.8,5.9,87.7,4,N,N,N,N
231.6,0.9,-0.1,-0.5,1.0,-0.4,12.2,-63.3,-170.4,990.7,7.3,87.7,4,N,N,N,N
231.7,0.9,-0.1,-0.5,1.0,-1.9,14.0,-61.3,-167.5,990.8,6.4,87.7,4,N,N,N,N
231.8,0.9,-0.3,-0.5,1.1,-0.5,12.3,-59.5,-159.4,990.7,6.9,87.7,4,N,N,N,N
231.9,0.8,-0.4,-0.6,1.1,0.8,10.9,-61.4,-144.9,990.7,7.6,87.7,4,N,N,N,N
232.0,0.9,-0.4,-0.2,1.0,0.1,8.0,-62.6,-134.2,990.7,7.3,87.7,4,N,N,N,N
232.1,0.8,-0.4,-0.4,1.0,0.5,8.6,-58.3,-130.2,990.7,7.7,87.7,4,N,N,N,N
232.2,0.7,-0.4,-0.5,1.0,1.6,14.0,-54.8,-126.5,990.7,8.3,87.7,4,N,N,N,N
232.3,0.8,-0.7,-0.3,1.1,0.8,15.1,-52.2,-122.6,990.7,7.5,87.7,4,N,N,N,N
232.4,0.8,-0.5,-0.3,1.0,0.4,16.7,-51.2,-119.2,990.7,7.4,87.7,4,N,N,N,N
232.5,0.7,-0.6,-0.3,1.0,0.8,16.0,-48.2,-115.8,990.7,7.4,87.7,4,N,N,N,N
232.6,0.7,-0.6,-0.2,0.9,-1.1,16.1,-45.7,-112.5,990.8,6.6,87.7,4,N,N,N,N
232.7,0.7,-0.6,-0.2,0.9,-0.5,16.3,-43.0,-109.8,990.8,6.7,87.7,4,N,N,N,N
232.8,0.6,-0.7,-0.3,1.0,2.3,17.2,-39.6,-106.7,990.7,8.1,87.7,4,N,N,N,N
232.9,0.6,-0.8,-0.1,1.0,-1.4,17.1,-37.1,-103.5,990.8,6.4,87.7,4,N,N,N,N
233.0,0.5,-0.8,-0.3,1.0,-3.2,18.5,-35.3,-100.6,990.8,5.3,87.7,4,N,N,N,N
233.1,0.5,-0.9,-0.1,1.1,-6.2,17.4,-32.8,-96.9,990.9,3.6,87.7,4,N,N,N,N
233.2,0.5,-0.9,0.1,1.0,-3.9,17.0,-31.3,-92.9,990.8,4.7,87.7,4,N,N,N,N
233.3,0.5,-1.0,-0.1,1.1,-0.1,17.7,-29.5,-91.9,990.8,6.4,87.7,4,N,N,N,N
233.4,0.4,-0.9,-0.1,1.0,-1.5,17.2,-27.9,-90.4,990.8,5.7,87.7,4,N,N,N,N
233.5,0.5,-0.9,0.0,1.0,0.1,16.9,-26.2,-88.5,990.8,6.5,87.7,4,N,N,N,N
233.6,0.4,-0.9,0.0,1.0,-0.4,16.7,-24.5,-86.8,990.8,6.2,87.7,4,N,N,N,N
233.7,0.3,-1.0,0.1,1.0,-0.6,16.1,-21.7,-84.5,990.8,6.0,87.7,4,N,N,N,N
233.8,0.2,-1.1,0.2,1.2,0.9,15.9,-19.0,-81.1,990.7,7.0,87.7,4,N,N,N,N
233.9,0.3,-1.0,0.1,1.0,2.4,16.3,-18.2,-77.7,990.7,7.8,87.7,4,N,N,N,N
234.0,0.3,-0.9,0.2,1.0,0.4,15.6,-17.5,-74.7,990.8,6.6,87.7,4,N,N,N,N
234.1,0.3,-0.9,0.4,1.0,-1.3,15.4,-17.4,-70.1,990.8,5.8,87.7,4,N,N,N,N
234.2,0.3,-1.0,0.4,1.1,3.4,16.5,-16.5,-65.7,990.7,8.1,87.7,4,N,N,N,N
234.3,0.3,-0.8,0.4,1.0,-3.0,16.9,-15.8,-61.6,990.8,5.1,87.7,4,N,N,N,N
234.4,0.3,-0.8,0.5,1.0,1.5,16.6,-14.5,-58.2,990.7,7.4,87.7,4,N,N,N,N
234.5,0.2,-0.8,0.6,1.0,1.8,16.6,-12.8,-55.8,990.7,7.6,87.7,4,N,N,N,N
234.6,0.2,-0.8,0.5,1.0,2.3,17.1,-11.5,-53.7,990.7,8.0,87.7,4,N,N,N,N
234.7,0.1,-0.8,0.6,1.0,6.9,17.1,-9.8,-52.4,990.6,10.5,87.7,4,N,N,N,N
234.8,0.2,-0.7,0.6,0.9,5.0,16.6,-9.8,-49.1,990.6,10.1,87.6,4,N,N,N,N
234.9,0.1,-0.7,0.6,1.0,7.4,17.1,-8.2,-46.8,990.6,12.1,87.6,4,N,N,N,N
235.0,0.1,-0.7,0.7,1.0,4.3,17.0,-6.7,-44.3,990.6,10.9,87.6,4,N,N,N,N
235.1,0.1,-0.6,0.7,1.0,4.7,16.5,-6.1,-41.4,990.6,11.8,87.6,4,N,N,N,N
235.2,0.1,-0.6,0.8,1.0,6.1,16.1,-5.2,-38.4,990.5,13.0,87.6,4,N,N,N,N
235.3,0.1,-0.5,0.8,1.0,4.4,15.4,-4.5,-35.2,990.5,12.8,87.6,4,N,N,N,N
235.4,0.0,-0.6,0.9,1.1,3.5,15.6,-3.3,-31.4,990.5,12.6,87.6,4,N,N,N,N
235.5,0.1,-0.5,0.9,1.1,4.5,15.5,-2.6,-26.9,990.5,13.6,87.6,4,N,N,N,N
235.6,0.1,-0.3,0.8,0.9,4.1,15.2,-2.6,-22.5,990.5,13.7,87.6,4,N,N,N,N
235.7,0.0,-0.3,0.9,0.9,3.7,15.4,-1.7,-18.4,990.5,13.8,87.6,4,N,N,N,N
235.8,0.0,-0.3,1.0,1.0,5.5,15.9,-0.6,-14.5,990.5,15.1,87.6,4,N,N,N,N
235.9,-0.0,-0.3,1.0,1.0,0.8,16.9,-0.0,-11.2,990.5,13.3,87.6,4,N,N,N,N
236.0,-0.0,-0.1,1.0,1.0,4.8,17.8,0.4,-7.8,990.5,15.2,87.6,4,N,N,N,N
236.1,-0.0,-0.1,1.0,1.0,-0.9,19.1,0.7,-5.0,990.6,12.3,87.6,4,N,N,N,N
236.2,0.0,-0.1,1.0,1.0,-0.4,20.8,0.5,-2.3,990.5,12.7,87.6,4,N,N,N,N
236.3,-0.0,-0.0,1.0,1.0,1.7,21.6,1.1,-0.3,990.5,13.6,87.6,4,N,N,N,N
236.4,-0.0,0.0,1.1,1.1,-1.8,22.1,0.5,2.6,990.6,11.8,87.6,4,N,N,N,N
236.5,0.0,0.1,1.0,1.0,-2.8,22.8,-0.4,5.1,990.6,11.2,87.6,4,N,N,N,N
236.6,0.0,0.1,1.0,1.0,-0.1,23.7,-0.7,7.5,990.6,12.4,87.6,4,N,N,N,N
236.7,0.0,0.1,1.0,1.0,-3.8,24.7,-0.8,10.3,990.6,10.5,87.6,4,N,N,N,N
236.8,0.0,0.2,1.0,1.0,-0.3,25.4,-0.9,12.1,990.6,12.2,87.6,4,N,N,N,N
236.9,0.0,0.2,1.0,1.0,0.4,25.9,-0.8,14.0,990.5,12.6,87.6,4,N,N,N,N
237.0,0.0,0.2,1.0,1.0,2.6,26.4,-0.6,15.5,990.5,13.8,87.6,4,N,N,N,N
237.1,-0.0,0.2,1.0,1.1,-4.0,27.0,-0.1,16.1,990.6,10.3,87.6,4,N,N,N,N
237.2,0.0,0.3,0.9,0.9,-2.5,27.3,-0.3,16.5,990.6,11.1,87.6,4,N,N,N,N
237.3,-0.0,0.2,1.0,1.0,-3.5,27.5,0.5,16.8,990.6,10.5,87.6,4,N,N,N,N
237.4,0.0,0.3,0.9,1.0,2.0,27.2,0.4,17.8,990.5,13.0,87.6,4,N,N,N,N
237.5,-0.0,0.3,0.9,1.0,-1.6,27.2,0.2,19.5,990.6,11.6,87.6,4,N,N,N,N
237.6,0.0,0.4,1.0,1.0,3.0,26.8,0.6,20.0,990.5,13.8,87.6,4,N,N,N,N
237.7,0.0,0.4,0.9,1.0,-0.7,26.6,0.2,21.0,990.6,12.1,87.6,4,N,N,N,N
237.8,0.0,0.4,1.0,1.0,-1.0,26.7,-0.1,21.4,990.6,11.9,87.6,4,N,N,N,N
237.9,0.0,0.4,0.9,1.0,-3.4,26.3,-0.5,22.5,990.6,10.6,87.6,4,N,N,N,N
238.0,-0.0,0.4,1.0,1.1,-1.0,26.4,-0.5,23.0,990.6,11.6,87.6,4,N,N,N,N
238.1,0.0,0.4,0.9,1.0,-0.9,26.4,-0.6,23.5,990.6,11.5,87.6,4,N,N,N,N
238.2,0.0,0.4,0.9,1.0,-2.5,26.2,-0.9,24.0,990.6,10.7,87.7,4,N,N,N,N
238.3,0.0,0.4,0.9,1.0,-3.0,26.1,-1.1,24.2,990.6,10.3,87.7,4,N,N,N,N
238.4,-0.0,0.4,0.9,1.0,1.0,25.7,-1.0,24.7,990.6,12.1,87.6,4,N,N,N,N
238.5,-0.0,0.4,0.9,1.0,0.0,25.3,-0.6,25.8,990.6,11.5,87.7,4,N,N,N,N
238.6,0.0,0.4,0.9,1.0,-1.3,24.7,-0.4,26.6,990.6,10.7,87.7,4,N,N,N,N
238.7,0.0,0.5,1.0,1.1,2.4,23.7,-0.1,27.5,990.6,12.4,87.6,4,N,N,N,N
238.8,0.0,0.5,0.8,1.0,-1.7,22.5,-0.6,29.1,990.6,10.4,87.6,4,N,N,N,N
238.9,-0.0,0.5,0.9,1.0,2.6,22.0,-0.3,28.3,990.5,12.5,87.6,4,N,N,N,N
239.0,0.0,0.5,0.9,1.0,2.0,20.9,-0.4,28.8,990.6,12.4,87.6,4,N,N,N,N
239.1,0.0,0.5,0.9,1.0,3.1,19.6,0.2,28.6,990.5,13.2,87.6,4,N,N,N,N
239.2,-0.0,0.5,0.8,1.0,2.5,18.5,1.0,30.3,990.5,13.2,87.6,4,N,N,N,N
239.3,-0.0,0.6,0.8,1.0,2.7,17.6,2.3,32.3,990.5,13.5,87.6,4,N,N,N,N
239.4,-0.1,0.4,0.9,1.0,7.0,17.3,4.4,31.7,990.4,16.2,87.6,4,N,N,N,N
239.5,-0.1,0.5,0.9,1.0,4.5,15.8,5.8,32.8,990.5,15.2,87.6,4,N,N,N,N
239.6,-0.2,0.5,0.9,1.0,1.5,13.7,7.4,35.2,990.5,14.1,87.6,4,N,N,N,N
239.7,-0.2,0.5,0.8,1.0,3.9,12.1,8.7,38.0,990.4,15.6,87.6,4,N,N,N,N
239.8,-0.2,0.7,0.7,1.0,2.4,9.7,10.1,38.5,990.4,15.3,87.6,4,N,N,N,N
239.9,-0.2,0.6,0.7,1.0,4.4,9.3,12.5,39.2,990.4,16.6,87.6,4,N,N,N,N
240.0,-0.2,0.7,0.7,1.0,-0.9,9.7,14.9,41.1,990.5,14.3,87.6,4,N,N,N,N
240.1,-0.2,0.6,0.7,1.0,0.7,11.2,16.6,42.3,990.4,15.4,87.6,4,N,N,N,N
240.2,-0.3,0.4,0.7,0.9,-3.6,12.4,18.2,41.0,990.5,13.2,87.6,4,N,N,N,N
240.3,-0.4,0.6,0.8,1.0,-3.1,12.4,20.8,41.6,990.5,13.1,87.6,4,N,N,N,N
240.4,-0.4,0.7,0.7,1.0,-1.8,11.3,22.1,43.1,990.5,13.8,87.6,4,N,N,N,N
240.5,-0.4,0.5,0.7,1.0,-3.2,11.6,23.4,43.5,990.5,12.8,87.6,4,N,N,N,N
240.6,-0.4,0.6,0.7,1.0,0.0,9.2,23.7,41.2,990.5,14.3,87.6,4,N,N,N,N
240.7,-0.4,0.6,0.7,1.0,-0.9,7.5,23.5,40.4,990.5,13.5,87.6,4,N,N,N,N
240.8,-0.4,0.6,0.7,1.0,1.7,7.8,24.3,40.8,990.5,14.8,87.6,4,N,N,N,N
240.9,-0.4,0.6,0.7,1.0,-0.4,8.4,25.6,41.2,990.5,14.0,87.6,4,N,N,N,N
241.0,-0.4,0.6,0.6,1.0,1.2,8.0,26.7,41.6,990.5,14.8,87.6,4,N,N,N,N
241.1,-0.4,0.8,0.6,1.1,5.0,8.4,27.8,42.0,990.4,17.0,87.6,4,N,N,N,N
241.2,-0.5,0.5,0.7,1.0,3.5,9.9,27.7,40.1,990.4,16.3,87.6,4,N,N,N,N
241.3,-0.5,0.5,0.7,1.0,3.0,9.8,26.9,37.2,990.4,16.6,87.5,4,N,N,N,N
241.4,-0.4,0.5,0.7,1.0,1.8,10.1,26.3,36.5,990.4,16.5,87.6,4,N,N,N,N
241.5,-0.4,0.6,0.7,1.0,3.5,9.4,25.3,35.6,990.4,17.6,87.5,4,N,N,N,N
241.6,-0.4,0.5,0.7,1.0,1.2,9.7,25.6,36.1,990.4,16.7,87.5,4,N,N,N,N
241.7,-0.4,0.4,0.8,1.0,1.9,9.8,26.1,35.6,990.4,17.6,87.5,4,N,N,N,N
241.8,-0.4,0.5,0.8,1.0,4.6,9.6,26.7,33.4,990.3,19.6,87.5,4,N,N,N,N
241.9,-0.5,0.4,0.8,1.0,3.2,10.2,26.5,32.4,990.3,19.1,87.5,4,N,N,N,N
242.0,-0.4,0.4,0.8,1.0,5.2,10.4,26.1,30.1,990.3,20.7,87.5,4,N,N,N,N
242.1,-0.4,0.4,0.8,1.0,3.4,11.0,25.5,26.4,990.3,20.0,87.5,4,N,N,N,N
242.2,-0.4,0.3,0.8,1.0,7.5,12.1,24.8,23.7,990.2,22.4,87.5,4,N,N,N,N
242.3,-0.4,0.3,0.8,1.0,5.3,12.7,24.3,22.0,990.2,22.0,87.5,4,N,N,N,N
242.4,-0.4,0.3,0.9,1.0,6.1,12.4,24.8,22.0,990.2,23.0,87.5,4,N,N,N,N
242.5,-0.4,0.3,0.9,1.0,6.8,10.6,25.7,20.4,990.1,23.9,87.5,4,N,N,N,N
242.6,-0.4,0.3,0.9,1.0,7.4,8.7,26.4,18.9,990.1,24.6,87.5,4,N,N,N,N
242.7,-0.5,0.3,0.8,1.0,2.1,7.9,27.0,18.5,990.2,22.3,87.5,4,N,N,N,N
242.8,-0.5,0.2,0.9,1.0,0.5,6.0,27.6,17.8,990.2,22.0,87.5,4,N,N,N,N
242.9,-0.4,0.3,0.9,1.0,-0.2,2.4,27.8,17.0,990.2,21.7,87.5,4,N,N,N,N
243.0,-0.4,0.4,0.8,1.0,-0.1,-2.0,27.3,11.3,990.2,21.8,87.5,4,N,N,N,N
243.1,-0.5,0.2,0.9,1.0,0.4,-2.1,27.7,11.2,990.2,22.3,87.5,4,N,N,N,N
243.2,-0.5,0.1,0.9,1.0,4.3,-3.0,27.9,10.7,990.1,24.2,87.5,4,N,N,N,N
243.3,-0.5,0.1,0.9,1.0,-1.4,-4.3,28.3,9.1,990.2,21.4,87.5,4,N,N,N,N
243.4,-0.5,0.1,0.8,1.0,-4.7,-6.3,28.8,6.3,990.3,19.5,87.5,4,N,N,N,N
243.5,-0.5,0.1,0.9,1.0,-2.0,-8.5,29.7,4.0,990.3,20.8,87.5,4,N,N,N,N
243.6,-0.5,0.0,0.9,1.0,-2.3,-9.5,29.8,3.3,990.3,20.6,87.5,4,N,N,N,N
243.7,-0.5,0.0,0.9,1.0,0.9,-10.9,29.5,2.5,990.2,21.9,87.5,4,N,N,N,N
243.8,-0.5,0.0,0.9,1.0,-0.7,-13.0,29.1,1.5,990.3,20.8,87.5,4,N,N,N,N
243.9,-0.5,0.0,0.8,1.0,-0.9,-14.5,27.9,1.2,990.3,20.4,87.5,4,N,N,N,N
244.0,-0.5,-0.0,0.9,1.0,-1.3,-14.1,27.6,1.1,990.3,20.0,87.5,4,N,N,N,N
244.1,-0.5,-0.0,0.9,1.0,-2.7,-12.8,27.4,0.5,990.3,19.1,87.5,4,N,N,N,N
244.2,-0.4,-0.0,1.0,1.1,-2.8,-11.1,26.5,0.7,990.3,18.6,87.5,4,N,N,N,N
244.3,-0.4,-0.1,0.9,1.0,-2.7,-11.1,25.6,0.0,990.3,18.4,87.5,4,N,N,N,N
244.4,-0.4,-0.0,0.9,1.0,1.1,-12.9,25.0,0.2,990.3,20.2,87.5,4,N,N,N,N
244.5,-0.5,-0.1,0.8,0.9,-0.9,-15.8,25.3,-0.5,990.3,19.3,87.5,4,N,N,N,N
244.6,-0.4,-0.0,1.0,1.1,2.1,-21.2,25.1,-0.2,990.2,20.9,87.5,4,N,N,N,N
244.7,-0.4,0.0,0.9,1.0,0.9,-25.8,24.3,0.4,990.3,20.4,87.5,4,N,N,N,N
244.8,-0.4,0.1,1.0,1.0,2.5,-30.4,23.8,1.8,990.2,21.5,87.5,4,N,N,N,N
244.9,-0.4,0.1,0.9,1.0,7.1,-34.1,23.2,3.8,990.1,24.1,87.5,4,N,N,N,N
245.0,-0.4,0.0,0.9,0.9,5.6,-37.9,22.9,6.3,990.1,24.0,87.5,4,N,N,N,N
245.1,-0.4,0.1,0.8,0.9,2.4,-41.1,22.2,8.7,990.2,22.9,87.5,4,N,N,N,N
245.2,-0.4,0.2,0.8,1.0,2.1,-44.9,21.7,11.0,990.2,23.2,87.5,4,N,N,N,N
245.3,-0.3,0.3,0.9,1.0,1.1,-46.5,22.0,12.9,990.2,22.8,87.5,4,N,N,N,N
245.4,-0.4,0.2,0.9,1.0,-0.7,-44.5,21.0,16.4,990.2,21.9,87.5,4,N,N,N,N
245.5,-0.3,0.3,1.0,1.1,0.3,-46.1,21.0,19.5,990.2,22.4,87.5,4,N,N,N,N
245.6,-0.3,0.5,0.8,1.0,-1.2,-52.0,22.5,20.6,990.2,21.8,87.5,4,N,N,N,N
245.7,-0.4,0.3,0.9,1.0,-1.7,-58.4,24.1,19.9,990.2,21.4,87.5,4,N,N,N,N
245.8,-0.4,0.3,0.8,1.0,-4.3,-64.4,24.2,19.6,990.3,19.9,87.5,4,N,N,N,N
245.9,-0.5,0.2,0.8,1.0,-5.5,-67.9,23.9,20.0,990.3,19.3,87.5,4,N,N,N,N
246.0,-0.4,0.3,0.9,1.0,-5.0,-72.5,24.1,20.1,990.3,19.4,87.5,4,N,N,N,N
246.1,-0.4,0.3,0.8,0.9,-1.4,-78.3,24.1,19.9,990.2,21.0,87.5,4,N,N,N,N
246.2,-0.4,0.3,0.9,1.0,1.1,-84.5,25.1,18.7,990.2,22.2,87.5,4,N,N,N,N
246.4,-0.4,0.3,0.9,1.0,-5.4,-88.9,24.8,18.5,990.3,18.9,87.5,4,N,N,N,N
246.5,-0.4,0.2,0.9,1.0,-2.3,-90.8,24.3,18.6,990.3,20.2,87.5,4,N,N,N,N
246.6,-0.4,0.3,0.9,1.0,-2.5,-92.7,23.5,18.5,990.3,20.0,87.5,4,N,N,N,N
246.7,-0.4,0.3,0.9,1.0,-1.6,-95.5,22.2,17.6,990.3,20.4,87.5,4,N,N,N,N
246.8,-0.4,0.2,0.9,1.0,-1.6,-97.4,20.9,16.5,990.3,20.5,87.5,4,N,N,N,N
246.9,-0.4,0.3,1.0,1.1,-0.7,-99.2,20.0,15.0,990.3,20.8,87.5,4,N,N,N,N
247.0,-0.5,0.2,1.0,1.1,-1.1,-98.2,20.1,13.7,990.3,20.3,87.5,5,Y,N,N,N
247.1,-0.7,0.2,1.1,1.3,1.8,-98.5,26.3,12.0,990.2,21.4,87.5,5,Y,N,N,N
247.2,-1.1,0.0,1.1,1.6,2.3,-109.3,39.9,-3.1,990.3,20.8,87.5,5,Y,N,N,N
247.3,-0.9,-0.2,0.5,1.0,4.9,-131.0,40.0,-22.0,990.2,21.8,87.5,5,Y,N,N,N
247.4,-0.3,0.5,0.7,0.9,6.0,0.0,20.0,-10.7,990.2,23.6,87.4,5,Y,N,N,N
247.5,-0.1,-0.2,1.2,1.2,11.7,0.0,-5.6,-4.5,990.0,27.2,87.4,5,Y,N,N,N
247.6,0.1,-0.0,1.0,1.0,18.5,0.0,-17.6,-4.8,989.8,32.6,87.3,5,Y,N,N,N
247.7,0.4,-0.2,0.4,0.6,20.2,-0.0,-37.5,-8.3,989.7,35.9,87.3,5,Y,N,N,N
247.8,0.8,-0.2,0.6,1.0,19.2,-0.0,-50.6,-20.2,989.7,37.3,87.3,5,Y,N,N,N
247.9,0.7,-0.4,0.2,0.8,15.7,-0.0,-62.4,-49.2,989.6,37.8,87.2,6,Y,N,N,N
248.0,0.7,-0.5,0.5,1.0,15.4,0.0,-58.9,-46.7,989.6,39.4,87.2,7,Y,N,N,N
248.1,0.7,-0.4,0.4,0.9,9.7,-0.0,-55.6,-51.5,989.6,37.9,87.2,7,Y,Y,N,N
248.2,0.7,-0.4,-0.0,0.8,12.5,-0.0,-51.3,-73.1,989.5,40.6,87.2,7,Y,Y,N,N
248.3,0.6,-0.6,0.0,0.9,7.1,-0.0,-51.0,-82.7,989.6,39.1,87.2,7,Y,Y,N,N
248.4,0.5,-0.6,-0.2,0.8,1.6,-0.0,-46.5,-96.7,989.7,37.2,87.2,7,Y,Y,N,N
248.5,0.6,-0.5,-0.2,0.8,3.1,-0.0,-39.7,-102.8,989.6,38.4,87.2,7,Y,Y,N,N
248.6,0.3,-0.9,-0.4,1.0,-1.4,-0.0,-32.5,-101.3,989.7,36.1,87.3,7,Y,Y,N,N
248.7,0.3,-1.1,-0.0,1.1,-5.7,0.0,-24.4,-94.8,989.8,33.9,87.3,7,Y,Y,N,N
248.8,0.2,-0.9,0.0,1.0,-3.7,0.0,-14.0,-86.7,989.8,34.4,87.3,7,Y,Y,N,N
248.9,0.2,-0.9,0.1,0.9,-2.7,0.0,-6.4,-81.7,989.8,34.2,87.3,7,Y,Y,N,N
249.0,0.2,-0.8,0.1,0.8,-3.1,-0.0,-5.2,-77.4,989.8,33.6,87.3,7,Y,Y,N,N
249.1,0.1,-0.9,0.4,1.0,-1.0,0.0,-2.3,-72.4,989.8,34.4,87.3,7,Y,Y,N,N
249.2,0.0,-0.9,0.4,1.0,-0.9,0.0,-1.1,-64.6,989.8,34.1,87.3,7,Y,Y,Y,N
249.3,0.1,-0.8,0.5,0.9,-3.8,0.0,-0.3,-58.4,989.8,32.2,87.3,7,Y,Y,Y,N
249.4,-0.0,-0.8,0.6,1.0,-2.9,-0.0,2.0,-53.5,989.9,32.0,87.3,7,Y,Y,Y,N
249.5,-0.1,-0.7,0.7,1.0,-0.2,0.0,4.0,-49.1,989.8,33.3,87.3,7,Y,Y,Y,N
249.6,-0.1,-0.7,0.7,1.0,-1.3,-0.0,4.7,-46.0,989.8,32.7,87.3,7,Y,Y,Y,N
249.7,-0.0,-0.6,0.7,0.9,-0.1,0.0,3.9,-43.6,989.8,33.2,87.3,7,Y,Y,Y,N
249.8,-0.1,-0.6,0.7,0.9,0.8,0.0,3.3,-38.7,989.8,33.7,87.3,7,Y,Y,Y,N
249.9,-0.0,-0.6,0.8,1.0,2.7,0.0,3.8,-34.4,989.7,34.9,87.3,7,Y,Y,Y,N
250.0,-0.1,-0.6,1.0,1.2,1.0,0.0,5.5,-30.6,989.8,34.1,87.3,7,Y,Y,Y,N
250.1,-0.1,-0.4,0.9,1.0,1.4,-0.0,6.0,-26.4,989.8,34.2,87.3,7,Y,Y,Y,N
250.2,-0.1,-0.4,0.8,0.9,-1.4,-0.0,6.4,-23.4,989.8,32.7,87.3,7,Y,Y,Y,N
250.3,-0.1,-0.4,0.9,1.0,-1.5,-0.0,7.5,-20.7,989.8,32.6,87.3,7,Y,Y,Y,Y
250.4,-0.2,-0.4,0.9,1.0,0.1,-0.0,8.0,-17.7,989.8,33.1,87.3,7,Y,Y,Y,Y
250.5,-0.2,-0.3,1.0,1.0,-3.3,-0.0,8.7,-15.1,989.9,31.3,87.3,7,Y,Y,Y,Y
250.6,-0.2,-0.2,1.0,1.1,-2.9,0.0,9.6,-12.2,989.9,31.4,87.3,7,Y,Y,Y,Y
250.7,-0.1,-0.1,1.0,1.0,-1.0,-0.2,9.9,-9.4,989.9,32.0,87.3,7,Y,Y,Y,Y
250.8,-0.2,-0.1,1.0,1.0,-3.3,0.1,10.3,-6.9,989.9,30.7,87.3,7,Y,Y,Y,Y
250.9,-0.2,-0.1,1.0,1.0,1.6,-0.1,10.5,-5.0,989.8,33.0,87.3,7,Y,Y,Y,Y
251.0,-0.2,-0.1,1.0,1.0,-0.6,-0.4,11.1,-3.3,989.9,31.9,87.3,7,Y,Y,Y,Y
251.1,-0.2,-0.0,0.9,0.9,-1.7,-1.5,11.3,-2.0,989.9,31.3,87.3,7,Y,Y,Y,Y
251.2,-0.2,-0.0,1.0,1.0,5.6,-1.9,12.6,-1.0,989.7,35.0,87.3,7,Y,Y,Y,Y
251.3,-0.2,0.0,0.9,1.0,3.4,-1.8,13.3,0.7,989.8,34.0,87.3,7,Y,Y,Y,Y
251.4,-0.2,0.0,0.9,1.0,2.5,-1.6,14.1,2.2,989.8,33.9,87.3,7,Y,Y,Y,Y
251.5,-0.2,0.1,1.0,1.0,-0.2,-1.8,15.0,3.1,989.8,32.6,87.3,7,Y,Y,Y,Y
251.6,-0.2,0.1,0.9,1.0,0.8,-2.2,16.3,3.6,989.8,33.2,87.3,7,Y,Y,Y,Y
251.7,-0.3,0.0,0.9,1.0,2.4,-1.7,17.6,4.8,989.8,34.2,87.3,7,Y,Y,Y,Y
251.8,-0.3,0.1,1.0,1.0,2.0,-2.0,18.9,5.1,989.8,34.2,87.3,7,Y,Y,Y,Y
251.9,-0.4,0.0,0.9,1.0,4.2,-1.7,19.3,5.3,989.7,35.6,87.3,7,Y,Y,Y,Y
252.0,-0.3,0.0,0.9,1.0,0.3,-2.7,20.3,5.3,989.8,34.0,87.3,7,Y,Y,Y,Y
252.1,-0.4,0.1,0.9,1.0,-2.0,-1.7,20.8,5.0,989.8,33.0,87.3,7,Y,Y,Y,Y
252.2,-0.4,0.0,0.9,1.0,-0.5,-0.3,21.6,4.6,989.8,33.7,87.3,7,Y,Y,Y,Y
252.3,-0.4,0.1,0.9,1.0,-2.6,0.4,22.7,4.1,989.8,32.5,87.3,7,Y,Y,Y,Y
252.4,-0.4,0.1,0.9,1.0,0.1,1.1,23.6,4.6,989.8,33.7,87.3,7,Y,Y,Y,Y
252.5,-0.4,0.0,0.9,1.0,-1.6,2.1,24.7,5.0,989.8,32.9,87.3,7,Y,Y,Y,Y
252.6,-0.4,0.1,0.9,1.0,-4.0,2.0,25.6,5.1,989.9,31.3,87.3,7,Y,Y,Y,Y
252.7,-0.4,0.1,0.9,1.0,-0.6,1.9,26.4,5.4,989.8,32.6,87.3,7,Y,Y,Y,Y
252.8,-0.4,0.1,0.9,1.0,-1.5,2.6,26.0,5.4,989.8,32.1,87.3,7,Y,Y,Y,Y
252.9,-0.4,0.1,0.9,1.0,-4.0,5.3,24.9,4.0,989.9,30.7,87.3,7,Y,Y,Y,Y
253.0,-0.4,-0.0,0.9,1.0,-2.1,7.2,24.0,-0.1,989.9,31.3,87.3,7,Y,Y,Y,Y
253.1,-0.4,-0.0,1.0,1.0,-2.3,7.6,24.2,-1.1,989.9,31.2,87.3,7,Y,Y,Y,Y
253.2,-0.4,-0.0,0.9,1.0,-0.7,7.7,24.2,-0.8,989.9,31.9,87.3,7,Y,Y,Y,Y
253.3,-0.4,-0.0,0.9,1.0,-4.0,7.9,24.2,-0.7,989.9,30.1,87.3,7,Y,Y,Y,Y
253.4,-0.4,-0.0,0.9,1.0,-3.1,8.0,24.5,-1.5,989.9,30.2,87.3,7,Y,Y,Y,Y
253.5,-0.4,-0.0,0.9,1.0,-3.1,7.6,24.1,-1.8,989.9,29.9,87.4,7,Y,Y,Y,Y
253.6,-0.4,-0.0,0.9,1.0,-2.5,7.8,23.7,-1.5,989.9,30.1,87.4,7,Y,Y,Y,Y
253.7,-0.4,-0.1,0.9,1.0,-2.8,8.3,23.0,-1.6,989.9,29.4,87.4,7,Y,Y,Y,Y
253.8,-0.4,-0.1,0.9,1.0,-0.1,8.4,22.5,-2.8,989.9,30.4,87.4,7,Y,Y,Y,Y
253.9,-0.4,-0.0,0.9,1.0,-0.3,8.1,22.2,-3.0,989.9,30.2,87.4,7,Y,Y,Y,Y
254.0,-0.4,-0.1,0.9,1.0,3.2,7.5,22.0,-3.7,989.8,32.1,87.4,7,Y,Y,Y,Y
254.1,-0.3,-0.0,0.9,1.0,-0.9,5.9,21.1,-4.2,989.9,30.2,87.3,7,Y,Y,Y,Y
254.2,-0.4,-0.0,0.9,1.0,0.2,5.3,19.8,-4.9,989.9,30.5,87.3,7,Y,Y,Y,Y
254.3,-0.3,-0.2,0.9,1.0,-0.6,5.4,18.7,-6.8,989.9,30.4,87.3,7,Y,Y,Y,Y
254.4,-0.3,-0.2,0.9,1.0,-1.6,4.8,20.0,-8.4,989.9,29.9,87.4,7,Y,Y,Y,Y
254.5,-0.3,-0.2,0.9,1.0,-1.5,3.3,21.8,-7.3,989.9,29.8,87.4,7,Y,Y,Y,Y
254.6,-0.4,-0.1,0.9,1.0,3.2,0.6,23.0,-8.3,989.9,31.9,87.3,7,Y,Y,Y,Y
254.7,-0.4,-0.1,0.9,1.0,-1.0,-0.5,22.4,-9.7,989.9,30.1,87.4,7,Y,Y,Y,Y
254.8,-0.4,-0.2,0.8,0.9,-0.8,0.4,20.1,-10.5,989.9,30.2,87.4,7,Y,Y,Y,Y
254.9,-0.3,-0.2,0.8,0.9,0.3,2.4,17.0,-10.6,989.9,30.6,87.4,7,Y,Y,Y,Y
255.0,-0.2,-0.2,0.7,0.7,-0.7,4.0,11.7,-10.4,989.9,30.1,87.3,7,Y,Y,Y,Y
255.1,-0.2,-0.2,0.9,1.0,-1.6,3.3,13.0,-11.0,989.9,29.5,87.4,7,Y,Y,Y,Y
255.2,-0.2,-0.1,0.9,0.9,-0.9,2.0,12.5,-10.5,989.9,29.8,87.4,7,Y,Y,Y,Y
255.3,-0.2,-0.1,0.9,1.0,0.7,1.5,12.8,-10.2,989.9,30.7,87.4,7,Y,Y,Y,Y
255.4,-0.2,-0.2,1.0,1.0,-1.1,0.8,12.9,-9.6,989.9,29.7,87.4,7,Y,Y,Y,Y
255.5,-0.2,-0.2,0.9,1.0,0.5,-0.5,12.7,-9.7,989.9,30.3,87.4,7,Y,Y,Y,Y
255.6,-0.2,-0.2,1.1,1.1,-0.8,-2.1,13.4,-10.1,989.9,29.5,87.4,7,Y,Y,Y,Y
255.7,-0.2,-0.1,0.8,0.8,-2.2,-2.7,12.2,-11.2,990.0,28.6,87.4,7,Y,Y,Y,Y
255.8,-0.2,-0.2,0.9,1.0,0.8,-3.0,13.1,-14.9,989.9,29.8,87.4,7,Y,Y,Y,Y
255.9,-0.3,-0.3,0.9,1.0,3.1,-2.7,13.4,-15.4,989.9,31.0,87.4,7,Y,Y,Y,Y
256.0,-0.3,-0.3,0.9,1.0,0.3,-1.6,13.7,-13.3,989.9,29.8,87.3,7,Y,Y,Y,Y
256.1,-0.2,-0.2,1.0,1.0,4.9,-1.7,13.5,-10.0,989.8,32.3,87.3,7,Y,Y,Y,Y
256.2,-0.2,-0.1,1.0,1.0,4.8,-2.0,13.0,-7.3,989.8,32.4,87.3,7,Y,Y,Y,Y
256.3,-0.2,-0.1,0.9,1.0,-0.0,-0.7,12.3,-5.0,989.9,30.5,87.3,7,Y,Y,Y,Y
256.4,-0.2,-0.1,0.9,1.0,2.5,0.7,12.1,-4.4,989.9,31.9,87.3,7,Y,Y,Y,Y
256.5,-0.2,-0.1,1.0,1.0,2.3,1.7,11.9,-3.6,989.9,32.0,87.3,7,Y,Y,Y,Y
256.6,-0.2,-0.1,1.0,1.0,-1.0,2.4,11.1,-2.0,989.9,30.5,87.3,7,Y,Y,Y,Y
256.7,-0.1,0.0,1.0,1.0,-2.3,1.9,10.4,-1.6,989.9,30.2,87.3,7,Y,Y,Y,Y
256.8,-0.1,0.0,1.0,1.0,2.6,1.4,9.2,-1.9,989.8,32.6,87.3,7,Y,Y,Y,Y
256.9,-0.2,-0.1,1.0,1.0,-1.6,1.4,9.6,-2.9,989.9,30.6,87.3,7,Y,Y,Y,Y
257.0,-0.2,-0.1,1.0,1.0,-3.5,0.9,10.2,-4.9,989.9,29.5,87.4,7,Y,Y,Y,Y
257.1,-0.2,-0.1,1.0,1.0,-1.7,0.2,10.8,-7.7,989.9,30.2,87.4,7,Y,Y,Y,Y
257.2,-0.2,-0.1,1.0,1.0,-6.1,-1.1,10.9,-8.5,990.0,28.0,87.4,7,Y,Y,Y,Y
257.3,-0.2,-0.1,1.0,1.0,-2.6,-2.7,11.4,-8.9,989.9,29.3,87.4,7,Y,Y,Y,Y
257.4,-0.2,-0.2,1.0,1.0,-1.1,-3.5,11.4,-8.7,989.9,29.8,87.4,7,Y,Y,Y,Y
257.5,-0.2,-0.1,1.0,1.0,-3.2,-4.3,11.0,-7.8,990.0,28.5,87.4,7,Y,Y,Y,Y
257.6,-0.2,-0.1,1.0,1.0,-1.6,-4.6,10.8,-6.7,989.9,29.3,87.4,7,Y,Y,Y,Y
257.7,-0.2,-0.1,1.0,1.0,-5.5,-5.3,10.9,-6.3,990.0,27.1,87.4,7,Y,Y,Y,Y
257.8,-0.2,-0.1,1.0,1.0,0.3,-6.5,10.7,-6.0,989.9,29.7,87.4,7,Y,Y,Y,Y
257.9,-0.2,-0.0,1.0,1.0,-2.7,-7.6,9.8,-5.5,990.0,28.2,87.4,7,Y,Y,Y,Y
258.0,-0.2,-0.0,1.0,1.0,0.1,-8.4,9.7,-5.7,989.9,29.4,87.4,7,Y,Y,Y,Y
258.1,-0.2,-0.1,1.0,1.0,1.8,-9.0,10.4,-6.1,989.9,30.3,87.4,7,Y,Y,Y,Y
258.2,-0.2,-0.1,1.0,1.0,-3.2,-9.2,11.1,-5.9,990.0,27.7,87.4,7,Y,Y,Y,Y
258.3,-0.2,-0.1,1.0,1.0,-4.3,-9.7,10.9,-5.0,990.0,26.9,87.4,7,Y,Y,Y,Y
258.4,-0.2,-0.1,1.0,1.0,2.8,-10.1,10.1,-4.4,989.9,30.4,87.4,7,Y,Y,Y,Y
258.5,-0.2,-0.1,1.0,1.0,1.8,-10.8,9.1,-4.1,989.9,30.0,87.4,7,Y,Y,Y,Y
258.6,-0.1,-0.1,0.9,0.9,-1.1,-11.2,8.3,-4.2,990.0,28.6,87.4,7,Y,Y,Y,Y
258.7,-0.1,-0.1,1.0,1.0,1.2,-11.7,8.3,-3.8,989.9,29.9,87.4,7,Y,Y,Y,Y
258.8,-0.1,-0.1,1.0,1.0,1.3,-12.5,7.7,-2.7,989.9,30.1,87.4,7,Y,Y,Y,Y
258.9,-0.1,-0.1,1.0,1.0,3.5,-13.3,7.0,-1.4,989.9,31.4,87.4,7,Y,Y,Y,Y
259.0,-0.1,0.0,0.9,0.9,0.7,-14.0,5.5,-0.4,989.9,30.0,87.4,7,Y,Y,Y,Y
259.1,-0.1,-0.0,1.0,1.0,-0.6,-14.4,4.7,-1.1,989.9,29.4,87.4,7,Y,Y,Y,Y
259.2,-0.0,0.0,1.0,1.0,-1.3,-16.2,4.1,-2.4,990.0,28.7,87.4,7,Y,Y,Y,Y
259.3,-0.0,-0.1,1.1,1.1,1.0,-18.0,3.8,-4.5,989.9,30.0,87.4,7,Y,Y,Y,Y
259.4,-0.1,-0.1,0.9,1.0,0.8,-21.2,4.1,-5.9,989.9,29.9,87.4,7,Y,Y,Y,Y
259.5,-0.1,-0.0,1.0,1.0,1.2,-24.2,3.9,-6.4,989.9,30.2,87.4,7,Y,Y,Y,Y
259.6,-0.1,-0.1,0.9,0.9,-2.0,-26.6,2.6,-6.3,990.0,28.7,87.3,7,Y,Y,Y,Y
259.7,-0.1,-0.2,0.9,0.9,-0.5,-30.0,0.8,-5.1,989.9,29.6,87.4,7,Y,Y,Y,Y
259.8,0.0,-0.2,1.0,1.1,0.6,-35.1,-0.1,-4.0,989.9,30.2,87.3,7,Y,Y,Y,Y
259.9,0.1,0.1,0.9,0.9,2.0,-43.1,-4.9,1.1,989.9,31.1,87.3,7,Y,Y,Y,Y
260.0,0.0,0.1,0.9,0.9,3.6,-46.0,-4.8,1.2,989.9,31.9,87.3,7,Y,Y,Y,Y
260.1,0.0,-0.1,1.0,1.0,1.4,-47.9,-4.3,3.2,989.9,30.8,87.3,7,Y,Y,Y,Y
260.2,0.1,0.1,1.0,1.0,2.4,-52.7,-4.9,5.7,989.9,31.6,87.3,7,Y,Y,Y,Y
260.3,0.1,0.1,1.0,1.1,3.6,-56.5,-7.0,6.2,989.8,32.6,87.3,7,Y,Y,Y,Y
260.4,0.1,-0.0,1.1,1.1,6.4,-56.5,-7.2,2.4,989.8,34.2,87.3,7,Y,Y,Y,Y
260.5,0.1,0.1,1.0,1.0,6.1,-55.7,-9.4,1.8,989.8,34.7,87.3,7,Y,Y,Y,Y
260.6,0.2,0.1,1.0,1.0,3.3,-56.5,-9.7,3.3,989.8,33.9,87.3,7,Y,Y,Y,Y
260.7,0.2,0.1,1.0,1.0,5.1,-56.7,-10.6,6.4,989.7,35.1,87.3,7,Y,Y,Y,Y
260.8,0.2,0.2,0.9,1.0,7.5,-55.7,-11.5,6.4,989.7,36.9,87.3,7,Y,Y,Y,Y
260.9,0.2,0.1,1.0,1.0,8.4,-53.0,-12.5,6.0,989.6,37.9,87.3,7,Y,Y,Y,Y
261.0,0.2,0.2,0.9,0.9,8.0,-51.0,-13.9,6.3,989.6,38.4,87.3,7,Y,Y,Y,Y
261.1,0.2,0.1,0.9,0.9,5.2,-49.9,-14.8,8.7,989.6,38.0,87.2,7,Y,Y,Y,Y
261.2,0.3,0.2,0.9,1.0,3.6,-49.5,-14.9,10.9,989.7,37.6,87.3,7,Y,Y,Y,Y
261.3,0.3,0.3,1.0,1.1,4.1,-46.0,-15.3,14.2,989.6,38.0,87.3,7,Y,Y,Y,Y
261.4,0.2,0.0,0.9,0.9,-1.9,-40.4,-16.3,14.9,989.7,35.4,87.3,7,Y,Y,Y,Y
261.5,0.3,0.3,0.9,1.0,0.9,-41.2,-15.7,15.8,989.7,37.2,87.3,7,Y,Y,Y,Y
261.6,0.2,0.1,0.9,1.0,-2.6,-40.8,-15.4,15.8,989.7,35.4,87.3,7,Y,Y,Y,Y
261.7,0.3,0.2,0.9,1.0,-0.9,-41.5,-14.7,15.2,989.7,36.3,87.3,7,Y,Y,Y,Y
261.8,0.3,0.4,0.9,1.0,-1.1,-43.1,-14.0,16.4,989.7,36.2,87.3,7,Y,Y,Y,Y
261.9,0.2,0.3,0.9,1.0,0.6,-43.6,-14.9,17.9,989.7,36.8,87.3,7,Y,Y,Y,Y
262.0,0.2,0.3,0.9,1.0,-1.0,-43.3,-13.5,17.8,989.7,36.0,87.3,7,Y,Y,Y,Y
262.1,0.1,0.3,1.0,1.1,0.6,-47.6,-6.2,22.2,989.7,36.9,87.3,7,Y,Y,Y,Y
262.2,0.2,0.7,0.9,1.1,1.6,-59.1,-3.0,22.7,989.7,37.2,87.2,7,Y,Y,Y,Y
262.3,0.1,0.3,1.0,1.1,1.5,-60.4,0.0,19.1,989.7,37.3,87.3,7,Y,Y,Y,Y
262.5,0.1,0.2,1.0,1.0,3.9,-64.2,-1.8,11.8,989.6,38.9,87.2,7,Y,Y,Y,Y
262.6,0.1,0.1,1.0,1.0,1.4,-67.1,-4.6,7.0,989.6,38.0,87.2,7,Y,Y,Y,Y
262.7,0.2,0.0,1.1,1.1,3.2,-70.4,-6.0,4.4,989.6,39.4,87.2,7,Y,Y,Y,Y
262.8,0.1,0.2,1.0,1.0,3.9,-73.2,-5.0,2.7,989.6,40.3,87.2,7,Y,Y,Y,Y
262.9,0.1,-0.0,1.0,1.0,5.3,-72.9,-4.0,0.6,989.5,41.6,87.2,7,Y,Y,Y,Y
263.0,0.1,0.0,1.1,1.1,5.9,-73.7,-5.1,1.5,989.5,42.2,87.2,7,Y,Y,Y,Y
263.1,0.1,0.0,0.9,0.9,4.1,-74.9,-6.1,0.4,989.5,41.6,87.2,7,Y,Y,Y,Y
263.2,0.1,-0.1,1.0,1.0,1.3,-76.5,-5.7,-2.0,989.6,40.4,87.2,7,Y,Y,Y,Y
263.3,0.1,-0.1,1.0,1.1,3.1,-78.4,-5.9,-4.7,989.5,41.5,87.2,7,Y,Y,Y,Y
263.4,0.1,-0.1,1.0,1.0,3.7,-80.4,-5.8,-6.2,989.5,41.7,87.2,7,Y,Y,Y,Y
263.5,0.1,-0.1,1.0,1.0,0.6,-81.6,-6.2,-6.4,989.5,40.5,87.2,7,Y,Y,Y,Y
263.6,0.2,-0.1,1.0,1.0,0.2,-82.0,-7.3,-5.0,989.6,40.3,87.2,7,Y,Y,Y,Y
263.7,0.2,-0.1,1.0,1.0,2.5,-83.0,-8.5,-3.1,989.5,41.5,87.2,7,Y,Y,Y,Y
263.8,0.2,0.0,1.0,1.0,-2.1,-83.8,-9.0,-3.1,989.6,39.2,87.2,7,Y,Y,Y,Y
263.9,0.2,-0.0,1.0,1.0,-0.6,-83.4,-9.3,-2.8,989.6,39.9,87.2,7,Y,Y,Y,Y
264.0,0.2,-0.0,1.0,1.1,0.5,-84.2,-9.5,-2.6,989.5,40.5,87.2,7,Y,Y,Y,Y
264.1,0.2,-0.1,1.0,1.0,-1.3,-84.9,-9.7,-2.5,989.6,39.5,87.2,7,Y,Y,Y,Y
264.2,0.1,-0.1,1.0,1.0,-3.0,-85.5,-10.2,-2.3,989.6,38.5,87.2,7,Y,Y,Y,Y
264.3,0.2,0.0,1.0,1.0,2.7,-85.1,-12.1,-1.2,989.5,41.4,87.2,7,Y,Y,Y,Y
264.4,0.3,0.0,1.0,1.0,-0.3,-85.1,-14.0,-1.1,989.6,39.9,87.2,7,Y,Y,Y,Y
264.5,0.3,0.1,0.9,1.0,-0.7,-83.8,-16.5,-1.9,989.6,39.8,87.2,7,Y,Y,Y,Y
264.6,0.2,-0.1,0.9,1.0,4.2,-80.1,-19.6,-2.0,989.5,42.3,87.2,7,Y,Y,Y,Y
264.7,0.3,0.0,0.9,1.0,2.7,-77.2,-21.1,-1.4,989.5,41.9,87.2,7,Y,Y,Y,Y
264.8,0.3,-0.1,0.9,1.0,3.9,-76.1,-20.4,-0.1,989.5,42.7,87.2,7,Y,Y,Y,Y
264.9,0.4,0.0,0.9,1.0,4.8,-77.3,-18.4,0.9,989.4,43.3,87.2,7,Y,Y,Y,Y
265.0,0.3,-0.0,1.0,1.0,5.8,-78.0,-16.3,1.0,989.4,44.3,87.2,7,Y,Y,Y,Y
265.1,0.2,0.1,1.0,1.0,7.5,-78.2,-15.5,0.5,989.4,45.5,87.2,7,Y,Y,Y,Y
265.2,0.3,0.0,1.0,1.0,5.0,-77.7,-15.4,1.0,989.4,44.7,87.2,7,Y,Y,Y,Y
265.3,0.2,-0.0,0.9,0.9,4.0,-77.1,-14.5,1.2,989.4,44.6,87.2,7,Y,Y,Y,Y
265.4,0.2,0.2,1.0,1.0,-1.6,-76.6,-11.9,0.2,989.5,42.2,87.2,7,Y,Y,Y,Y
265.5,0.2,0.1,1.0,1.0,1.8,-75.0,-10.7,2.0,989.4,44.1,87.2,7,Y,Y,Y,Y
265.6,0.1,0.0,1.0,1.0,1.4,-75.1,-7.5,5.3,989.4,44.2,87.2,7,Y,Y,Y,Y
265.7,0.1,0.0,1.0,1.0,1.3,-75.9,-5.3,5.4,989.4,44.3,87.2,7,Y,Y,Y,Y
265.8,0.2,0.1,1.1,1.1,2.7,-76.9,-3.3,5.7,989.4,45.1,87.2,7,Y,Y,Y,Y
265.9,0.1,0.1,1.0,1.0,-0.8,-76.7,-3.6,5.7,989.4,43.5,87.2,7,Y,Y,Y,Y
266.0,0.0,0.1,1.0,1.0,0.3,-76.8,-3.0,6.4,989.4,44.0,87.2,7,Y,Y,Y,Y
266.1,0.0,0.1,1.0,1.0,2.3,-77.1,-2.4,6.9,989.4,45.1,87.1,7,Y,Y,Y,Y
266.2,0.0,0.1,0.9,0.9,4.4,-76.8,-2.0,7.8,989.3,46.3,87.1,7,Y,Y,Y,Y
266.3,0.0,0.2,1.0,1.0,2.5,-77.4,-0.9,8.4,989.4,45.4,87.1,7,Y,Y,Y,Y
266.4,0.0,0.2,1.0,1.0,0.1,-77.5,-0.5,9.6,989.4,44.7,87.1,7,Y,Y,Y,Y
266.5,-0.0,0.2,1.0,1.0,2.3,-78.3,1.4,11.3,989.3,46.3,87.1,7,Y,Y,Y,Y
266.6,-0.1,0.2,1.0,1.0,0.1,-78.8,2.5,12.9,989.4,45.2,87.1,7,Y,Y,Y,Y
266.7,-0.0,0.2,1.0,1.0,-0.8,-79.1,3.3,13.8,989.4,44.9,87.1,7,Y,Y,Y,Y
266.8,-0.1,0.2,1.0,1.0,1.3,-79.5,2.8,13.2,989.4,46.0,87.1,7,Y,Y,Y,Y
266.9,-0.0,0.2,1.0,1.0,1.0,-79.9,2.6,13.8,989.4,45.6,87.2,7,Y,Y,Y,Y
267.0,-0.1,0.2,1.0,1.0,-2.3,-80.3,2.7,14.6,989.4,43.8,87.2,7,Y,Y,Y,Y
267.1,-0.0,0.3,1.0,1.0,1.0,-81.3,2.5,14.6,989.4,45.1,87.2,7,Y,Y,Y,Y
267.2,-0.0,0.2,0.9,1.0,-2.5,-82.8,2.5,13.6,989.4,43.2,87.2,7,Y,Y,Y,Y
267.3,-0.0,0.2,0.9,1.0,-0.8,-84.8,2.4,12.3,989.4,43.7,87.2,7,Y,Y,Y,Y
267.4,-0.0,0.3,1.0,1.0,-5.7,-85.1,1.6,14.7,989.5,41.2,87.2,7,Y,Y,Y,Y
267.5,-0.0,0.2,1.0,1.0,0.7,-85.8,1.3,14.4,989.4,44.1,87.2,7,Y,Y,Y,Y
267.6,-0.0,0.2,0.9,0.9,0.4,-87.3,1.3,14.1,989.4,43.7,87.2,7,Y,Y,Y,Y
267.7,-0.0,0.2,1.0,1.0,-1.7,-87.7,1.1,13.8,989.5,42.6,87.2,7,Y,Y,Y,Y
267.8,-0.0,0.2,1.0,1.0,-7.0,-87.6,0.3,14.5,989.6,39.8,87.2,7,Y,Y,Y,Y
267.9,0.0,0.2,1.0,1.0,0.9,-88.1,-0.7,14.9,989.4,43.5,87.2,7,Y,Y,Y,Y
268.0,0.0,0.2,1.0,1.0,-4.4,-89.4,-1.5,14.2,989.5,40.6,87.2,7,Y,Y,Y,Y
268.1,0.0,0.2,1.0,1.0,-2.9,-90.0,-1.6,13.6,989.5,41.0,87.2,7,Y,Y,Y,Y
268.2,0.0,0.2,1.0,1.0,-3.1,-89.9,-1.6,14.1,989.5,40.7,87.2,7,Y,Y,Y,Y
268.3,0.0,0.2,1.0,1.0,-2.8,-89.9,-1.9,14.1,989.5,40.5,87.2,7,Y,Y,Y,Y
268.4,0.0,0.3,1.0,1.0,3.0,-89.9,-2.8,14.9,989.5,43.1,87.2,7,Y,Y,Y,Y
268.5,0.1,0.3,1.0,1.0,-3.2,-89.7,-4.6,16.8,989.6,39.6,87.2,7,Y,Y,Y,Y
268.6,0.1,0.3,0.9,1.0,-6.5,-88.7,-6.0,19.1,989.6,37.8,87.2,7,Y,Y,Y,Y
268.7,0.1,0.3,0.9,1.0,-1.6,-86.8,-5.7,20.2,989.6,39.8,87.2,7,Y,Y,Y,Y
268.8,0.1,0.3,0.9,1.0,-0.1,-86.4,-5.0,20.2,989.6,40.4,87.2,7,Y,Y,Y,Y
268.9,0.1,0.3,0.9,1.0,2.4,-86.9,-4.7,19.2,989.5,41.7,87.2,7,Y,Y,Y,Y
269.0,0.1,0.3,0.9,1.0,-2.5,-87.1,-5.2,19.4,989.6,39.1,87.2,7,Y,Y,Y,Y
269.1,0.1,0.3,0.9,1.0,-3.6,-87.0,-5.5,20.0,989.6,38.4,87.2,7,Y,Y,Y,Y
269.2,0.1,0.3,0.9,1.0,-4.0,-87.0,-5.3,19.6,989.6,37.9,87.2,7,Y,Y,Y,Y
269.3,0.1,0.3,0.9,1.0,-3.4,-87.5,-5.3,19.0,989.6,38.1,87.2,7,Y,Y,Y,Y
269.4,0.1,0.3,0.9,1.0,-5.3,-87.5,-5.2,19.0,989.7,36.9,87.2,7,Y,Y,Y,Y
269.5,0.1,0.3,0.9,1.0,-0.8,-87.4,-5.5,19.6,989.6,38.8,87.3,7,Y,Y,Y,Y
269.6,0.1,0.3,0.9,1.0,-3.4,-87.3,-5.7,19.8,989.7,37.3,87.2,7,Y,Y,Y,Y
269.7,0.1,0.3,0.9,1.0,-0.2,-87.3,-5.5,19.5,989.6,39.0,87.2,7,Y,Y,Y,Y
269.8,0.1,0.3,0.9,1.0,6.2,-87.6,-5.2,18.9,989.5,42.3,87.2,7,Y,Y,Y,Y
269.9,0.1,0.3,0.9,1.0,7.7,-87.8,-5.3,18.8,989.4,43.5,87.2,7,Y,Y,Y,Y
270.0,0.1,0.3,0.9,1.0,2.2,-87.7,-5.5,19.3,989.5,41.3,87.2,7,Y,Y,Y,Y
270.1,0.1,0.3,0.9,1.0,7.4,-87.4,-5.5,19.6,989.4,44.0,87.2,7,Y,Y,Y,Y
270.2,0.1,0.3,0.9,1.0,10.5,-87.4,-5.4,19.3,989.3,46.6,87.1,7,Y,Y,Y,Y
270.3,0.1,0.3,0.9,1.0,14.3,-87.6,-5.3,19.0,989.2,49.5,87.1,7,Y,Y,Y,Y
270.4,0.1,0.3,0.9,1.0,6.2,-87.7,-5.3,19.0,989.3,46.6,87.1,7,Y,Y,Y,Y
270.5,0.1,0.3,0.9,1.0,8.3,-87.6,-5.5,19.3,989.3,48.5,87.1,7,Y,Y,Y,Y
270.6,0.1,0.3,0.9,1.0,10.2,-87.6,-5.5,19.3,989.2,50.5,87.0,7,Y,Y,Y,Y
270.7,0.1,0.3,0.9,1.0,13.7,-87.6,-5.4,19.2,989.1,53.4,87.0,7,Y,Y,Y,Y
270.8,0.1,0.3,0.9,1.0,8.8,-87.6,-5.3,19.0,989.1,52.0,87.0,7,Y,Y,Y,Y
270.9,0.1,0.3,0.9,1.0,12.1,-87.6,-5.4,19.1,989.0,54.5,87.0,7,Y,Y,Y,Y
271.0,0.1,0.3,0.9,1.0,9.4,-87.6,-5.5,19.3,989.1,54.3,87.0,7,Y,Y,Y,Y
271.1,0.1,0.3,0.9,1.0,6.9,-87.6,-5.5,19.2,989.1,53.9,87.0,7,Y,Y,Y,Y
271.2,0.1,0.3,0.9,1.0,5.7,-87.6,-5.4,19.1,989.1,54.0,87.0,7,Y,Y,Y,Y
271.3,0.1,0.3,0.9,1.0,2.5,-87.6,-5.4,19.1,989.1,52.9,87.0,7,Y,Y,Y,Y
271.4,0.1,0.3,0.9,1.0,2.3,-87.6,-5.4,19.1,989.1,53.1,87.0,7,Y,Y,Y,Y
271.5,0.1,0.3,0.9,1.0,2.9,-87.6,-5.5,19.2,989.1,53.6,87.0,7,Y,Y,Y,Y
271.6,0.1,0.3,0.9,1.0,4.5,-87.6,-5.4,19.1,989.0,54.8,87.0,7,Y,Y,Y,Y
271.7,0.1,0.3,0.9,1.0,-2.2,-87.6,-5.4,19.1,989.1,51.6,87.0,7,Y,Y,Y,Y
271.8,0.1,0.3,0.9,1.0,0.7,-87.6,-5.4,19.1,989.1,53.0,87.0,7,Y,Y,Y,Y
271.9,0.1,0.3,0.9,1.0,-3.4,-87.6,-5.4,19.1,989.2,50.8,87.0,7,Y,Y,Y,Y
272.0,0.1,0.3,0.9,1.0,-0.7,-87.6,-5.4,19.1,989.1,51.9,87.0,7,Y,Y,Y,Y
272.1,0.1,0.3,0.9,1.0,-0.6,-87.6,-5.4,19.1,989.1,51.9,87.0,7,Y,Y,Y,Y
272.2,0.1,0.3,0.9,1.0,-0.5,-87.6,-5.4,19.1,989.1,51.9,87.0,7,Y,Y,Y,Y
272.3,0.1,0.3,0.9,1.0,-3.3,-87.6,-5.5,19.1,989.2,50.3,87.1,7,Y,Y,Y,Y
272.4,0.1,0.3,0.9,1.0,-2.0,-87.6,-5.5,19.1,989.2,50.7,87.1,7,Y,Y,Y,Y
272.5,0.1,0.3,0.9,1.0,-3.0,-87.6,-5.5,19.1,989.2,50.0,87.1,7,Y,Y,Y,Y
272.6,0.1,0.3,0.9,1.0,-3.2,-87.6,-5.5,19.1,989.2,50.0,87.1,7,Y,Y,Y,Y
272.7,0.1,0.3,0.9,1.0,-0.9,-87.6,-5.5,19.1,989.2,51.2,87.1,7,Y,Y,Y,Y
272.8,0.1,0.3,0.9,1.0,-3.4,-87.6,-5.5,19.0,989.2,49.9,87.1,7,Y,Y,Y,Y
272.9,0.1,0.3,0.9,1.0,-0.7,-87.6,-5.5,19.0,989.2,51.0,87.1,7,Y,Y,Y,Y
273.0,0.1,0.3,0.9,1.0,-0.8,-87.6,-5.5,19.0,989.2,50.8,87.1,7,Y,Y,Y,Y
273.1,0.1,0.3,0.9,1.0,-2.1,-87.6,-5.5,19.0,989.2,50.0,87.1,7,Y,Y,Y,Y
273.2,0.1,0.3,0.9,1.0,-0.1,-87.6,-5.5,19.0,989.2,50.8,87.1,7,Y,Y,Y,Y
273.3,0.1,0.3,0.9,1.0,3.2,-87.6,-5.5,19.0,989.1,52.7,87.0,7,Y,Y,Y,Y
273.4,0.1,0.3,0.9,1.0,3.2,-87.6,-5.5,19.0,989.1,52.9,87.0,7,Y,Y,Y,Y
273.5,0.1,0.3,0.9,1.0,-1.1,-87.6,-5.5,19.0,989.2,50.5,87.0,7,Y,Y,Y,Y
273.6,0.1,0.3,0.9,1.0,1.7,-87.6,-5.5,19.0,989.1,52.0,87.1,7,Y,Y,Y,Y
273.7,0.1,0.3,0.9,1.0,0.0,-87.6,-5.5,19.0,989.2,51.3,87.1,7,Y,Y,Y,Y
273.8,0.1,0.3,0.9,1.0,-1.0,-87.6,-5.5,19.0,989.2,50.7,87.1,7,Y,Y,Y,Y
273.9,0.1,0.3,0.9,1.0,-2.6,-87.6,-5.5,19.0,989.2,50.0,87.1,7,Y,Y,Y,Y
274.0,0.1,0.3,0.9,1.0,0.7,-87.6,-5.5,19.0,989.2,51.6,87.1,7,Y,Y,Y,Y
274.1,0.1,0.3,0.9,1.0,-1.5,-87.6,-5.5,19.0,989.2,50.5,87.1,7,Y,Y,Y,Y
274.2,0.1,0.3,0.9,1.0,-3.5,-87.6,-5.5,19.0,989.2,49.3,87.1,7,Y,Y,Y,Y
274.3,0.1,0.3,0.9,1.0,-1.3,-87.6,-5.5,19.0,989.2,50.3,87.1,7,Y,Y,Y,Y
274.4,0.1,0.3,0.9,1.0,0.7,-87.6,-5.5,19.0,989.2,51.2,87.1,7,Y,Y,Y,Y
274.5,0.1,0.3,0.9,1.0,-2.6,-87.6,-5.5,19.0,989.2,49.4,87.1,7,Y,Y,Y,Y
274.6,0.1,0.3,0.9,1.0,-0.2,-87.6,-5.5,19.0,989.2,50.5,87.1,7,Y,Y,Y,Y
274.7,0.1,0.3,0.9,1.0,-3.6,-87.6,-5.5,19.0,989.3,48.6,87.1,7,Y,Y,Y,Y
274.8,0.1,0.3,0.9,1.0,-3.1,-87.6,-5.5,19.0,989.3,48.8,87.1,7,Y,Y,Y,Y
274.9,0.1,0.3,0.9,1.0,-1.9,-87.6,-5.6,19.0,989.2,49.1,87.1,7,Y,Y,Y,Y
275.0,0.1,0.3,0.9,1.0,-0.3,-87.6,-5.6,19.0,989.2,49.7,87.1,7,Y,Y,Y,Y
275.1,0.1,0.3,0.9,1.0,0.8,-87.6,-5.6,19.0,989.2,50.4,87.1,7,Y,Y,Y,Y
275.2,0.1,0.3,0.9,1.0,1.8,-87.6,-5.6,19.0,989.2,51.0,87.1,7,Y,Y,Y,Y
275.3,0.1,0.3,0.9,1.0,1.7,-87.6,-5.6,19.0,989.2,51.0,87.1,7,Y,Y,Y,Y
275.4,0.1,0.3,0.9,1.0,0.1,-87.6,-5.6,19.0,989.2,49.9,87.1,7,Y,Y,Y,Y
275.5,0.1,0.3,0.9,1.0,0.3,-87.6,-5.6,19.0,989.2,50.0,87.1,7,Y,Y,Y,Y
275.6,0.1,0.3,0.9,1.0,-2.5,-87.6,-5.6,19.0,989.3,48.3,87.1,7,Y,Y,Y,Y
275.7,0.1,0.3,0.9,1.0,-0.3,-87.6,-5.6,18.9,989.2,49.5,87.1,7,Y,Y,Y,Y
275.8,0.1,0.3,0.9,1.0,-0.5,-87.6,-5.6,18.9,989.2,49.2,87.1,7,Y,Y,Y,Y
275.9,0.1,0.3,0.9,1.0,-2.3,-87.6,-5.6,18.9,989.3,48.3,87.1,7,Y,Y,Y,Y
276.0,0.1,0.3,0.9,1.0,-3.4,-87.6,-5.6,18.9,989.3,47.4,87.1,7,Y,Y,Y,Y
276.1,0.1,0.3,0.9,1.0,3.0,-87.6,-5.5,18.9,989.2,50.6,87.1,7,Y,Y,Y,Y
276.2,0.1,0.3,0.9,1.0,3.9,-87.6,-5.5,18.9,989.2,51.2,87.1,7,Y,Y,Y,Y
276.3,0.1,0.3,0.9,1.0,6.8,-87.6,-5.6,18.9,989.1,53.0,87.0,7,Y,Y,Y,Y
276.4,0.1,0.3,0.9,1.0,6.9,-87.6,-5.6,18.9,989.1,53.8,87.0,7,Y,Y,Y,Y
276.5,0.1,0.3,0.9,1.0,8.6,-87.6,-5.6,18.9,989.0,55.3,87.0,7,Y,Y,Y,Y
276.6,0.1,0.3,0.9,1.0,6.0,-87.6,-5.6,18.9,989.0,54.8,87.0,7,Y,Y,Y,Y
276.7,0.1,0.3,0.9,1.0,5.1,-87.6,-5.6,18.9,989.0,55.0,87.0,7,Y,Y,Y,Y
276.8,0.1,0.3,0.9,1.0,5.2,-87.6,-5.6,18.9,989.0,55.7,87.0,7,Y,Y,Y,Y
276.9,0.1,0.3,0.9,1.0,6.1,-87.6,-5.6,18.9,989.0,56.5,87.0,7,Y,Y,Y,Y
277.0,0.1,0.3,0.9,1.0,5.6,-87.6,-5.6,18.9,989.0,56.9,87.0,7,Y,Y,Y,Y
277.1,0.1,0.3,0.9,1.0,5.6,-87.6,-5.6,18.9,988.9,57.6,87.0,7,Y,Y,Y,Y
277.2,0.1,0.3,0.9,1.0,3.2,-87.6,-5.6,18.9,989.0,56.9,87.0,7,Y,Y,Y,Y
277.3,0.1,0.3,0.9,1.0,0.7,-87.6,-5.6,18.9,989.0,55.7,87.0,7,Y,Y,Y,Y
277.4,0.1,0.3,0.9,1.0,1.5,-87.6,-5.6,18.9,989.0,56.3,87.0,7,Y,Y,Y,Y
277.5,0.1,0.3,0.9,1.0,2.3,-87.6,-5.6,18.9,989.0,56.7,87.0,7,Y,Y,Y,Y
277.6,0.1,0.3,0.9,1.0,1.2,-87.6,-5.6,18.9,989.0,56.1,87.0,7,Y,Y,Y,Y
277.7,0.1,0.3,0.9,1.0,-1.2,-87.6,-5.6,18.9,989.0,55.1,87.0,7,Y,Y,Y,Y
277.8,0.1,0.3,0.9,1.0,-2.3,-87.6,-5.6,18.9,989.1,54.3,87.0,7,Y,Y,Y,Y
277.9,0.1,0.3,0.9,1.0,-2.3,-87.6,-5.6,18.9,989.1,54.2,87.0,7,Y,Y,Y,Y
278.0,0.1,0.3,0.9,1.0,-1.7,-87.6,-5.6,18.9,989.0,54.5,87.0,7,Y,Y,Y,Y
278.1,0.1,0.3,0.9,1.0,1.0,-87.6,-5.6,18.9,989.0,55.5,87.0,7,Y,Y,Y,Y
278.2,0.1,0.3,0.9,1.0,0.9,-87.6,-5.6,18.9,989.0,55.6,87.0,7,Y,Y,Y,Y
278.3,0.1,0.3,0.9,1.0,-1.7,-87.6,-5.6,18.9,989.0,54.5,87.0,7,Y,Y,Y,Y
278.4,0.1,0.3,0.9,1.0,-0.2,-87.6,-5.6,18.9,989.0,55.2,87.0,7,Y,Y,Y,Y
278.5,0.1,0.3,0.9,1.0,-2.1,-87.6,-5.6,18.9,989.1,54.1,87.0,7,Y,Y,Y,Y
278.6,0.1,0.3,0.9,1.0,-5.2,-87.6,-5.6,18.9,989.1,52.5,87.0,7,Y,Y,Y,Y
278.7,0.1,0.3,0.9,1.0,-4.7,-87.6,-5.6,18.9,989.1,52.6,87.0,7,Y,Y,Y,Y
278.8,0.1,0.3,0.9,1.0,-0.7,-87.6,-5.6,18.9,989.1,54.3,87.0,7,Y,Y,Y,Y
278.9,0.1,0.3,0.9,1.0,-2.9,-87.6,-5.6,18.9,989.1,53.0,87.0,7,Y,Y,Y,Y
279.0,0.1,0.3,0.9,1.0,-1.7,-87.6,-5.6,18.9,989.1,53.4,87.0,7,Y,Y,Y,Y
279.1,0.1,0.3,0.9,1.0,-2.6,-87.6,-5.6,18.9,989.1,52.6,87.0,7,Y,Y,Y,Y
279.2,0.1,0.3,0.9,1.0,-0.0,-87.6,-5.6,18.9,989.1,53.7,87.0,7,Y,Y,Y,Y
279.3,0.1,0.3,0.9,1.0,-5.9,-87.6,-5.6,18.9,989.2,50.6,87.0,7,Y,Y,Y,Y
279.4,0.1,0.3,0.9,1.0,-4.5,-87.6,-5.6,18.9,989.2,51.0,87.0,7,Y,Y,Y,Y
279.5,0.1,0.3,0.9,1.0,-3.1,-87.6,-5.6,18.9,989.1,51.9,87.1,7,Y,Y,Y,Y
279.6,0.1,0.3,0.9,1.0,-3.0,-87.6,-5.6,18.9,989.2,51.4,87.1,7,Y,Y,Y,Y
279.7,0.1,0.3,0.9,1.0,-4.8,-87.6,-5.6,18.9,989.2,50.1,87.1,7,Y,Y,Y,Y
279.8,0.1,0.3,0.9,1.0,-7.7,-87.6,-5.6,18.9,989.3,48.3,87.1,7,Y,Y,Y,Y
279.9,0.1,0.3,0.9,1.0,-5.0,-87.6,-5.6,18.9,989.2,49.1,87.1,7,Y,Y,Y,Y
280.0,0.1,0.3,0.9,1.0,-3.2,-87.6,-5.6,18.9,989.2,49.7,87.1,7,Y,Y,Y,Y
280.1,0.1,0.3,0.9,1.0,-1.4,-87.6,-5.6,18.9,989.2,50.1,87.1,7,Y,Y,Y,Y
280.2,0.1,0.3,0.9,1.0,-3.8,-87.6,-5.6,18.9,989.3,48.3,87.1,7,Y,Y,Y,Y
280.3,0.1,0.3,0.9,1.0,-1.7,-87.6,-5.6,18.9,989.2,49.0,87.1,7,Y,Y,Y,Y
280.4,0.1,0.3,0.9,1.0,-4.6,-87.6,-5.6,18.9,989.3,47.2,87.1,7,Y,Y,Y,Y
280.5,0.1,0.3,0.9,1.0,-1.0,-87.6,-5.6,18.9,989.3,48.6,87.1,7,Y,Y,Y,Y
280.6,0.1,0.3,0.9,1.0,-2.9,-87.6,-5.6,18.9,989.3,47.5,87.1,7,Y,Y,Y,Y
280.7,0.1,0.3,0.9,1.0,-2.3,-87.6,-5.6,18.9,989.3,47.5,87.1,7,Y,Y,Y,Y
280.8,0.1,0.3,0.9,1.0,-1.2,-87.6,-5.6,18.9,989.3,47.7,87.1,7,Y,Y,Y,Y
280.9,0.1,0.3,0.9,1.0,-1.6,-87.6,-5.6,18.9,989.3,47.1,87.1,7,Y,Y,Y,Y
281.0,0.1,0.3,0.9,1.0,0.1,-87.6,-5.6,18.9,989.3,47.5,87.1,7,Y,Y,Y,Y
281.1,0.1,0.3,0.9,1.0,-2.8,-87.6,-5.6,18.9,989.4,46.0,87.1,7,Y,Y,Y,Y
281.2,0.1,0.3,0.9,1.0,-0.1,-87.6,-5.6,18.9,989.3,47.0,87.1,7,Y,Y,Y,Y
281.3,0.1,0.3,0.9,1.0,-1.5,-87.6,-5.6,18.9,989.3,46.3,87.1,7,Y,Y,Y,Y
281.4,0.1,0.3,0.9,1.0,2.2,-87.6,-5.6,18.8,989.3,48.1,87.1,7,Y,Y,Y,Y
281.5,0.1,0.3,0.9,1.0,-1.1,-87.6,-5.6,18.9,989.3,46.7,87.1,7,Y,Y,Y,Y
281.6,0.1,0.3,0.9,1.0,-0.2,-87.6,-5.6,18.9,989.3,47.4,87.1,7,Y,Y,Y,Y
281.7,0.1,0.3,0.9,1.0,0.1,-87.6,-5.6,18.8,989.3,47.8,87.1,7,Y,Y,Y,Y
281.8,0.1,0.3,0.9,1.0,7.6,-87.6,-5.6,18.8,989.1,51.8,87.1,7,Y,Y,Y,Y
281.9,0.1,0.3,0.9,1.0,1.6,-87.6,-5.6,18.8,989.2,48.9,87.1,7,Y,Y,Y,Y
282.0,0.1,0.3,0.9,1.0,5.5,-87.6,-5.5,18.8,989.2,51.1,87.1,7,Y,Y,Y,Y
282.1,0.1,0.3,0.9,1.0,10.5,-87.6,-5.5,18.8,989.1,54.2,87.0,7,Y,Y,Y,Y
282.2,0.1,0.3,0.9,1.0,9.0,-87.6,-5.5,18.8,989.1,54.3,87.0,7,Y,Y,Y,Y
282.3,0.1,0.3,0.9,1.0,8.1,-87.6,-5.5,18.8,989.0,54.4,87.0,7,Y,Y,Y,Y
282.4,0.1,0.3,0.9,1.0,9.3,-87.6,-5.5,18.8,989.0,56.1,87.0,7,Y,Y,Y,Y
282.5,0.1,0.3,0.9,1.0,13.1,-87.6,-5.5,18.8,988.9,59.1,87.0,7,Y,Y,Y,Y
282.6,0.1,0.3,0.9,1.0,12.4,-87.6,-5.5,18.8,988.9,59.8,87.0,7,Y,Y,Y,Y
282.7,0.1,0.3,0.9,1.0,6.9,-87.6,-5.5,18.8,988.9,58.1,86.9,7,Y,Y,Y,Y
282.8,0.1,0.3,0.9,1.0,6.1,-87.6,-5.5,18.8,988.9,58.8,86.9,7,Y,Y,Y,Y
282.9,0.1,0.3,0.9,1.0,4.7,-87.6,-5.5,18.8,988.9,58.8,86.9,7,Y,Y,Y,Y
283.0,0.1,0.3,0.9,1.0,6.3,-87.6,-5.5,18.8,988.8,60.3,86.9,7,Y,Y,Y,Y
283.1,0.1,0.3,0.9,1.0,5.9,-87.6,-5.5,18.8,988.8,60.7,86.9,7,Y,Y,Y,Y
283.2,0.1,0.3,0.9,1.0,4.4,-87.6,-5.5,18.8,988.8,60.4,86.9,7,Y,Y,Y,Y
283.3,0.1,0.3,0.9,1.0,4.2,-87.6,-5.5,18.8,988.8,60.8,86.9,7,Y,Y,Y,Y
283.4,0.1,0.3,0.9,1.0,4.6,-87.6,-5.5,18.8,988.8,61.5,86.9,7,Y,Y,Y,Y
283.5,0.1,0.3,0.9,1.0,4.8,-87.6,-5.5,18.8,988.8,62.0,86.9,7,Y,Y,Y,Y
283.6,0.1,0.3,0.9,1.0,2.0,-87.6,-5.5,18.8,988.8,61.1,86.9,7,Y,Y,Y,Y
283.7,0.1,0.3,0.9,1.0,0.7,-87.6,-5.5,18.8,988.8,60.6,86.9,7,Y,Y,Y,Y
283.8,0.1,0.3,0.9,1.0,1.7,-87.6,-5.5,18.8,988.8,61.2,86.9,7,Y,Y,Y,Y
283.9,0.1,0.3,0.9,1.0,2.0,-87.6,-5.5,18.8,988.8,61.6,86.9,7,Y,Y,Y,Y
284.0,0.1,0.3,0.9,1.0,2.5,-87.6,-5.5,18.8,988.8,62.1,86.9,7,Y,Y,Y,Y
284.1,0.1,0.3,0.9,1.0,4.5,-87.6,-5.5,18.8,988.7,63.4,86.9,7,Y,Y,Y,Y
284.2,0.1,0.3,0.9,1.0,2.4,-87.6,-5.5,18.8,988.7,62.8,86.9,7,Y,Y,Y,Y
284.3,0.1,0.3,0.9,1.0,0.8,-87.6,-5.5,18.8,988.8,62.1,86.9,7,Y,Y,Y,Y
284.4,0.1,0.3,0.9,1.0,0.6,-87.6,-5.5,18.8,988.8,61.9,86.9,7,Y,Y,Y,Y
284.5,0.1,0.3,0.9,1.0,0.6,-87.6,-5.5,18.8,988.8,61.7,86.9,7,Y,Y,Y,Y
284.6,0.1,0.3,0.9,1.0,-0.6,-87.6,-5.5,18.8,988.8,61.2,86.9,7,Y,Y,Y,Y
284.7,0.1,0.3,0.9,1.0,1.2,-87.6,-5.5,18.8,988.8,61.9,86.9,7,Y,Y,Y,Y
284.8,0.1,0.3,0.9,1.0,-1.7,-87.6,-5.5,18.8,988.8,60.4,86.9,7,Y,Y,Y,Y
284.9,0.1,0.3,0.9,1.0,3.1,-87.6,-5.5,18.8,988.7,62.9,86.9,7,Y,Y,Y,Y
285.0,0.1,0.3,0.9,1.0,2.7,-87.6,-5.5,18.8,988.7,62.9,86.9,7,Y,Y,Y,Y
285.1,0.1,0.3,0.9,1.0,-1.5,-87.6,-5.5,18.8,988.8,60.8,86.9,7,Y,Y,Y,Y
285.2,0.1,0.3,0.9,1.0,-0.6,-87.6,-5.5,18.8,988.8,61.1,86.9,7,Y,Y,Y,Y
285.3,0.1,0.3,0.9,1.0,1.6,-87.6,-5.5,18.8,988.8,62.2,86.9,7,Y,Y,Y,Y
285.4,0.1,0.3,0.9,1.0,2.0,-87.6,-5.5,18.8,988.8,62.5,86.9,7,Y,Y,Y,Y
285.5,0.1,0.3,0.9,1.0,0.0,-87.6,-5.5,18.8,988.8,61.9,86.9,7,Y,Y,Y,Y
285.6,0.1,0.3,0.9,1.0,3.8,-87.6,-5.5,18.8,988.7,64.1,86.9,7,Y,Y,Y,Y
285.7,0.1,0.3,0.9,1.0,5.0,-87.6,-5.5,18.8,988.7,64.7,86.9,7,Y,Y,Y,Y
285.8,0.1,0.3,0.9,1.0,4.3,-87.6,-5.5,18.8,988.7,64.7,86.9,7,Y,Y,Y,Y
285.9,0.1,0.3,0.9,1.0,4.3,-87.6,-5.5,18.8,988.7,65.2,86.9,7,Y,Y,Y,Y
286.0,0.1,0.3,0.9,1.0,0.9,-87.6,-5.5,18.8,988.7,63.7,86.9,7,Y,Y,Y,Y
286.1,0.1,0.3,0.9,1.0,1.9,-87.6,-5.5,18.8,988.7,64.2,86.9,7,Y,Y,Y,Y
286.2,0.1,0.3,0.9,1.0,2.8,-87.6,-5.5,18.8,988.7,64.7,86.9,7,Y,Y,Y,Y
286.3,0.1,0.3,0.9,1.0,0.3,-87.6,-5.5,18.8,988.7,63.5,86.9,7,Y,Y,Y,Y
286.4,0.1,0.3,0.9,1.0,2.2,-87.6,-5.5,18.8,988.7,64.6,86.9,7,Y,Y,Y,Y
286.5,0.1,0.3,0.9,1.0,1.3,-87.6,-5.5,18.8,988.7,64.3,86.8,7,Y,Y,Y,Y
286.6,0.1,0.3,0.9,1.0,1.6,-87.6,-5.5,18.8,988.7,64.7,86.8,7,Y,Y,Y,Y
286.7,0.1,0.3,0.9,1.0,1.5,-87.6,-5.5,18.8,988.7,64.9,86.8,7,Y,Y,Y,Y
286.8,0.1,0.3,0.9,1.0,2.3,-87.6,-5.5,18.8,988.7,65.5,86.8,7,Y,Y,Y,Y
286.9,0.1,0.3,0.9,1.0,-0.3,-87.6,-5.5,18.8,988.7,64.4,86.8,7,Y,Y,Y,Y
287.0,0.1,0.3,0.9,1.0,-1.3,-87.6,-5.5,18.8,988.7,63.9,86.9,7,Y,Y,Y,Y
287.1,0.1,0.3,0.9,1.0,-1.5,-87.6,-5.5,18.8,988.7,63.8,86.9,7,Y,Y,Y,Y
287.2,0.1,0.3,0.9,1.0,-0.4,-87.6,-5.5,18.8,988.7,64.0,86.9,7,Y,Y,Y,Y
287.3,0.1,0.3,0.9,1.0,-3.0,-87.6,-5.5,18.8,988.8,62.3,86.9,7,Y,Y,Y,Y
287.4,0.1,0.3,0.9,1.0,3.1,-87.6,-5.5,18.8,988.7,65.4,86.9,7,Y,Y,Y,Y
287.5,0.1,0.3,0.9,1.0,-3.6,-87.6,-5.5,18.8,988.8,62.2,86.9,7,Y,Y,Y,Y
287.6,0.1,0.3,0.9,1.0,2.5,-87.6,-5.5,18.8,988.7,65.1,86.9,7,Y,Y,Y,Y
287.7,0.1,0.3,0.9,1.0,-0.8,-87.6,-5.5,18.8,988.7,63.8,86.8,7,Y,Y,Y,Y
287.8,0.1,0.3,0.9,1.0,7.0,-87.6,-5.5,18.8,988.6,67.9,86.8,7,Y,Y,Y,Y
287.9,0.1,0.3,0.9,1.0,4.9,-87.6,-5.5,18.8,988.6,67.0,86.8,7,Y,Y,Y,Y
288.0,0.1,0.3,0.9,1.0,-0.0,-87.6,-5.5,18.8,988.7,64.5,86.8,7,Y,Y,Y,Y
288.1,0.1,0.3,0.9,1.0,1.3,-87.6,-5.5,18.7,988.7,65.2,86.8,7,Y,Y,Y,Y
288.2,0.1,0.3,0.9,1.0,1.9,-87.6,-5.5,18.7,988.7,65.6,86.8,7,Y,Y,Y,Y
288.3,0.1,0.3,0.9,1.0,5.6,-87.6,-5.5,18.7,988.6,68.1,86.8,7,Y,Y,Y,Y
288.4,0.1,0.3,0.9,1.0,3.4,-87.6,-5.5,18.7,988.6,67.5,86.8,7,Y,Y,Y,Y
288.5,0.1,0.3,0.9,1.0,5.9,-87.6,-5.5,18.7,988.5,69.3,86.8,7,Y,Y,Y,Y
288.6,0.1,0.3,0.9,1.0,7.3,-87.6,-5.5,18.7,988.5,70.6,86.8,7,Y,Y,Y,Y
288.7,0.1,0.3,0.9,1.0,1.6,-87.6,-5.5,18.7,988.6,68.3,86.8,7,Y,Y,Y,Y
288.8,0.1,0.3,0.9,1.0,3.2,-87.6,-5.5,18.7,988.5,69.6,86.8,7,Y,Y,Y,Y
288.9,0.1,0.3,0.9,1.0,4.7,-87.6,-5.5,18.7,988.5,70.7,86.8,7,Y,Y,Y,Y
289.0,0.1,0.3,0.9,1.0,3.2,-87.6,-5.5,18.7,988.5,70.4,86.8,7,Y,Y,Y,Y
289.1,0.1,0.3,0.9,1.0,5.2,-87.6,-5.5,18.7,988.4,71.8,86.8,7,Y,Y,Y,Y
289.2,0.1,0.3,0.9,1.0,2.2,-87.6,-5.5,18.7,988.5,70.8,86.8,7,Y,Y,Y,Y
289.3,0.1,0.3,0.9,1.0,2.0,-87.6,-5.5,18.7,988.5,70.8,86.8,7,Y,Y,Y,Y
289.4,0.1,0.3,0.9,1.0,3.0,-87.6,-5.5,18.7,988.4,71.6,86.8,7,Y,Y,Y,Y
289.5,0.1,0.3,0.9,1.0,5.3,-87.6,-5.5,18.7,988.4,72.7,86.8,7,Y,Y,Y,Y
289.6,0.1,0.3,0.9,1.0,2.7,-87.6,-5.5,18.7,988.4,71.8,86.8,7,Y,Y,Y,Y
289.7,0.1,0.3,0.9,1.0,-0.7,-87.6,-5.5,18.7,988.5,70.3,86.8,7,Y,Y,Y,Y
289.8,0.1,0.3,0.9,1.0,-0.9,-87.6,-5.5,18.7,988.5,70.1,86.8,7,Y,Y,Y,Y
289.9,0.1,0.3,0.9,1.0,-4.2,-87.6,-5.5,18.7,988.6,68.3,86.8,7,Y,Y,Y,Y
290.0,0.1,0.3,0.9,1.0,-5.5,-87.6,-5.5,18.7,988.6,67.2,86.8,7,Y,Y,Y,Y
290.1,0.1,0.3,0.9,1.0,-3.7,-87.6,-5.5,18.7,988.6,67.6,86.8,7,Y,Y,Y,Y
290.2,0.1,0.3,0.9,1.0,0.3,-87.6,-5.5,18.7,988.5,69.4,86.8,7,Y,Y,Y,Y
290.3,0.1,0.3,0.9,1.0,-3.0,-87.6,-5.5,18.7,988.6,67.7,86.8,7,Y,Y,Y,Y
290.4,0.1,0.3,0.9,1.0,-0.5,-87.6,-5.5,18.7,988.5,68.9,86.8,7,Y,Y,Y,Y
290.5,0.1,0.3,0.9,1.0,-2.1,-87.6,-5.5,18.7,988.5,68.4,86.8,7,Y,Y,Y,Y
290.6,0.1,0.3,0.9,1.0,-0.3,-87.6,-5.5,18.7,988.5,69.3,86.8,7,Y,Y,Y,Y
290.7,0.1,0.3,0.9,1.0,2.2,-87.6,-5.5,18.7,988.5,70.5,86.8,7,Y,Y,Y,Y
290.8,0.1,0.3,0.9,1.0,-1.7,-87.6,-5.5,18.7,988.5,68.6,86.8,7,Y,Y,Y,Y
290.9,0.1,0.3,0.9,1.0,-1.1,-87.6,-5.5,18.7,988.5,69.4,86.8,7,Y,Y,Y,Y
291.0,0.1,0.3,0.9,1.0,0.2,-87.6,-5.5,18.7,988.5,70.0,86.8,7,Y,Y,Y,Y
291.1,0.1,0.3,0.9,1.0,1.4,-87.6,-5.5,18.7,988.5,70.7,86.8,7,Y,Y,Y,Y
291.2,0.1,0.3,0.9,1.0,1.2,-87.6,-5.5,18.7,988.5,70.5,86.8,7,Y,Y,Y,Y
291.3,0.1,0.3,0.9,1.0,2.2,-87.6,-5.5,18.7,988.5,71.1,86.8,7,Y,Y,Y,Y
291.4,0.1,0.3,0.9,1.0,-4.2,-87.6,-5.5,18.7,988.6,67.8,86.8,7,Y,Y,Y,Y
291.5,0.1,0.3,0.9,1.0,-2.1,-87.5,-5.5,18.7,988.5,68.6,86.8,7,Y,Y,Y,Y
291.6,0.1,0.3,0.9,1.0,0.4,-87.5,-5.5,18.7,988.5,69.7,86.8,7,Y,Y,Y,Y
291.7,0.1,0.3,0.9,1.0,-0.7,-87.5,-5.5,18.7,988.5,69.0,86.8,7,Y,Y,Y,Y
291.8,0.1,0.3,0.9,1.0,-4.7,-87.5,-5.5,18.7,988.6,66.8,86.8,7,Y,Y,Y,Y
291.9,0.1,0.3,0.9,1.0,-2.2,-87.5,-5.5,18.7,988.6,67.7,86.8,7,Y,Y,Y,Y
292.0,0.1,0.3,0.9,1.0,-0.7,-87.5,-5.5,18.7,988.6,68.0,86.8,7,Y,Y,Y,Y
292.1,0.1,0.3,0.9,1.0,-0.1,-87.5,-5.5,18.7,988.6,68.1,86.8,7,Y,Y,Y,Y
292.2,0.1,0.3,0.9,1.0,-2.4,-87.5,-5.5,18.7,988.6,66.7,86.8,7,Y,Y,Y,Y
292.3,0.1,0.3,0.9,1.0,-0.5,-87.5,-5.5,18.7,988.6,67.5,86.8,7,Y,Y,Y,Y
292.4,0.1,0.3,0.9,1.0,-2.7,-87.5,-5.5,18.7,988.6,66.5,86.8,7,Y,Y,Y,Y
292.5,0.1,0.3,0.9,1.0,0.6,-87.5,-5.5,18.7,988.6,68.1,86.8,7,Y,Y,Y,Y
292.6,0.1,0.3,0.9,1.0,0.6,-87.5,-5.5,18.7,988.6,68.2,86.8,7,Y,Y,Y,Y
292.7,0.1,0.3,0.9,1.0,1.2,-87.5,-5.5,18.7,988.5,68.6,86.8,7,Y,Y,Y,Y
292.8,0.1,0.3,0.9,1.0,2.6,-87.5,-5.5,18.7,988.5,69.5,86.8,7,Y,Y,Y,Y
292.9,0.1,0.3,0.9,1.0,1.9,-87.5,-5.5,18.7,988.5,69.6,86.8,7,Y,Y,Y,Y
293.0,0.1,0.3,0.9,1.0,5.6,-87.5,-5.5,18.7,988.4,71.7,86.8,7,Y,Y,Y,Y
293.1,0.1,0.3,0.9,1.0,3.4,-87.5,-5.5,18.7,988.5,70.9,86.8,7,Y,Y,Y,Y
293.2,0.1,0.3,0.9,1.0,2.4,-87.5,-5.5,18.7,988.5,70.7,86.8,7,Y,Y,Y,Y
293.3,0.1,0.3,0.9,1.0,5.3,-87.5,-5.5,18.6,988.4,72.8,86.7,7,Y,Y,Y,Y
293.4,0.1,0.3,0.9,1.0,3.1,-87.5,-5.5,18.7,988.4,71.9,86.7,7,Y,Y,Y,Y
293.5,0.1,0.3,0.9,1.0,2.9,-87.5,-5.5,18.7,988.4,72.2,86.7,7,Y,Y,Y,Y
293.6,0.1,0.3,0.9,1.0,2.1,-87.5,-5.5,18.7,988.4,72.0,86.7,7,Y,Y,Y,Y
293.7,0.1,0.3,0.9,1.0,2.9,-87.5,-5.5,18.7,988.4,72.7,86.7,7,Y,Y,Y,Y
293.8,0.1,0.3,0.9,1.0,2.4,-87.5,-5.5,18.7,988.4,72.7,86.7,7,Y,Y,Y,Y
293.9,0.1,0.3,0.9,1.0,-1.5,-87.5,-5.5,18.7,988.5,71.2,86.7,7,Y,Y,Y,Y
294.0,0.1,0.3,0.9,1.0,3.3,-87.5,-5.5,18.7,988.4,73.8,86.7,7,Y,Y,Y,Y
294.1,0.1,0.3,0.9,1.0,1.0,-87.5,-5.5,18.7,988.4,73.0,86.7,7,Y,Y,Y,Y
294.3,0.1,0.3,0.9,1.0,-1.8,-87.5,-5.5,18.6,988.4,71.8,86.7,7,Y,Y,Y,Y
294.4,0.1,0.3,0.9,1.0,3.8,-87.5,-5.5,18.7,988.3,74.5,86.7,7,Y,Y,Y,Y
294.5,0.1,0.3,0.9,1.0,-1.8,-87.5,-5.5,18.6,988.4,71.7,86.7,7,Y,Y,Y,Y
294.6,0.1,0.3,0.9,1.0,-0.1,-87.5,-5.5,18.7,988.4,72.5,86.8,7,Y,Y,Y,Y
294.7,0.1,0.3,0.9,1.0,-3.1,-87.5,-5.5,18.7,988.5,71.1,86.7,7,Y,Y,Y,Y
294.8,0.1,0.3,0.9,1.0,-0.0,-87.5,-5.5,18.7,988.4,72.4,86.8,7,Y,Y,Y,Y
294.9,0.1,0.3,0.9,1.0,-1.5,-87.5,-5.5,18.6,988.4,71.7,86.8,7,Y,Y,Y,Y
295.0,0.1,0.3,0.9,1.0,-0.9,-87.5,-5.5,18.7,988.4,71.9,86.8,7,Y,Y,Y,Y
295.1,0.1,0.3,0.9,1.0,-4.7,-87.6,-5.5,18.7,988.5,69.9,86.8,7,Y,Y,Y,Y
295.2,0.1,0.3,0.9,1.0,-3.2,-87.5,-5.5,18.7,988.5,70.2,86.8,7,Y,Y,Y,Y
295.3,0.1,0.3,0.9,1.0,-3.5,-87.5,-5.5,18.6,988.5,70.0,86.8,7,Y,Y,Y,Y
295.4,0.1,0.3,0.9,1.0,1.3,-87.5,-5.5,18.6,988.4,72.2,86.7,7,Y,Y,Y,Y
295.5,0.1,0.3,0.9,1.0,0.2,-87.5,-5.5,18.6,988.4,71.7,86.8,7,Y,Y,Y,Y
295.6,0.1,0.3,0.9,1.0,1.7,-87.5,-5.5,18.6,988.4,72.4,86.8,7,Y,Y,Y,Y
295.7,0.1,0.3,0.9,1.0,4.1,-87.5,-5.5,18.6,988.4,73.7,86.7,7,Y,Y,Y,Y
295.8,0.1,0.3,0.9,1.0,1.1,-87.5,-5.5,18.6,988.4,72.5,86.7,7,Y,Y,Y,Y
295.9,0.1,0.3,0.9,1.0,3.2,-87.5,-5.5,18.6,988.4,73.8,86.7,7,Y,Y,Y,Y
296.0,0.1,0.3,0.9,1.0,2.8,-87.5,-5.5,18.6,988.4,73.9,86.7,7,Y,Y,Y,Y
296.1,0.1,0.3,0.9,1.0,4.3,-87.5,-5.5,18.6,988.3,75.2,86.7,7,Y,Y,Y,Y
296.2,0.1,0.3,0.9,1.0,2.1,-87.5,-5.5,18.6,988.3,74.5,86.7,7,Y,Y,Y,Y
296.3,0.1,0.3,0.9,1.0,4.5,-87.5,-5.5,18.6,988.3,76.0,86.7,7,Y,Y,Y,Y
296.4,0.1,0.3,0.9,1.0,4.4,-87.5,-5.5,18.6,988.3,76.3,86.7,7,Y,Y,Y,Y
296.5,0.1,0.3,0.9,1.0,5.1,-87.5,-5.5,18.6,988.2,77.0,86.7,7,Y,Y,Y,Y
296.6,0.1,0.3,0.9,1.0,3.6,-87.5,-5.5,18.6,988.2,77.0,86.7,7,Y,Y,Y,Y
296.7,0.1,0.3,0.9,1.0,3.3,-87.5,-5.5,18.6,988.2,77.4,86.7,7,Y,Y,Y,Y
296.8,0.1,0.3,0.9,1.0,3.5,-87.5,-5.5,18.6,988.2,77.9,86.7,7,Y,Y,Y,Y
296.9,0.1,0.3,0.9,1.0,4.0,-87.5,-5.5,18.6,988.2,78.6,86.7,7,Y,Y,Y,Y
297.0,0.1,0.3,0.9,1.0,3.3,-87.5,-5.5,18.6,988.2,78.5,86.7,7,Y,Y,Y,Y
297.1,0.1,0.3,0.9,1.0,0.2,-87.5,-5.5,18.6,988.2,77.1,86.7,7,Y,Y,Y,Y
297.2,0.1,0.3,0.9,1.0,-3.7,-87.5,-5.5,18.6,988.3,75.0,86.7,7,Y,Y,Y,Y
297.3,0.1,0.3,0.9,1.0,-2.1,-87.5,-5.5,18.6,988.3,75.6,86.7,7,Y,Y,Y,Y
297.4,0.1,0.3,0.9,1.0,4.6,-87.5,-5.5,18.6,988.2,78.6,86.7,7,Y,Y,Y,Y
297.5,0.1,0.3,0.9,1.0,0.6,-87.5,-5.5,18.6,988.3,76.6,86.7,7,Y,Y,Y,Y
297.6,0.1,0.3,0.9,1.0,-2.0,-87.5,-5.5,18.6,988.3,74.9,86.7,7,Y,Y,Y,Y
297.7,0.1,0.3,0.9,1.0,-1.7,-87.5,-5.5,18.6,988.3,75.3,86.7,7,Y,Y,Y,Y
297.8,0.1,0.3,0.9,1.0,2.3,-87.5,-5.5,18.6,988.2,77.4,86.7,7,Y,Y,Y,Y
297.9,0.1,0.3,0.9,1.0,1.6,-87.5,-5.5,18.6,988.2,77.2,86.7,7,Y,Y,Y,Y
298.0,0.1,0.3,0.9,1.0,1.2,-87.5,-5.5,18.6,988.2,77.0,86.7,7,Y,Y,Y,Y
298.1,0.1,0.3,0.9,1.0,1.2,-87.5,-5.5,18.6,988.2,77.1,86.7,7,Y,Y,Y,Y
298.2,0.1,0.3,0.9,1.0,2.9,-87.5,-5.5,18.6,988.2,78.1,86.7,7,Y,Y,Y,Y
298.3,0.1,0.3,0.9,1.0,3.9,-87.5,-5.5,18.6,988.2,78.8,86.6,7,Y,Y,Y,Y
298.4,0.1,0.3,0.9,1.0,5.0,-87.5,-5.5,18.6,988.2,79.5,86.6,7,Y,Y,Y,Y
298.5,0.1,0.3,0.9,1.0,4.9,-87.5,-5.5,18.6,988.1,79.8,86.6,7,Y,Y,Y,Y
298.6,0.1,0.3,0.9,1.0,4.3,-87.5,-5.5,18.6,988.1,79.7,86.6,7,Y,Y,Y,Y
298.7,0.1,0.3,0.9,1.0,6.4,-87.5,-5.5,18.6,988.1,81.4,86.6,7,Y,Y,Y,Y
298.8,0.1,0.3,0.9,1.0,8.0,-87.5,-5.4,18.6,988.0,82.8,86.6,7,Y,Y,Y,Y
298.9,0.1,0.3,0.9,1.0,8.3,-87.5,-5.5,18.6,988.0,83.5,86.6,7,Y,Y,Y,Y
299.0,0.1,0.3,0.9,1.0,5.4,-87.5,-5.5,18.6,988.0,82.7,86.6,7,Y,Y,Y,Y
299.1,0.1,0.3,0.9,1.0,5.9,-87.5,-5.5,18.6,988.0,83.5,86.6,7,Y,Y,Y,Y
299.2,0.1,0.3,0.9,1.0,6.9,-87.5,-5.5,18.6,988.0,84.6,86.6,7,Y,Y,Y,Y
299.3,0.1,0.3,0.9,1.0,2.4,-87.5,-5.5,18.6,988.0,82.8,86.6,7,Y,Y,Y,Y
299.4,0.1,0.3,0.9,1.0,-1.2,-87.5,-5.5,18.6,988.1,81.3,86.6,7,Y,Y,Y,Y
299.5,0.1,0.3,0.9,1.0,0.8,-87.5,-5.5,18.6,988.1,82.4,86.6,7,Y,Y,Y,Y
299.6,0.1,0.3,0.9,1.0,1.2,-87.5,-5.5,18.6,988.0,82.8,86.6,7,Y,Y,Y,Y
299.7,0.1,0.3,0.9,1.0,1.2,-87.5,-5.5,18.6,988.0,82.9,86.6,7,Y,Y,Y,Y
299.8,0.1,0.3,0.9,1.0,-0.0,-87.5,-5.5,18.6,988.0,82.4,86.6,7,Y,Y,Y,Y
299.9,0.1,0.3,0.9,1.0,-0.8,-87.5,-5.4,18.6,988.1,82.0,86.6,7,Y,Y,Y,Y
300.0,0.1,0.3,0.9,1.0,-3.9,-87.5,-5.4,18.6,988.1,80.6,86.6,7,Y,Y,Y,Y
300.1,0.1,0.3,0.9,1.0,0.9,-87.5,-5.4,18.6,988.0,83.0,86.6,7,Y,Y,Y,Y
300.2,0.1,0.3,0.9,1.0,2.5,-87.5,-5.4,18.6,988.0,84.0,86.6,7,Y,Y,Y,Y
300.3,0.1,0.3,0.9,1.0,3.1,-87.5,-5.4,18.6,988.0,84.4,86.6,7,Y,Y,Y,Y
300.4,0.1,0.3,0.9,1.0,-0.4,-87.5,-5.4,18.6,988.0,82.8,86.6,7,Y,Y,Y,Y
300.5,0.1,0.3,0.9,1.0,0.4,-87.5,-5.4,18.6,988.0,83.5,86.6,7,Y,Y,Y,Y
300.6,0.1,0.3,0.9,1.0,-2.8,-87.5,-5.5,18.6,988.1,81.5,86.6,7,Y,Y,Y,Y
300.7,0.1,0.3,0.9,1.0,-0.5,-87.5,-5.5,18.6,988.1,82.4,86.6,7,Y,Y,Y,Y
300.8,0.1,0.3,0.9,1.0,-1.8,-87.5,-5.5,18.6,988.1,81.7,86.6,7,Y,Y,Y,Y
300.9,0.1,0.3,0.9,1.0,-2.2,-87.5,-5.5,18.6,988.1,81.5,86.6,7,Y,Y,Y,Y
301.0,0.1,0.3,0.9,1.0,-1.3,-87.5,-5.5,18.6,988.1,81.7,86.6,7,Y,Y,Y,Y
301.1,0.1,0.3,0.9,1.0,-3.2,-87.5,-5.5,18.6,988.1,80.3,86.6,7,Y,Y,Y,Y
301.2,0.1,0.3,0.9,1.0,-4.3,-87.5,-5.5,18.6,988.2,79.4,86.6,7,Y,Y,Y,Y
301.3,0.1,0.3,0.9,1.0,-0.4,-87.5,-5.5,18.6,988.1,81.1,86.6,7,Y,Y,Y,Y
301.4,0.1,0.3,0.9,1.0,0.9,-87.5,-5.5,18.6,988.1,81.5,86.6,7,Y,Y,Y,Y
301.5,0.1,0.3,0.9,1.0,1.1,-87.5,-5.5,18.6,988.1,81.3,86.6,7,Y,Y,Y,Y
301.6,0.1,0.3,0.9,1.0,2.5,-87.5,-5.5,18.6,988.1,82.0,86.6,7,Y,Y,Y,Y
301.7,0.1,0.3,0.9,1.0,-1.4,-87.5,-5.5,18.6,988.1,80.1,86.6,7,Y,Y,Y,Y
301.8,0.1,0.3,0.9,1.0,-3.7,-87.5,-5.4,18.6,988.2,78.8,86.6,7,Y,Y,Y,Y
301.9,0.1,0.3,0.9,1.0,0.1,-87.5,-5.4,18.6,988.1,80.7,86.6,7,Y,Y,Y,Y
302.0,0.1,0.3,0.9,1.0,0.7,-87.5,-5.4,18.6,988.1,81.1,86.6,7,Y,Y,Y,Y
302.1,0.1,0.3,0.9,1.0,2.9,-87.5,-5.5,18.6,988.1,82.3,86.6,7,Y,Y,Y,Y
302.2,0.1,0.3,0.9,1.0,3.8,-87.5,-5.5,18.6,988.0,82.9,86.6,7,Y,Y,Y,Y
302.3,0.1,0.3,0.9,1.0,1.9,-87.5,-5.4,18.6,988.1,82.2,86.6,7,Y,Y,Y,Y
302.4,0.1,0.3,0.9,1.0,1.0,-87.5,-5.5,18.6,988.1,81.7,86.6,7,Y,Y,Y,Y
302.5,0.1,0.3,0.9,1.0,-0.6,-87.5,-5.4,18.5,988.1,81.2,86.6,7,Y,Y,Y,Y
302.6,0.1,0.3,0.9,1.0,3.1,-87.5,-5.4,18.5,988.0,83.4,86.6,7,Y,Y,Y,Y
302.7,0.1,0.3,0.9,1.0,6.2,-87.5,-5.4,18.5,987.9,85.4,86.6,7,Y,Y,Y,Y
302.8,0.1,0.3,0.9,1.0,8.7,-87.5,-5.4,18.5,987.9,87.3,86.6,7,Y,Y,Y,Y
302.9,0.1,0.3,0.9,1.0,5.2,-87.5,-5.4,18.5,987.9,86.2,86.5,7,Y,Y,Y,Y
303.0,0.1,0.3,0.9,1.0,7.6,-87.5,-5.4,18.5,987.8,88.3,86.5,7,Y,Y,Y,Y
303.1,0.1,0.3,0.9,1.0,7.5,-87.5,-5.4,18.5,987.8,88.8,86.5,7,Y,Y,Y,Y
303.2,0.1,0.3,0.9,1.0,11.6,-87.5,-5.4,18.5,987.7,91.6,86.5,7,Y,Y,Y,Y
303.3,0.1,0.3,0.9,1.0,9.0,-87.5,-5.4,18.5,987.7,91.3,86.5,7,Y,Y,Y,Y
303.4,0.1,0.3,0.9,1.0,7.6,-87.5,-5.4,18.5,987.7,91.4,86.5,7,Y,Y,Y,Y
303.5,0.1,0.3,0.9,1.0,9.3,-87.5,-5.4,18.5,987.7,92.9,86.4,7,Y,Y,Y,Y
303.6,0.1,0.3,0.9,1.0,5.1,-87.5,-5.4,18.5,987.7,91.5,86.4,7,Y,Y,Y,Y
303.7,0.1,0.3,0.9,1.0,2.4,-87.5,-5.4,18.5,987.8,90.4,86.4,7,Y,Y,Y,Y
303.8,0.1,0.3,0.9,1.0,3.9,-87.5,-5.4,18.6,987.7,91.5,86.4,7,Y,Y,Y,Y
303.9,0.1,0.3,0.9,1.0,4.5,-87.5,-5.4,18.6,987.7,92.1,86.5,7,Y,Y,Y,Y
304.0,0.1,0.3,0.9,1.0,1.5,-87.5,-5.4,18.5,987.7,91.0,86.5,7,Y,Y,Y,Y
304.1,0.1,0.3,0.9,1.0,1.0,-87.5,-5.4,18.5,987.8,90.7,86.5,7,Y,Y,Y,Y
304.2,0.1,0.3,0.9,1.0,0.5,-87.5,-5.4,18.5,987.8,90.3,86.5,7,Y,Y,Y,Y
304.3,0.1,0.3,0.9,1.0,0.6,-87.5,-5.4,18.5,987.8,90.2,86.5,7,Y,Y,Y,Y
304.4,0.1,0.3,0.9,1.0,-0.0,-87.5,-5.4,18.5,987.8,89.9,86.5,7,Y,Y,Y,Y
304.5,0.1,0.3,0.9,1.0,4.2,-87.5,-5.4,18.5,987.7,92.3,86.5,7,Y,Y,Y,Y
304.6,0.1,0.3,0.9,1.0,1.2,-87.5,-5.4,18.5,987.8,90.6,86.5,7,Y,Y,Y,Y
304.7,0.1,0.3,0.9,1.0,4.5,-87.5,-5.4,18.5,987.7,92.6,86.5,7,Y,Y,Y,Y
304.8,0.1,0.3,0.9,1.0,4.5,-87.5,-5.4,18.5,987.7,92.7,86.4,7,Y,Y,Y,Y
304.9,0.1,0.3,0.9,1.0,3.2,-87.5,-5.4,18.5,987.7,92.3,86.4,7,Y,Y,Y,Y
305.0,0.1,0.3,0.9,1.0,1.4,-87.5,-5.4,18.5,987.7,91.6,86.4,7,Y,Y,Y,Y
305.1,0.1,0.3,0.9,1.0,0.3,-87.5,-5.4,18.5,987.7,91.2,86.4,7,Y,Y,Y,Y
305.2,0.1,0.3,0.9,1.0,-1.9,-87.5,-5.4,18.5,987.8,90.3,86.4,7,Y,Y,Y,Y
305.3,0.1,0.3,0.9,1.0,-1.0,-87.5,-5.4,18.5,987.8,90.8,86.5,7,Y,Y,Y,Y
305.4,0.1,0.3,0.9,1.0,0.5,-87.5,-5.4,18.5,987.7,91.6,86.4,7,Y,Y,Y,Y
305.5,0.1,0.3,0.9,1.0,0.8,-87.5,-5.4,18.5,987.7,91.9,86.5,7,Y,Y,Y,Y
305.6,0.1,0.3,0.9,1.0,0.8,-87.5,-5.4,18.5,987.7,92.1,86.4,7,Y,Y,Y,Y
305.7,0.1,0.3,0.9,1.0,4.2,-87.5,-5.4,18.5,987.6,94.2,86.4,7,Y,Y,Y,Y
305.8,0.1,0.3,0.9,1.0,0.6,-87.5,-5.4,18.5,987.7,92.9,86.4,7,Y,Y,Y,Y
305.9,0.1,0.3,0.9,1.0,-2.0,-87.5,-5.4,18.5,987.7,91.4,86.4,7,Y,Y,Y,Y
306.0,0.1,0.3,0.9,1.0,0.5,-87.5,-5.4,18.5,987.7,92.6,86.4,7,Y,Y,Y,Y
306.1,0.1,0.3,0.9,1.0,-2.3,-87.5,-5.4,18.5,987.7,91.2,86.4,7,Y,Y,Y,Y
306.2,0.1,0.3,0.9,1.0,2.1,-87.5,-5.4,18.5,987.7,93.3,86.4,7,Y,Y,Y,Y
306.3,0.1,0.3,0.9,1.0,1.1,-87.5,-5.4,18.5,987.7,92.9,86.4,7,Y,Y,Y,Y
306.4,0.1,0.3,0.9,1.0,2.8,-87.5,-5.4,18.5,987.6,94.0,86.4,7,Y,Y,Y,Y
306.5,0.1,0.3,0.9,1.0,1.3,-87.5,-5.4,18.5,987.7,93.4,86.4,7,Y,Y,Y,Y
306.6,0.1,0.3,0.9,1.0,-1.3,-87.5,-5.4,18.5,987.7,92.3,86.4,7,Y,Y,Y,Y
306.7,0.1,0.3,0.9,1.0,3.6,-87.5,-5.4,18.5,987.6,94.7,86.4,7,Y,Y,Y,Y
306.8,0.1,0.3,0.9,1.0,2.1,-87.5,-5.4,18.5,987.6,94.0,86.4,7,Y,Y,Y,Y
306.9,0.1,0.3,0.9,1.0,-2.3,-87.5,-5.4,18.5,987.7,91.8,86.4,7,Y,Y,Y,Y
307.0,0.1,0.3,0.9,1.0,-4.0,-87.5,-5.4,18.5,987.8,90.6,86.4,7,Y,Y,Y,Y
307.1,0.1,0.3,0.9,1.0,-0.1,-87.5,-5.4,18.5,987.7,92.6,86.4,7,Y,Y,Y,Y
307.2,0.1,0.3,0.9,1.0,1.0,-87.5,-5.4,18.5,987.7,93.3,86.4,7,Y,Y,Y,Y
307.3,0.1,0.3,0.9,1.0,3.5,-87.5,-5.4,18.5,987.6,94.5,86.4,7,Y,Y,Y,Y
307.4,0.1,0.3,0.9,1.0,2.8,-87.5,-5.4,18.5,987.6,94.5,86.4,7,Y,Y,Y,Y
307.5,0.1,0.3,0.9,1.0,-0.6,-87.5,-5.4,18.5,987.7,92.7,86.4,7,Y,Y,Y,Y
307.6,0.1,0.3,0.9,1.0,-0.7,-87.5,-5.4,18.5,987.7,92.6,86.4,7,Y,Y,Y,Y
307.7,0.1,0.3,0.9,1.0,-0.3,-87.5,-5.4,18.5,987.7,92.8,86.4,7,Y,Y,Y,Y
307.8,0.1,0.3,0.9,1.0,-0.7,-87.5,-5.4,18.5,987.7,92.7,86.4,7,Y,Y,Y,Y
307.9,0.1,0.3,0.9,1.0,-1.3,-87.5,-5.4,18.5,987.7,92.3,86.4,7,Y,Y,Y,Y
308.0,0.1,0.3,0.9,1.0,1.6,-87.5,-5.4,18.5,987.7,93.6,86.4,7,Y,Y,Y,Y
308.1,0.1,0.3,0.9,1.0,-0.0,-87.5,-5.4,18.5,987.7,92.8,86.4,7,Y,Y,Y,Y
308.2,0.1,0.3,0.9,1.0,-1.4,-87.5,-5.4,18.5,987.7,92.3,86.4,7,Y,Y,Y,Y
308.3,0.1,0.3,0.9,1.0,1.4,-87.5,-5.4,18.5,987.6,93.8,86.4,7,Y,Y,Y,Y
308.4,0.1,0.3,0.9,1.0,-2.4,-87.5,-5.4,18.5,987.7,91.9,86.4,7,Y,Y,Y,Y
308.5,0.1,0.3,0.9,1.0,-0.0,-87.5,-5.4,18.5,987.7,92.9,86.4,7,Y,Y,Y,Y
308.6,0.1,0.3,0.9,1.0,-0.5,-87.5,-5.4,18.5,987.7,92.4,86.4,7,Y,Y,Y,Y
308.7,0.1,0.3,0.9,1.0,-5.1,-87.5,-5.4,18.5,987.8,90.0,86.5,7,Y,Y,Y,Y
308.8,0.1,0.3,0.9,1.0,-2.2,-87.5,-5.4,18.5,987.7,91.3,86.5,7,Y,Y,Y,Y
308.9,0.1,0.3,0.9,1.0,-1.6,-87.5,-5.4,18.5,987.7,91.3,86.5,7,Y,Y,Y,Y
309.0,0.1,0.3,0.9,1.0,-4.9,-87.5,-5.4,18.5,987.8,89.6,86.5,7,Y,Y,Y,Y
309.1,0.1,0.3,0.9,1.0,-2.1,-87.5,-5.4,18.5,987.8,90.8,86.5,7,Y,Y,Y,Y
309.2,0.1,0.3,0.9,1.0,0.5,-87.5,-5.4,18.5,987.7,91.7,86.5,7,Y,Y,Y,Y
309.3,0.1,0.3,0.9,1.0,-1.0,-87.5,-5.4,18.5,987.7,90.9,86.4,7,Y,Y,Y,Y
309.4,0.1,0.3,0.9,1.0,0.3,-87.5,-5.4,18.5,987.7,91.7,86.4,7,Y,Y,Y,Y
309.5,0.1,0.3,0.9,1.0,1.4,-87.5,-5.4,18.5,987.7,92.5,86.4,7,Y,Y,Y,Y
309.6,0.1,0.3,0.9,1.0,2.3,-87.5,-5.4,18.5,987.7,92.9,86.4,7,Y,Y,Y,Y
309.7,0.1,0.3,0.9,1.0,3.9,-87.5,-5.4,18.5,987.6,94.0,86.4,7,Y,Y,Y,Y
309.8,0.1,0.3,0.9,1.0,5.2,-87.5,-5.4,18.5,987.6,95.1,86.4,7,Y,Y,Y,Y
309.9,0.1,0.3,0.9,1.0,1.1,-87.5,-5.4,18.5,987.7,93.2,86.4,7,Y,Y,Y,Y
310.0,0.1,0.3,0.9,1.0,3.8,-87.5,-5.4,18.5,987.6,94.9,86.4,7,Y,Y,Y,Y
310.1,0.1,0.3,0.9,1.0,2.3,-87.5,-5.4,18.5,987.6,94.4,86.4,7,Y,Y,Y,Y
310.2,0.1,0.3,0.9,1.0,6.1,-87.5,-5.4,18.5,987.5,96.7,86.4,7,Y,Y,Y,Y
310.3,0.1,0.3,0.9,1.0,1.3,-87.5,-5.4,18.5,987.6,94.5,86.4,7,Y,Y,Y,Y
310.4,0.1,0.3,0.9,1.0,1.1,-87.5,-5.4,18.5,987.6,94.6,86.4,7,Y,Y,Y,Y
310.5,0.1,0.3,0.9,1.0,4.0,-87.5,-5.4,18.5,987.6,96.2,86.4,7,Y,Y,Y,Y
310.6,0.1,0.3,0.9,1.0,1.2,-87.5,-5.4,18.5,987.6,95.1,86.4,7,Y,Y,Y,Y
310.7,0.1,0.3,0.9,1.0,-0.7,-87.5,-5.4,18.5,987.6,94.1,86.4,7,Y,Y,Y,Y
310.8,0.1,0.3,0.9,1.0,-4.0,-87.5,-5.4,18.5,987.7,92.4,86.4,7,Y,Y,Y,Y
310.9,0.1,0.3,0.9,1.0,-2.2,-87.5,-5.4,18.5,987.7,92.8,86.4,7,Y,Y,Y,Y
311.0,0.1,0.3,0.9,1.0,-2.4,-87.5,-5.4,18.5,987.7,92.6,86.4,7,Y,Y,Y,Y
311.1,0.1,0.3,0.9,1.0,-2.4,-87.5,-5.4,18.5,987.7,92.6,86.4,7,Y,Y,Y,Y
311.2,0.1,0.3,0.9,1.0,-0.3,-87.5,-5.4,18.5,987.6,93.7,86.4,7,Y,Y,Y,Y
311.3,0.1,0.3,0.9,1.0,1.3,-87.5,-5.4,18.5,987.6,94.6,86.4,7,Y,Y,Y,Y
311.4,0.1,0.3,0.9,1.0,4.1,-87.5,-5.4,18.5,987.6,96.0,86.4,7,Y,Y,Y,Y
311.5,0.1,0.3,0.9,1.0,2.5,-87.5,-5.4,18.5,987.6,95.2,86.4,7,Y,Y,Y,Y
311.6,0.1,0.3,0.9,1.0,2.8,-87.5,-5.4,18.5,987.6,95.6,86.4,7,Y,Y,Y,Y
311.7,0.1,0.3,0.9,1.0,3.9,-87.5,-5.4,18.5,987.6,96.3,86.4,7,Y,Y,Y,Y
311.8,0.1,0.3,0.9,1.0,1.0,-87.5,-5.4,18.5,987.6,95.2,86.4,7,Y,Y,Y,Y
311.9,0.1,0.3,0.9,1.0,4.6,-87.5,-5.4,18.5,987.5,97.2,86.4,7,Y,Y,Y,Y
312.0,0.1,0.3,0.9,1.0,0.1,-87.5,-5.4,18.5,987.6,95.5,86.4,7,Y,Y,Y,Y
312.1,0.1,0.3,0.9,1.0,1.9,-87.5,-5.4,18.4,987.5,96.7,86.4,7,Y,Y,Y,Y
312.2,0.1,0.3,0.9,1.0,3.5,-87.5,-5.4,18.4,987.5,97.5,86.4,7,Y,Y,Y,Y
312.3,0.1,0.3,0.9,1.0,1.9,-87.5,-5.4,18.4,987.5,97.1,86.4,7,Y,Y,Y,Y
312.4,0.1,0.3,0.9,1.0,1.9,-87.5,-5.4,18.4,987.5,97.2,86.4,7,Y,Y,Y,Y
312.5,0.1,0.3,0.9,1.0,-0.1,-87.5,-5.4,18.4,987.6,96.2,86.4,7,Y,Y,Y,Y
312.6,0.1,0.3,0.9,1.0,3.3,-87.5,-5.4,18.4,987.5,98.2,86.4,7,Y,Y,Y,Y
312.7,0.1,0.3,0.9,1.0,3.3,-87.5,-5.4,18.4,987.5,98.4,86.4,7,Y,Y,Y,Y
312.8,0.1,0.3,0.9,1.0,3.6,-87.5,-5.4,18.4,987.5,99.0,86.3,7,Y,Y,Y,Y
312.9,0.1,0.3,0.9,1.0,4.4,-87.5,-5.4,18.4,987.4,99.8,86.3,7,Y,Y,Y,Y
313.0,0.1,0.3,0.9,1.0,5.0,-87.5,-5.4,18.4,987.4,100.6,86.3,7,Y,Y,Y,Y
313.1,0.1,0.3,0.9,1.0,6.4,-87.5,-5.4,18.4,987.4,101.6,86.3,7,Y,Y,Y,Y
313.2,0.1,0.3,0.9,1.0,5.1,-87.5,-5.4,18.4,987.4,101.6,86.3,7,Y,Y,Y,Y
313.3,0.1,0.3,0.9,1.0,5.8,-87.5,-5.4,18.4,987.3,102.6,86.3,7,Y,Y,Y,Y
313.4,0.1,0.3,0.9,1.0,5.7,-87.5,-5.4,18.4,987.3,102.9,86.3,7,Y,Y,Y,Y
313.5,0.1,0.3,0.9,1.0,4.3,-87.5,-5.4,18.4,987.3,102.8,86.3,7,Y,Y,Y,Y
313.6,0.1,0.3,0.9,1.0,3.1,-87.5,-5.4,18.4,987.3,102.6,86.3,7,Y,Y,Y,Y
313.7,0.1,0.3,0.9,1.0,3.0,-87.5,-5.4,18.4,987.3,102.9,86.3,7,Y,Y,Y,Y
313.8,0.1,0.3,0.9,1.0,-0.8,-87.5,-5.4,18.4,987.4,101.0,86.3,7,Y,Y,Y,Y
313.9,0.1,0.3,0.9,1.0,0.0,-87.5,-5.4,18.4,987.4,101.6,86.3,7,Y,Y,Y,Y
314.0,0.1,0.3,0.9,1.0,-2.0,-87.5,-5.4,18.4,987.4,100.3,86.3,7,Y,Y,Y,Y
314.1,0.1,0.3,0.9,1.0,-1.6,-87.5,-5.4,18.4,987.4,100.4,86.3,7,Y,Y,Y,Y
314.2,0.1,0.3,0.9,1.0,-2.9,-87.5,-5.4,18.4,987.4,99.9,86.3,7,Y,Y,Y,Y
314.3,0.1,0.3,0.9,1.0,-5.3,-87.5,-5.4,18.4,987.5,98.3,86.3,7,Y,Y,Y,Y
314.4,0.1,0.3,0.9,1.0,-2.5,-87.5,-5.4,18.4,987.4,99.4,86.3,7,Y,Y,Y,Y
314.5,0.1,0.3,0.9,1.0,-0.4,-87.5,-5.4,18.4,987.4,100.3,86.3,7,Y,Y,Y,Y
314.6,0.1,0.3,0.9,1.0,-1.5,-87.5,-5.4,18.4,987.4,99.6,86.3,7,Y,Y,Y,Y
314.7,0.1,0.3,0.9,1.0,1.0,-87.5,-5.4,18.4,987.4,100.8,86.3,7,Y,Y,Y,Y
314.8,0.1,0.3,0.9,1.0,4.0,-87.5,-5.4,18.4,987.3,102.3,86.3,7,Y,Y,Y,Y
314.9,0.1,0.3,0.9,1.0,-0.2,-87.5,-5.4,18.4,987.4,100.4,86.3,7,Y,Y,Y,Y
315.0,0.1,0.3,0.9,1.0,4.4,-87.5,-5.4,18.4,987.3,102.8,86.3,7,Y,Y,Y,Y
315.1,0.1,0.3,0.9,1.0,2.4,-87.5,-5.4,18.4,987.3,102.1,86.3,7,Y,Y,Y,Y
315.2,0.1,0.3,0.9,1.0,1.4,-87.5,-5.4,18.4,987.4,101.8,86.3,7,Y,Y,Y,Y
315.3,0.1,0.3,0.9,1.0,2.5,-87.5,-5.4,18.4,987.3,102.5,86.3,7,Y,Y,Y,Y
315.4,0.1,0.3,0.9,1.0,-3.5,-87.5,-5.4,18.4,987.4,99.7,86.3,7,Y,Y,Y,Y
315.5,0.1,0.3,0.9,1.0,0.2,-87.5,-5.4,18.4,987.4,101.5,86.3,7,Y,Y,Y,Y
315.6,0.1,0.3,0.9,1.0,-0.7,-87.5,-5.4,18.4,987.4,101.2,86.3,7,Y,Y,Y,Y
315.7,0.1,0.3,0.9,1.0,-3.0,-87.5,-5.4,18.4,987.4,100.1,86.3,7,Y,Y,Y,Y
315.8,0.1,0.3,0.9,1.0,-2.4,-87.5,-5.4,18.4,987.4,100.2,86.3,7,Y,Y,Y,Y
315.9,0.1,0.3,0.9,1.0,-4.6,-87.5,-5.4,18.4,987.5,98.8,86.3,7,Y,Y,Y,Y
316.0,0.1,0.3,0.9,1.0,-3.2,-87.5,-5.4,18.4,987.4,99.3,86.3,7,Y,Y,Y,Y
316.1,0.1,0.3,0.9,1.0,-0.6,-87.5,-5.4,18.4,987.4,100.5,86.3,7,Y,Y,Y,Y
316.2,0.1,0.3,0.9,1.0,-1.2,-87.5,-5.4,18.4,987.4,100.0,86.3,7,Y,Y,Y,Y
316.3,0.1,0.3,0.9,1.0,3.7,-87.5,-5.4,18.4,987.3,102.4,86.3,7,Y,Y,Y,Y
316.4,0.1,0.3,0.9,1.0,-1.9,-87.5,-5.4,18.4,987.4,99.4,86.3,7,Y,Y,Y,Y
316.5,0.1,0.3,0.9,1.0,-0.7,-87.5,-5.4,18.4,987.4,99.9,86.3,7,Y,Y,Y,Y
316.6,0.1,0.3,0.9,1.0,-5.1,-87.5,-5.4,18.4,987.5,97.6,86.3,7,Y,Y,Y,Y
316.7,0.1,0.3,0.9,1.0,-5.2,-87.5,-5.4,18.4,987.5,97.3,86.3,7,Y,Y,Y,Y
316.8,0.1,0.3,0.9,1.0,-2.9,-87.5,-5.4,18.4,987.5,98.1,86.4,7,Y,Y,Y,Y
316.9,0.1,0.3,0.9,1.0,-2.6,-87.5,-5.4,18.4,987.5,98.0,86.4,7,Y,Y,Y,Y
317.0,0.1,0.3,0.9,1.0,-2.4,-87.5,-5.4,18.4,987.5,97.7,86.4,7,Y,Y,Y,Y
317.1,0.1,0.3,0.9,1.0,-2.9,-87.5,-5.4,18.4,987.5,97.4,86.4,7,Y,Y,Y,Y
317.2,0.1,0.3,0.9,1.0,-0.5,-87.5,-5.4,18.4,987.5,98.2,86.4,7,Y,Y,Y,Y
317.3,0.1,0.3,0.9,1.0,-1.1,-87.5,-5.4,18.4,987.5,97.7,86.4,7,Y,Y,Y,Y
317.4,0.1,0.3,0.9,1.0,-2.5,-87.5,-5.4,18.4,987.5,96.9,86.4,7,Y,Y,Y,Y
317.5,0.1,0.3,0.9,1.0,-3.1,-87.5,-5.4,18.4,987.6,96.3,86.4,7,Y,Y,Y,Y
317.6,0.1,0.3,0.9,1.0,-2.4,-87.5,-5.4,18.4,987.6,96.3,86.4,7,Y,Y,Y,Y
317.7,0.1,0.3,0.9,1.0,-4.5,-87.5,-5.4,18.4,987.6,95.0,86.4,7,Y,Y,Y,Y
317.8,0.1,0.3,0.9,1.0,-4.7,-87.5,-5.4,18.4,987.6,94.4,86.4,7,Y,Y,Y,Y
317.9,0.1,0.3,0.9,1.0,-2.9,-87.5,-5.4,18.4,987.6,94.7,86.4,7,Y,Y,Y,Y
318.0,0.1,0.3,0.9,1.0,-2.0,-87.5,-5.4,18.4,987.6,95.1,86.4,7,Y,Y,Y,Y
318.1,0.1,0.3,0.9,1.0,-5.2,-87.5,-5.4,18.4,987.7,93.3,86.4,7,Y,Y,Y,Y
318.2,0.1,0.3,0.9,1.0,-7.6,-87.5,-5.4,18.4,987.7,91.8,86.4,7,Y,Y,Y,Y
318.3,0.1,0.3,0.9,1.0,-4.8,-87.5,-5.4,18.4,987.7,92.8,86.4,7,Y,Y,Y,Y
318.4,0.1,0.3,0.9,1.0,-4.7,-87.5,-5.4,18.4,987.7,92.5,86.4,7,Y,Y,Y,Y
318.5,0.1,0.3,0.9,1.0,-5.1,-87.5,-5.4,18.4,987.7,91.9,86.4,7,Y,Y,Y,Y
318.6,0.1,0.3,0.9,1.0,-3.5,-87.5,-5.4,18.4,987.7,92.6,86.4,7,Y,Y,Y,Y
318.7,0.1,0.3,0.9,1.0,-5.0,-87.5,-5.4,18.4,987.7,91.6,86.4,7,Y,Y,Y,Y
318.8,0.1,0.3,0.9,1.0,-0.3,-87.5,-5.4,18.4,987.6,93.7,86.4,7,Y,Y,Y,Y
318.9,0.1,0.3,0.9,1.0,-3.5,-87.5,-5.4,18.4,987.7,91.6,86.5,7,Y,Y,Y,Y
319.0,0.1,0.3,0.9,1.0,-3.6,-87.5,-5.4,18.4,987.7,91.2,86.5,7,Y,Y,Y,Y
319.1,0.1,0.3,0.9,1.0,-2.4,-87.5,-5.4,18.4,987.7,91.6,86.4,7,Y,Y,Y,Y
319.2,0.1,0.3,0.9,1.0,-1.7,-87.5,-5.4,18.4,987.7,91.8,86.4,7,Y,Y,Y,Y
319.3,0.1,0.3,0.9,1.0,0.1,-87.5,-5.4,18.4,987.7,92.5,86.4,7,Y,Y,Y,Y
319.4,0.1,0.3,0.9,1.0,-3.1,-87.5,-5.4,18.4,987.8,90.6,86.4,7,Y,Y,Y,Y
319.5,0.1,0.3,0.9,1.0,0.2,-87.5,-5.4,18.4,987.7,92.2,86.4,7,Y,Y,Y,Y
319.7,0.1,0.3,0.9,1.0,-1.5,-87.5,-5.4,18.4,987.7,91.6,86.4,7,Y,Y,Y,Y
319.8,0.1,0.3,0.9,1.0,-1.6,-87.5,-5.4,18.4,987.7,91.3,86.4,7,Y,Y,Y,Y
319.9,0.1,0.3,0.9,1.0,4.2,-87.5,-5.4,18.4,987.6,94.5,86.4,7,Y,Y,Y,Y
320.0,0.1,0.3,0.9,1.0,-0.2,-87.5,-5.4,18.4,987.7,92.5,86.4,7,Y,Y,Y,Y
320.1,0.1,0.3,0.9,1.0,1.7,-87.5,-5.4,18.4,987.7,93.6,86.4,7,Y,Y,Y,Y
320.2,0.1,0.3,0.9,1.0,3.7,-87.5,-5.4,18.4,987.6,94.9,86.4,7,Y,Y,Y,Y
320.3,0.1,0.3,0.9,1.0,3.9,-87.5,-5.4,18.4,987.6,95.2,86.4,7,Y,Y,Y,Y
320.4,0.1,0.3,0.9,1.0,-0.6,-87.5,-5.4,18.4,987.7,93.0,86.4,7,Y,Y,Y,Y
320.5,0.1,0.3,0.9,1.0,0.1,-87.5,-5.4,18.4,987.7,93.4,86.4,7,Y,Y,Y,Y
320.6,0.1,0.3,0.9,1.0,0.3,-87.5,-5.4,18.4,987.7,93.6,86.4,7,Y,Y,Y,Y
320.7,0.1,0.3,0.9,1.0,-0.1,-87.5,-5.4,18.4,987.7,93.1,86.4,7,Y,Y,Y,Y
320.8,0.1,0.3,0.9,1.0,-2.6,-87.5,-5.4,18.4,987.7,91.8,86.4,7,Y,Y,Y,Y
320.9,0.1,0.3,0.9,1.0,-2.0,-87.5,-5.4,18.4,987.7,92.1,86.4,7,Y,Y,Y,Y
321.0,0.1,0.3,0.9,1.0,-0.4,-87.5,-5.4,18.4,987.7,92.7,86.4,7,Y,Y,Y,Y
321.1,0.1,0.3,0.9,1.0,-1.3,-87.5,-5.4,18.4,987.7,92.6,86.4,7,Y,Y,Y,Y
321.2,0.1,0.3,0.9,1.0,1.4,-87.5,-5.4,18.4,987.6,94.0,86.4,7,Y,Y,Y,Y
321.3,0.1,0.3,0.9,1.0,3.2,-87.5,-5.4,18.4,987.6,94.9,86.4,7,Y,Y,Y,Y
321.4,0.1,0.3,0.9,1.0,4.6,-87.5,-5.4,18.4,987.6,95.9,86.4,7,Y,Y,Y,Y
321.5,0.1,0.3,0.9,1.0,4.5,-87.5,-5.4,18.4,987.6,96.3,86.4,7,Y,Y,Y,Y
321.6,0.1,0.3,0.9,1.0,2.8,-87.5,-5.4,18.4,987.6,96.0,86.4,7,Y,Y,Y,Y
321.7,0.1,0.3,0.9,1.0,2.5,-87.5,-5.4,18.4,987.6,96.2,86.4,7,Y,Y,Y,Y
321.8,0.1,0.3,0.9,1.0,6.2,-87.5,-5.4,18.4,987.5,98.0,86.4,7,Y,Y,Y,Y
321.9,0.1,0.3,0.9,1.0,1.5,-87.5,-5.4,18.4,987.6,95.7,86.4,7,Y,Y,Y,Y
322.0,0.1,0.3,0.9,1.0,4.1,-87.5,-5.4,18.4,987.5,97.3,86.4,7,Y,Y,Y,Y
322.1,0.1,0.3,0.9,1.0,3.3,-87.5,-5.4,18.4,987.5,97.1,86.4,7,Y,Y,Y,Y
322.2,0.1,0.3,0.9,1.0,-1.6,-87.5,-5.4,18.4,987.6,94.7,86.4,7,Y,Y,Y,Y
322.3,0.1,0.3,0.9,1.0,-2.4,-87.5,-5.4,18.4,987.6,94.4,86.4,7,Y,Y,Y,Y
322.4,0.1,0.3,0.9,1.0,-2.5,-87.5,-5.4,18.4,987.6,94.0,86.4,7,Y,Y,Y,Y
322.5,0.1,0.3,0.9,1.0,-4.9,-87.5,-5.4,18.4,987.7,92.5,86.4,7,Y,Y,Y,Y
322.6,0.1,0.3,0.9,1.0,-2.7,-87.5,-5.4,18.4,987.7,93.4,86.4,7,Y,Y,Y,Y
322.7,0.1,0.3,0.9,1.0,-5.0,-87.5,-5.4,18.4,987.7,92.3,86.4,7,Y,Y,Y,Y
322.8,0.1,0.3,0.9,1.0,-4.4,-87.5,-5.4,18.4,987.7,92.4,86.4,7,Y,Y,Y,Y
322.9,0.1,0.3,0.9,1.0,-4.2,-87.5,-5.4,18.4,987.7,91.9,86.4,7,Y,Y,Y,Y
323.0,0.1,0.3,0.9,1.0,-3.4,-87.5,-5.4,18.4,987.7,92.0,86.4,7,Y,Y,Y,Y
323.1,0.1,0.3,0.9,1.0,-0.9,-87.5,-5.4,18.4,987.7,93.0,86.5,7,Y,Y,Y,Y
323.2,0.1,0.3,0.9,1.0,-5.4,-87.5,-5.4,18.4,987.8,90.4,86.5,7,Y,Y,Y,Y
323.3,0.1,0.3,0.9,1.0,-5.8,-87.5,-5.4,18.4,987.8,89.7,86.5,7,Y,Y,Y,Y
323.4,0.1,0.3,0.9,1.0,-4.9,-87.5,-5.4,18.4,987.8,90.0,86.5,7,Y,Y,Y,Y
323.5,0.1,0.3,0.9,1.0,-4.3,-87.5,-5.4,18.4,987.8,89.6,86.5,7,Y,Y,Y,Y
323.6,0.1,0.3,0.9,1.0,-5.3,-87.5,-5.4,18.4,987.8,88.5,86.5,7,Y,Y,Y,Y
323.7,0.1,0.3,0.9,1.0,-7.7,-87.5,-5.4,18.4,987.9,86.9,86.5,7,Y,Y,Y,Y
323.8,0.1,0.3,0.9,1.0,-2.8,-87.5,-5.4,18.4,987.8,88.7,86.5,7,Y,Y,Y,Y
323.9,0.1,0.3,0.9,1.0,-2.9,-87.5,-5.4,18.4,987.8,88.3,86.5,7,Y,Y,Y,Y
324.0,0.1,0.3,0.9,1.0,0.6,-87.5,-5.4,18.4,987.8,89.7,86.5,7,Y,Y,Y,Y
324.1,0.1,0.3,0.9,1.0,-2.8,-87.5,-5.4,18.4,987.9,87.6,86.5,7,Y,Y,Y,Y
324.2,0.1,0.3,0.9,1.0,-3.0,-87.5,-5.4,18.4,987.9,87.3,86.5,7,Y,Y,Y,Y
324.3,0.1,0.3,0.9,1.0,0.7,-87.5,-5.4,18.4,987.8,88.8,86.5,7,Y,Y,Y,Y
324.4,0.1,0.3,0.9,1.0,0.6,-87.5,-5.4,18.4,987.8,88.5,86.5,7,Y,Y,Y,Y
324.5,0.1,0.3,0.9,1.0,0.9,-87.5,-5.4,18.4,987.8,89.0,86.5,7,Y,Y,Y,Y
324.6,0.1,0.3,0.9,1.0,-0.5,-87.5,-5.4,18.4,987.8,88.4,86.5,7,Y,Y,Y,Y
324.7,0.1,0.3,0.9,1.0,-0.4,-87.5,-5.4,18.4,987.8,88.6,86.5,7,Y,Y,Y,Y
324.8,0.1,0.3,0.9,1.0,3.1,-87.5,-5.4,18.4,987.8,90.4,86.5,7,Y,Y,Y,Y
324.9,0.1,0.3,0.9,1.0,3.4,-87.5,-5.4,18.4,987.8,90.8,86.5,7,Y,Y,Y,Y
325.0,0.1,0.3,0.9,1.0,5.5,-87.5,-5.4,18.4,987.7,92.1,86.5,7,Y,Y,Y,Y
325.1,0.1,0.3,0.9,1.0,5.3,-87.5,-5.4,18.4,987.7,92.6,86.4,7,Y,Y,Y,Y
325.2,0.1,0.3,0.9,1.0,4.2,-87.5,-5.4,18.4,987.7,92.3,86.4,7,Y,Y,Y,Y
325.3,0.1,0.3,0.9,1.0,6.8,-87.5,-5.4,18.4,987.6,94.0,86.4,7,Y,Y,Y,Y
325.4,0.1,0.3,0.9,1.0,3.3,-87.5,-5.4,18.4,987.7,92.8,86.4,7,Y,Y,Y,Y
325.5,0.1,0.3,0.9,1.0,2.4,-87.5,-5.4,18.4,987.7,92.9,86.4,7,Y,Y,Y,Y
325.6,0.1,0.3,0.9,1.0,1.9,-87.5,-5.4,18.4,987.7,93.0,86.4,7,Y,Y,Y,Y
325.7,0.1,0.3,0.9,1.0,-1.3,-87.5,-5.4,18.4,987.7,91.5,86.5,7,Y,Y,Y,Y
325.8,0.1,0.3,0.9,1.0,-1.2,-87.5,-5.4,18.4,987.7,91.7,86.5,7,Y,Y,Y,Y
325.9,0.1,0.3,0.9,1.0,-3.5,-87.5,-5.4,18.4,987.8,90.0,86.5,7,Y,Y,Y,Y
326.0,0.1,0.3,0.9,1.0,-3.6,-87.5,-5.4,18.4,987.8,89.7,86.5,7,Y,Y,Y,Y
326.1,0.1,0.3,0.9,1.0,-4.1,-87.5,-5.4,18.4,987.8,89.1,86.5,7,Y,Y,Y,Y
326.2,0.1,0.3,0.9,1.0,-3.2,-87.5,-5.4,18.4,987.8,89.1,86.5,7,Y,Y,Y,Y
326.3,0.1,0.3,0.9,1.0,-4.2,-87.5,-5.4,18.4,987.8,88.3,86.5,7,Y,Y,Y,Y
326.4,0.1,0.3,0.9,1.0,-6.2,-87.5,-5.4,18.4,987.9,87.0,86.5,7,Y,Y,Y,Y
326.5,0.1,0.3,0.9,1.0,-0.3,-87.5,-5.4,18.4,987.8,89.5,86.5,7,Y,Y,Y,Y
326.6,0.1,0.3,0.9,1.0,-0.6,-87.5,-5.4,18.4,987.8,89.3,86.5,7,Y,Y,Y,Y
326.7,0.1,0.3,0.9,1.0,0.5,-87.5,-5.4,18.4,987.8,89.8,86.5,7,Y,Y,Y,Y
326.8,0.1,0.3,0.9,1.0,-1.4,-87.5,-5.4,18.4,987.8,88.9,86.5,7,Y,Y,Y,Y
326.9,0.1,0.3,0.9,1.0,-0.9,-87.5,-5.4,18.4,987.8,89.0,86.5,7,Y,Y,Y,Y
327.0,0.1,0.3,0.9,1.0,-0.6,-87.5,-5.4,18.4,987.8,89.2,86.5,7,Y,Y,Y,Y
327.1,0.1,0.3,0.9,1.0,-5.2,-87.5,-5.4,18.4,987.9,86.9,86.5,7,Y,Y,Y,Y
327.2,0.1,0.3,0.9,1.0,-1.0,-87.5,-5.4,18.4,987.8,88.8,86.5,7,Y,Y,Y,Y
327.3,0.1,0.3,0.9,1.0,-1.7,-87.5,-5.4,18.4,987.8,88.6,86.5,7,Y,Y,Y,Y
327.4,0.1,0.3,0.9,1.0,0.8,-87.5,-5.4,18.4,987.8,89.9,86.5,7,Y,Y,Y,Y
327.5,0.1,0.3,0.9,1.0,2.1,-87.5,-5.4,18.4,987.8,90.8,86.5,7,Y,Y,Y,Y
327.6,0.1,0.3,0.9,1.0,3.1,-87.5,-5.4,18.4,987.7,91.7,86.4,7,Y,Y,Y,Y
327.7,0.1,0.3,0.9,1.0,0.6,-87.5,-5.4,18.4,987.7,91.0,86.4,7,Y,Y,Y,Y
327.8,0.1,0.3,0.9,1.0,5.7,-87.5,-5.4,18.4,987.6,94.0,86.4,7,Y,Y,Y,Y
327.9,0.1,0.3,0.9,1.0,3.7,-87.5,-5.4,18.4,987.7,93.4,86.4,7,Y,Y,Y,Y
328.0,0.1,0.3,0.9,1.0,6.6,-87.5,-5.4,18.4,987.6,95.3,86.4,7,Y,Y,Y,Y
328.1,0.1,0.3,0.9,1.0,2.9,-87.5,-5.4,18.4,987.6,94.0,86.4,7,Y,Y,Y,Y
328.2,0.1,0.3,0.9,1.0,4.6,-87.5,-5.4,18.3,987.6,95.2,86.4,7,Y,Y,Y,Y
328.3,0.1,0.3,0.9,1.0,1.8,-87.5,-5.4,18.4,987.6,94.1,86.4,7,Y,Y,Y,Y
328.4,0.1,0.3,0.9,1.0,4.2,-87.5,-5.4,18.3,987.6,95.7,86.4,7,Y,Y,Y,Y
328.5,0.1,0.3,0.9,1.0,2.5,-87.5,-5.4,18.3,987.6,95.1,86.4,7,Y,Y,Y,Y
328.6,0.1,0.3,0.9,1.0,-1.0,-87.5,-5.4,18.3,987.7,93.4,86.4,7,Y,Y,Y,Y
328.7,0.1,0.3,0.9,1.0,-0.1,-87.5,-5.4,18.3,987.6,93.9,86.4,7,Y,Y,Y,Y
328.8,0.1,0.3,0.9,1.0,1.5,-87.5,-5.4,18.3,987.6,94.7,86.4,7,Y,Y,Y,Y
328.9,0.1,0.3,0.9,1.0,-0.1,-87.5,-5.4,18.3,987.6,93.7,86.4,7,Y,Y,Y,Y
329.0,0.1,0.3,0.9,1.0,-0.9,-87.5,-5.4,18.3,987.7,93.3,86.4,7,Y,Y,Y,Y
329.1,0.1,0.3,0.9,1.0,-0.3,-87.5,-5.4,18.4,987.7,93.4,86.4,7,Y,Y,Y,Y
329.2,0.1,0.3,0.9,1.0,1.4,-87.5,-5.4,18.4,987.6,94.2,86.4,7,Y,Y,Y,Y
329.3,0.1,0.3,0.9,1.0,0.1,-87.5,-5.4,18.3,987.7,93.5,86.4,7,Y,Y,Y,Y
329.4,0.1,0.3,0.9,1.0,-3.2,-87.5,-5.4,18.3,987.7,91.8,86.4,7,Y,Y,Y,Y
329.5,0.1,0.3,0.9,1.0,-1.9,-87.5,-5.4,18.3,987.7,92.2,86.4,7,Y,Y,Y,Y
329.6,0.1,0.3,0.9,1.0,-0.3,-87.5,-5.4,18.3,987.7,93.4,86.4,7,Y,Y,Y,Y
329.7,0.1,0.3,0.9,1.0,0.6,-87.5,-5.4,18.3,987.6,93.9,86.4,7,Y,Y,Y,Y
329.8,0.1,0.3,0.9,1.0,-1.5,-87.5,-5.4,18.3,987.7,92.9,86.4,7,Y,Y,Y,Y
329.9,0.1,0.3,0.9,1.0,0.5,-87.5,-5.4,18.3,987.6,93.9,86.4,7,Y,Y,Y,Y
330.0,0.1,0.3,0.9,1.0,-3.7,-87.5,-5.4,18.3,987.7,91.9,86.4,7,Y,Y,Y,Y
330.1,0.1,0.3,0.9,1.0,-1.6,-87.5,-5.4,18.3,987.7,92.7,86.4,7,Y,Y,Y,Y
330.2,0.1,0.3,0.9,1.0,0.3,-87.5,-5.4,18.3,987.7,93.3,86.4,7,Y,Y,Y,Y
330.3,0.1,0.3,0.9,1.0,-0.8,-87.5,-5.4,18.3,987.7,92.9,86.4,7,Y,Y,Y,Y
330.4,0.1,0.3,0.9,1.0,2.2,-87.5,-5.4,18.3,987.6,94.5,86.4,7,Y,Y,Y,Y
330.5,0.1,0.3,0.9,1.0,3.3,-87.5,-5.4,18.3,987.6,95.4,86.4,7,Y,Y,Y,Y
330.6,0.1,0.3,0.9,1.0,2.1,-87.5,-5.4,18.3,987.6,95.0,86.4,7,Y,Y,Y,Y
330.7,0.1,0.3,0.9,1.0,5.4,-87.5,-5.4,18.3,987.5,97.1,86.4,7,Y,Y,Y,Y
330.8,0.1,0.3,0.9,1.0,1.9,-87.5,-5.4,18.3,987.6,95.7,86.4,7,Y,Y,Y,Y
330.9,0.1,0.3,0.9,1.0,2.3,-87.5,-5.4,18.3,987.6,96.1,86.4,7,Y,Y,Y,Y
331.0,0.1,0.3,0.9,1.0,1.9,-87.5,-5.4,18.3,987.6,96.0,86.4,7,Y,Y,Y,Y
331.1,0.1,0.3,0.9,1.0,-0.5,-87.5,-5.4,18.3,987.6,94.9,86.4,7,Y,Y,Y,Y
331.2,0.1,0.3,0.9,1.0,1.1,-87.5,-5.4,18.3,987.6,95.9,86.4,7,Y,Y,Y,Y
331.3,0.1,0.3,0.9,1.0,0.9,-87.5,-5.4,18.3,987.6,95.9,86.4,7,Y,Y,Y,Y
331.4,0.1,0.3,0.9,1.0,2.3,-87.5,-5.4,18.3,987.5,97.0,86.4,7,Y,Y,Y,Y
331.5,0.1,0.3,0.9,1.0,4.3,-87.5,-5.4,18.3,987.5,98.2,86.4,7,Y,Y,Y,Y
331.6,0.1,0.3,0.9,1.0,6.3,-87.5,-5.4,18.3,987.4,99.4,86.4,7,Y,Y,Y,Y
331.7,0.1,0.3,0.9,1.0,6.4,-87.5,-5.4,18.3,987.4,99.8,86.4,7,Y,Y,Y,Y
331.8,0.1,0.3,0.9,1.0,2.6,-87.5,-5.4,18.3,987.5,98.5,86.3,7,Y,Y,Y,Y
331.9,0.1,0.3,0.9,1.0,8.4,-87.5,-5.4,18.3,987.4,101.7,86.3,7,Y,Y,Y,Y
332.0,0.1,0.3,0.9,1.0,5.4,-87.5,-5.4,18.3,987.4,100.9,86.3,7,Y,Y,Y,Y
332.1,0.1,0.3,0.9,1.0,1.5,-87.5,-5.4,18.3,987.4,99.2,86.3,7,Y,Y,Y,Y
332.2,0.1,0.3,0.9,1.0,1.6,-87.5,-5.4,18.3,987.4,99.4,86.3,7,Y,Y,Y,Y
332.3,0.1,0.3,0.9,1.0,2.2,-87.5,-5.4,18.3,987.4,99.9,86.3,7,Y,Y,Y,Y
332.4,0.1,0.3,0.9,1.0,0.7,-87.5,-5.4,18.3,987.4,99.4,86.3,7,Y,Y,Y,Y
332.5,0.1,0.3,0.9,1.0,0.1,-87.5,-5.4,18.3,987.4,99.2,86.3,7,Y,Y,Y,Y
332.6,0.1,0.3,0.9,1.0,0.9,-87.5,-5.4,18.3,987.4,99.7,86.3,7,Y,Y,Y,Y
332.7,0.1,0.3,0.9,1.0,1.6,-87.5,-5.4,18.3,987.4,100.2,86.3,7,Y,Y,Y,Y
332.8,0.1,0.3,0.9,1.0,-3.4,-87.5,-5.4,18.3,987.5,97.6,86.4,7,Y,Y,Y,Y
332.9,0.1,0.3,0.9,1.0,-1.7,-87.5,-5.4,18.3,987.5,98.4,86.4,7,Y,Y,Y,Y
333.0,0.1,0.3,0.9,1.0,1.6,-87.5,-5.4,18.3,987.4,99.8,86.4,7,Y,Y,Y,Y
333.1,0.1,0.3,0.9,1.0,-1.3,-87.5,-5.4,18.3,987.5,98.3,86.4,7,Y,Y,Y,Y
333.2,0.1,0.3,0.9,1.0,-0.2,-87.5,-5.4,18.3,987.5,98.8,86.3,7,Y,Y,Y,Y
333.3,0.1,0.3,0.9,1.0,2.0,-87.5,-5.4,18.3,987.4,100.0,86.3,7,Y,Y,Y,Y
333.4,0.1,0.3,0.9,1.0,2.3,-87.5,-5.4,18.3,987.4,100.4,86.3,7,Y,Y,Y,Y
333.5,0.1,0.3,0.9,1.0,3.5,-87.5,-5.4,18.3,987.4,101.0,86.3,7,Y,Y,Y,Y
333.6,0.1,0.3,0.9,1.0,-1.7,-87.5,-5.4,18.3,987.5,98.5,86.3,7,Y,Y,Y,Y
333.7,0.1,0.3,0.9,1.0,0.5,-87.5,-5.4,18.3,987.4,99.8,86.4,7,Y,Y,Y,Y
333.8,0.1,0.3,0.9,1.0,-0.6,-87.5,-5.4,18.3,987.4,99.2,86.4,7,Y,Y,Y,Y
333.9,0.1,0.3,0.9,1.0,-3.0,-87.5,-5.4,18.3,987.5,97.7,86.4,7,Y,Y,Y,Y
334.0,0.1,0.3,0.9,1.0,-1.8,-87.5,-5.4,18.3,987.5,98.2,86.4,7,Y,Y,Y,Y
334.1,0.1,0.3,0.9,1.0,0.3,-87.5,-5.4,18.3,987.5,99.2,86.4,7,Y,Y,Y,Y
334.2,0.1,0.3,0.9,1.0,-1.8,-87.5,-5.4,18.3,987.5,97.9,86.4,7,Y,Y,Y,Y
334.3,0.1,0.3,0.9,1.0,1.5,-87.5,-5.4,18.3,987.4,99.7,86.4,7,Y,Y,Y,Y
334.4,0.1,0.3,0.9,1.0,-1.1,-87.5,-5.4,18.3,987.5,98.5,86.3,7,Y,Y,Y,Y
334.5,0.1,0.3,0.9,1.0,1.6,-87.5,-5.4,18.3,987.4,99.6,86.3,7,Y,Y,Y,Y
334.6,0.1,0.3,0.9,1.0,0.9,-87.5,-5.4,18.3,987.4,99.4,86.3,7,Y,Y,Y,Y
334.7,0.1,0.3,0.9,1.0,4.7,-87.5,-5.4,18.3,987.4,101.3,86.3,7,Y,Y,Y,Y
334.8,0.1,0.3,0.9,1.0,2.0,-87.5,-5.4,18.3,987.4,100.2,86.3,7,Y,Y,Y,Y
334.9,0.1,0.3,0.9,1.0,1.0,-87.5,-5.4,18.3,987.4,99.7,86.4,7,Y,Y,Y,Y
335.0,0.1,0.3,0.9,1.0,0.5,-87.5,-5.4,18.3,987.4,99.3,86.3,7,Y,Y,Y,Y
335.1,0.1,0.3,0.9,1.0,-0.2,-87.5,-5.4,18.3,987.5,99.0,86.3,7,Y,Y,Y,Y
335.2,0.1,0.3,0.9,1.0,1.6,-87.5,-5.4,18.3,987.4,100.1,86.3,7,Y,Y,Y,Y
335.3,0.1,0.3,0.9,1.0,0.1,-87.5,-5.4,18.3,987.4,99.3,86.4,7,Y,Y,Y,Y
335.4,0.1,0.3,0.9,1.0,-4.2,-87.5,-5.4,18.3,987.5,97.1,86.4,7,Y,Y,Y,Y
335.5,0.1,0.3,0.9,1.0,-4.0,-87.5,-5.4,18.3,987.5,97.1,86.4,7,Y,Y,Y,Y
335.6,0.1,0.3,0.9,1.0,-3.4,-87.5,-5.4,18.3,987.5,97.1,86.4,7,Y,Y,Y,Y
335.7,0.1,0.3,0.9,1.0,-4.6,-87.5,-5.4,18.3,987.6,96.0,86.4,7,Y,Y,Y,Y
335.8,0.1,0.3,0.9,1.0,-3.2,-87.5,-5.4,18.3,987.6,96.3,86.4,7,Y,Y,Y,Y
335.9,0.1,0.3,0.9,1.0,-4.2,-87.5,-5.4,18.3,987.6,95.4,86.4,7,Y,Y,Y,Y
336.0,0.1,0.3,0.9,1.0,-0.5,-87.5,-5.4,18.3,987.5,96.9,86.4,7,Y,Y,Y,Y
336.1,0.1,0.3,0.9,1.0,0.2,-87.5,-5.4,18.3,987.5,97.2,86.4,7,Y,Y,Y,Y
336.2,0.1,0.3,0.9,1.0,2.2,-87.5,-5.4,18.3,987.5,97.9,86.4,7,Y,Y,Y,Y
336.3,0.1,0.3,0.9,1.0,-4.7,-87.5,-5.4,18.3,987.6,94.7,86.4,7,Y,Y,Y,Y
336.4,0.1,0.3,0.9,1.0,1.4,-87.5,-5.4,18.3,987.5,97.7,86.4,7,Y,Y,Y,Y
336.5,0.1,0.3,0.9,1.0,0.7,-87.5,-5.4,18.3,987.5,97.5,86.4,7,Y,Y,Y,Y
336.6,0.1,0.3,0.9,1.0,-0.0,-87.5,-5.4,18.3,987.5,97.1,86.4,7,Y,Y,Y,Y
336.7,0.1,0.3,0.9,1.0,0.7,-87.5,-5.4,18.3,987.5,97.4,86.4,7,Y,Y,Y,Y
336.8,0.1,0.3,0.9,1.0,2.1,-87.5,-5.4,18.3,987.5,98.2,86.4,7,Y,Y,Y,Y
336.9,0.1,0.3,0.9,1.0,1.0,-87.5,-5.4,18.3,987.5,97.5,86.4,7,Y,Y,Y,Y
337.0,0.1,0.3,0.9,1.0,1.0,-87.5,-5.4,18.3,987.5,97.4,86.4,7,Y,Y,Y,Y
337.1,0.1,0.3,0.9,1.0,-0.5,-87.5,-5.4,18.3,987.5,96.8,86.4,7,Y,Y,Y,Y
337.2,0.1,0.3,0.9,1.0,-0.6,-87.5,-5.4,18.3,987.5,96.7,86.4,7,Y,Y,Y,Y
337.3,0.1,0.3,0.9,1.0,-2.1,-87.5,-5.4,18.3,987.6,95.7,86.4,7,Y,Y,Y,Y
337.4,0.1,0.3,0.9,1.0,-5.3,-87.5,-5.4,18.3,987.6,93.8,86.4,7,Y,Y,Y,Y
337.5,0.1,0.3,0.9,1.0,0.2,-87.5,-5.4,18.3,987.5,96.5,86.4,7,Y,Y,Y,Y
337.6,0.1,0.3,0.9,1.0,-3.6,-87.5,-5.4,18.3,987.6,94.2,86.4,7,Y,Y,Y,Y
337.7,0.1,0.3,0.9,1.0,-4.4,-87.5,-5.4,18.3,987.7,93.6,86.4,7,Y,Y,Y,Y
337.8,0.1,0.3,0.9,1.0,-3.2,-87.5,-5.4,18.3,987.6,93.7,86.4,7,Y,Y,Y,Y
337.9,0.1,0.3,0.9,1.0,-5.3,-87.5,-5.4,18.3,987.7,92.2,86.4,7,Y,Y,Y,Y
338.0,0.1,0.3,0.9,1.0,-6.6,-87.5,-5.4,18.3,987.7,91.0,86.4,7,Y,Y,Y,Y
338.1,0.1,0.3,0.9,1.0,-6.9,-87.5,-5.4,18.3,987.8,90.6,86.5,7,Y,Y,Y,Y
338.2,0.1,0.3,0.9,1.0,-6.0,-87.5,-5.4,18.3,987.8,90.6,86.5,7,Y,Y,Y,Y
338.3,0.1,0.3,0.9,1.0,-3.7,-87.5,-5.4,18.3,987.7,91.3,86.5,7,Y,Y,Y,Y
338.4,0.1,0.3,0.9,1.0,-4.2,-87.5,-5.4,18.3,987.8,90.7,86.5,7,Y,Y,Y,Y
338.5,0.1,0.3,0.9,1.0,-5.5,-87.5,-5.4,18.3,987.8,89.8,86.5,7,Y,Y,Y,Y
338.6,0.1,0.3,0.9,1.0,-2.4,-87.5,-5.4,18.3,987.7,91.1,86.5,7,Y,Y,Y,Y
338.7,0.1,0.3,0.9,1.0,-6.2,-87.5,-5.4,18.3,987.8,88.7,86.5,7,Y,Y,Y,Y
338.8,0.1,0.3,0.9,1.0,-1.8,-87.5,-5.4,18.3,987.8,90.8,86.5,7,Y,Y,Y,Y
338.9,0.1,0.3,0.9,1.0,-0.5,-87.5,-5.4,18.3,987.7,91.3,86.5,7,Y,Y,Y,Y
339.0,0.1,0.3,0.9,1.0,-0.4,-87.5,-5.4,18.3,987.7,91.1,86.5,7,Y,Y,Y,Y
339.1,0.1,0.3,0.9,1.0,0.5,-87.5,-5.4,18.3,987.7,91.4,86.5,7,Y,Y,Y,Y
339.2,0.1,0.3,0.9,1.0,-1.2,-87.5,-5.4,18.3,987.8,90.4,86.5,7,Y,Y,Y,Y
339.3,0.1,0.3,0.9,1.0,-1.4,-87.5,-5.4,18.3,987.8,90.4,86.5,7,Y,Y,Y,Y
339.4,0.1,0.3,0.9,1.0,-5.8,-87.5,-5.4,18.3,987.9,88.0,86.5,7,Y,Y,Y,Y
339.5,0.1,0.3,0.9,1.0,-2.5,-87.5,-5.4,18.3,987.8,89.4,86.5,7,Y,Y,Y,Y
339.6,0.1,0.3,0.9,1.0,0.9,-87.5,-5.4,18.3,987.8,90.8,86.5,7,Y,Y,Y,Y
339.7,0.1,0.3,0.9,1.0,0.9,-87.5,-5.4,18.3,987.8,90.6,86.5,7,Y,Y,Y,Y
339.8,0.1,0.3,0.9,1.0,-1.7,-87.5,-5.4,18.3,987.8,89.3,86.5,7,Y,Y,Y,Y
339.9,0.1,0.3,0.9,1.0,-2.5,-87.5,-5.4,18.3,987.8,88.9,86.5,7,Y,Y,Y,Y
340.0,0.1,0.3,0.9,1.0,0.8,-87.5,-5.4,18.3,987.8,90.4,86.5,7,Y,Y,Y,Y
340.1,0.1,0.3,0.9,1.0,-0.9,-87.5,-5.4,18.3,987.8,89.3,86.5,7,Y,Y,Y,Y
340.2,0.1,0.3,0.9,1.0,1.6,-87.5,-5.4,18.3,987.8,90.5,86.5,7,Y,Y,Y,Y
340.3,0.1,0.3,0.9,1.0,1.7,-87.5,-5.4,18.3,987.8,90.7,86.5,7,Y,Y,Y,Y
340.4,0.1,0.3,0.9,1.0,1.2,-87.5,-5.4,18.3,987.7,91.0,86.5,7,Y,Y,Y,Y
340.5,0.1,0.3,0.9,1.0,4.1,-87.5,-5.4,18.3,987.7,92.6,86.4,7,Y,Y,Y,Y
340.7,0.1,0.3,0.9,1.0,5.0,-87.5,-5.4,18.3,987.6,93.6,86.4,7,Y,Y,Y,Y
340.8,0.1,0.3,0.9,1.0,2.3,-87.5,-5.4,18.3,987.7,92.6,86.4,7,Y,Y,Y,Y
340.9,0.1,0.3,0.9,1.0,0.1,-87.5,-5.4,18.3,987.7,91.7,86.4,7,Y,Y,Y,Y
341.0,0.1,0.3,0.9,1.0,-0.1,-87.5,-5.4,18.3,987.7,92.0,86.4,7,Y,Y,Y,Y
341.1,0.1,0.3,0.9,1.0,1.2,-87.5,-5.4,18.2,987.7,92.5,86.4,7,Y,Y,Y,Y
341.2,0.1,0.3,0.9,1.0,3.1,-87.5,-5.4,18.2,987.7,93.5,86.4,7,Y,Y,Y,Y
341.3,0.1,0.3,0.9,1.0,6.4,-87.5,-5.4,18.2,987.6,95.6,86.4,7,Y,Y,Y,Y
341.4,0.1,0.3,0.9,1.0,4.5,-87.5,-5.4,18.2,987.6,95.4,86.4,7,Y,Y,Y,Y
341.5,0.1,0.3,0.9,1.0,4.8,-87.6,-5.4,18.2,987.6,96.1,86.4,7,Y,Y,Y,Y
341.6,0.1,0.3,0.9,1.0,8.2,-87.6,-5.4,18.1,987.5,98.4,86.4,7,Y,Y,Y,Y
341.7,0.1,0.3,0.9,1.0,8.8,-87.6,-5.4,18.1,987.5,99.1,86.4,7,Y,Y,Y,Y
341.8,0.1,0.3,0.9,1.0,9.6,-87.6,-5.4,18.1,987.4,100.3,86.3,7,Y,Y,Y,Y
341.9,0.1,0.3,0.9,1.0,8.3,-87.6,-5.4,18.2,987.4,100.5,86.3,7,Y,Y,Y,Y
342.0,0.1,0.3,0.9,1.0,9.6,-87.6,-5.4,18.2,987.4,101.9,86.3,7,Y,Y,Y,Y
342.1,0.1,0.3,0.9,1.0,6.4,-87.6,-5.4,18.2,987.4,101.0,86.3,7,Y,Y,Y,Y
342.2,0.1,0.3,0.9,1.0,6.9,-87.6,-5.4,18.2,987.4,101.9,86.3,7,Y,Y,Y,Y
342.3,0.1,0.3,0.9,1.0,7.3,-87.6,-5.4,18.2,987.3,102.7,86.3,7,Y,Y,Y,Y
342.4,0.1,0.3,0.9,1.0,5.9,-87.6,-5.4,18.2,987.3,102.6,86.3,7,Y,Y,Y,Y
342.5,0.1,0.3,0.9,1.0,7.7,-87.5,-5.4,18.2,987.3,104.0,86.3,7,Y,Y,Y,Y
342.6,0.1,0.3,0.9,1.0,6.0,-87.5,-5.4,18.2,987.3,103.6,86.3,7,Y,Y,Y,Y
342.7,0.1,0.3,0.9,1.0,4.7,-87.5,-5.4,18.2,987.3,103.4,86.3,7,Y,Y,Y,Y
342.8,0.1,0.3,0.9,1.0,4.3,-87.5,-5.4,18.2,987.3,103.8,86.3,7,Y,Y,Y,Y
342.9,0.1,0.3,0.9,1.0,0.8,-87.5,-5.4,18.2,987.3,102.3,86.3,7,Y,Y,Y,Y
343.0,0.1,0.3,0.9,1.0,1.2,-87.5,-5.4,18.2,987.3,102.7,86.3,7,Y,Y,Y,Y
343.1,0.1,0.3,0.9,1.0,-0.7,-87.5,-5.4,18.2,987.4,101.8,86.3,7,Y,Y,Y,Y
343.2,0.1,0.3,0.9,1.0,3.4,-87.5,-5.4,18.2,987.3,103.9,86.3,7,Y,Y,Y,Y
343.3,0.1,0.3,0.9,1.0,0.2,-87.5,-5.4,18.2,987.3,102.4,86.3,7,Y,Y,Y,Y
343.4,0.1,0.3,0.9,1.0,-0.6,-87.5,-5.4,18.2,987.3,102.2,86.3,7,Y,Y,Y,Y
343.5,0.1,0.3,0.9,1.0,0.0,-87.5,-5.4,18.2,987.3,102.8,86.3,7,Y,Y,Y,Y
343.6,0.1,0.3,0.9,1.0,-3.3,-87.5,-5.4,18.2,987.4,101.1,86.3,7,Y,Y,Y,Y
343.7,0.1,0.3,0.9,1.0,-2.4,-87.5,-5.4,18.2,987.4,101.3,86.3,7,Y,Y,Y,Y
343.8,0.1,0.3,0.9,1.0,-3.8,-87.5,-5.4,18.2,987.4,100.2,86.3,7,Y,Y,Y,Y
343.9,0.1,0.3,0.9,1.0,-3.3,-87.5,-5.4,18.2,987.4,99.8,86.3,7,Y,Y,Y,Y
344.0,0.1,0.3,0.9,1.0,-4.9,-87.5,-5.4,18.2,987.5,98.7,86.4,7,Y,Y,Y,Y
344.1,0.1,0.3,0.9,1.0,-7.7,-87.5,-5.4,18.2,987.5,96.8,86.4,7,Y,Y,Y,Y
344.2,0.1,0.3,0.9,1.0,-4.4,-87.5,-5.4,18.2,987.5,97.6,86.4,7,Y,Y,Y,Y
344.3,0.1,0.3,0.9,1.0,-4.8,-87.5,-5.4,18.2,987.5,96.8,86.4,7,Y,Y,Y,Y
344.4,0.1,0.3,0.9,1.0,-5.4,-87.5,-5.4,18.2,987.6,96.1,86.4,7,Y,Y,Y,Y
344.5,0.1,0.3,0.9,1.0,-1.9,-87.5,-5.4,18.2,987.5,97.4,86.4,7,Y,Y,Y,Y
344.6,0.1,0.3,0.9,1.0,-3.4,-87.5,-5.4,18.2,987.6,96.1,86.4,7,Y,Y,Y,Y
344.7,0.1,0.3,0.9,1.0,-5.6,-87.5,-5.4,18.1,987.6,94.8,86.4,7,Y,Y,Y,Y
344.8,0.1,0.3,0.9,1.0,-5.3,-87.5,-5.4,18.1,987.6,94.7,86.4,7,Y,Y,Y,Y
344.9,0.1,0.3,0.9,1.0,-3.8,-87.5,-5.4,18.1,987.6,95.3,86.4,7,Y,Y,Y,Y
345.0,0.1,0.3,0.9,1.0,-1.7,-87.5,-5.4,18.1,987.6,96.1,86.4,7,Y,Y,Y,Y
345.1,0.1,0.3,0.9,1.0,3.5,-87.5,-5.4,18.1,987.5,98.5,86.4,7,Y,Y,Y,Y
345.2,0.1,0.3,0.9,1.0,3.6,-87.5,-5.4,18.1,987.5,98.9,86.4,7,Y,Y,Y,Y
345.3,0.1,0.3,0.9,1.0,6.9,-87.5,-5.4,18.1,987.4,101.1,86.3,7,Y,Y,Y,Y
345.4,0.1,0.3,0.9,1.0,5.0,-87.5,-5.4,18.1,987.4,100.6,86.3,7,Y,Y,Y,Y
345.5,0.1,0.3,0.9,1.0,0.1,-87.5,-5.4,18.1,987.5,98.5,86.3,7,Y,Y,Y,Y
345.6,0.1,0.3,0.9,1.0,3.2,-87.5,-5.4,18.1,987.4,100.5,86.3,7,Y,Y,Y,Y
345.7,0.1,0.3,0.9,1.0,2.8,-87.5,-5.4,18.1,987.4,100.4,86.3,7,Y,Y,Y,Y
345.8,0.1,0.3,0.9,1.0,-2.0,-87.5,-5.4,18.1,987.5,98.0,86.3,7,Y,Y,Y,Y
345.9,0.1,0.3,0.9,1.0,-1.1,-87.5,-5.4,18.1,987.5,98.6,86.4,7,Y,Y,Y,Y
346.0,0.1,0.3,0.9,1.0,-3.4,-87.5,-5.4,18.1,987.5,97.3,86.4,7,Y,Y,Y,Y
346.1,0.1,0.3,0.9,1.0,-2.6,-87.5,-5.4,18.1,987.5,97.3,86.4,7,Y,Y,Y,Y
346.2,0.1,0.3,0.9,1.0,-3.8,-87.5,-5.4,18.1,987.5,96.5,86.4,7,Y,Y,Y,Y
346.3,0.1,0.3,0.9,1.0,1.5,-87.5,-5.4,18.1,987.5,99.1,86.4,7,Y,Y,Y,Y
346.4,0.1,0.3,0.9,1.0,-2.9,-87.5,-5.4,18.1,987.5,96.9,86.4,7,Y,Y,Y,Y
346.5,0.1,0.3,0.9,1.0,-2.8,-87.5,-5.4,18.1,987.5,96.9,86.4,7,Y,Y,Y,Y
346.6,0.1,0.3,0.9,1.0,0.4,-87.5,-5.4,18.1,987.5,98.5,86.4,7,Y,Y,Y,Y
346.7,0.1,0.3,0.9,1.0,0.0,-87.6,-5.3,18.0,987.5,98.2,86.4,7,Y,Y,Y,Y
346.8,0.1,0.3,0.9,1.0,-2.1,-87.8,-5.4,17.8,987.5,97.2,86.4,7,Y,Y,Y,Y
346.9,0.1,0.3,0.9,1.0,0.9,-87.8,-5.4,17.9,987.5,98.7,86.4,7,Y,Y,Y,Y
347.0,0.1,0.3,0.9,1.0,-4.0,-87.8,-5.6,18.1,987.6,96.2,86.4,7,Y,Y,Y,Y
347.1,0.1,0.3,0.9,1.0,-3.5,-87.8,-5.5,18.0,987.6,96.1,86.4,7,Y,Y,Y,Y
347.2,0.1,0.3,0.9,1.0,-5.0,-87.8,-5.5,17.9,987.6,95.0,86.4,7,Y,Y,Y,Y
347.3,0.1,0.3,0.9,1.0,-1.7,-87.8,-5.5,17.9,987.6,96.3,86.4,7,Y,Y,Y,Y
347.4,0.1,0.3,0.9,1.0,0.4,-87.8,-5.5,18.0,987.5,96.8,86.4,7,Y,Y,Y,Y
347.5,0.1,0.3,0.9,1.0,-1.1,-87.8,-5.5,18.0,987.6,95.5,86.4,7,Y,Y,Y,Y
347.6,0.1,0.3,0.9,1.0,0.8,-87.8,-5.5,17.9,987.6,96.2,86.4,7,Y,Y,Y,Y
347.7,0.1,0.3,0.9,1.0,-0.4,-87.8,-5.5,17.9,987.6,95.7,86.4,7,Y,Y,Y,Y
347.8,0.1,0.3,0.9,1.0,0.0,-87.8,-5.5,18.0,987.6,95.8,86.4,7,Y,Y,Y,Y
347.9,0.1,0.3,0.9,1.0,0.5,-87.8,-5.5,18.0,987.6,96.2,86.4,7,Y,Y,Y,Y
348.0,0.1,0.3,0.9,1.0,0.5,-87.8,-5.5,17.9,987.6,96.2,86.4,8,Y,Y,Y,Y
348.1,0.1,0.3,0.9,1.0,3.7,-87.8,-5.5,17.9,987.5,98.0,86.4,8,Y,Y,Y,Y
348.2,0.1,0.3,0.9,1.0,4.4,-87.8,-5.5,17.9,987.5,98.5,86.4,8,Y,Y,Y,Y
348.3,0.1,0.3,0.9,1.0,5.8,-87.8,-5.5,17.9,987.4,99.6,86.3,8,Y,Y,Y,Y
348.4,0.1,0.3,0.9,1.0,3.2,-87.8,-5.5,17.9,987.5,99.0,86.3,8,Y,Y,Y,Y
348.5,0.1,0.3,0.9,1.0,4.0,-87.8,-5.5,17.9,987.4,99.8,86.3,8,Y,Y,Y,Y
348.6,0.1,0.3,0.9,1.0,3.5,-87.8,-5.5,17.9,987.4,99.8,86.3,8,Y,Y,Y,Y
348.7,0.1,0.3,0.9,1.0,3.0,-87.8,-5.5,17.9,987.4,100.0,86.3,8,Y,Y,Y,Y
348.8,0.1,0.3,0.9,1.0,-1.9,-87.8,-5.5,17.9,987.5,97.9,86.3,8,Y,Y,Y,Y
348.9,0.1,0.3,0.9,1.0,2.9,-87.8,-5.5,17.9,987.4,100.3,86.3,8,Y,Y,Y,Y
349.0,0.1,0.3,0.9,1.0,-0.3,-87.8,-5.5,17.9,987.5,98.7,86.4,8,Y,Y,Y,Y
349.1,0.1,0.3,0.9,1.0,-2.4,-87.8,-5.5,17.9,987.5,97.7,86.4,8,Y,Y,Y,Y
349.2,0.1,0.3,0.9,1.0,-0.7,-87.8,-5.5,17.9,987.5,98.4,86.4,8,Y,Y,Y,Y
349.3,0.1,0.3,0.9,1.0,-2.0,-87.8,-5.5,17.9,987.5,97.5,86.4,8,Y,Y,Y,Y
349.4,0.1,0.3,0.9,1.0,-1.6,-87.8,-5.5,17.9,987.5,97.5,86.4,8,Y,Y,Y,Y
349.5,0.1,0.3,0.9,1.0,-1.7,-87.8,-5.5,17.9,987.5,97.3,86.4,8,Y,Y,Y,Y
349.6,0.1,0.3,0.9,1.0,-4.0,-87.8,-5.5,17.9,987.6,95.9,86.4,8,Y,Y,Y,Y
349.7,0.1,0.3,0.9,1.0,-0.6,-87.8,-5.5,17.9,987.5,97.3,86.4,8,Y,Y,Y,Y
349.8,0.1,0.3,0.9,1.0,-3.7,-87.8,-5.5,17.9,987.6,95.4,86.4,8,Y,Y,Y,Y
349.9,0.1,0.3,0.9,1.0,-4.0,-87.8,-5.5,17.9,987.6,94.8,86.4,8,Y,Y,Y,Y
350.0,0.1,0.3,0.9,1.0,-3.2,-87.8,-5.5,17.9,987.6,95.1,86.4,8,Y,Y,Y,Y
350.1,0.1,0.3,0.9,1.0,-2.9,-87.8,-5.5,17.9,987.6,94.7,86.4,8,Y,Y,Y,Y
350.2,0.1,0.3,0.9,1.0,-5.9,-87.8,-5.5,17.9,987.7,92.8,86.4,8,Y,Y,Y,Y
350.3,0.1,0.3,0.9,1.0,-0.8,-87.8,-5.5,17.9,987.6,95.0,86.4,8,Y,Y,Y,Y
350.4,0.1,0.3,0.9,1.0,-0.8,-87.8,-5.5,17.9,987.6,94.8,86.4,8,Y,Y,Y,Y
350.5,0.1,0.3,0.9,1.0,-1.3,-87.8,-5.5,17.9,987.6,94.1,86.4,8,Y,Y,Y,Y
350.6,0.1,0.3,0.9,1.0,5.4,-87.8,-5.5,17.9,987.5,97.4,86.4,8,Y,Y,Y,Y
350.7,0.1,0.3,0.9,1.0,0.9,-87.8,-5.5,17.9,987.6,95.5,86.4,8,Y,Y,Y,Y
350.8,0.1,0.3,0.9,1.0,4.2,-87.8,-5.5,17.9,987.5,97.4,86.4,8,Y,Y,Y,Y
350.9,0.1,0.3,0.9,1.0,1.3,-87.8,-5.5,17.9,987.6,96.0,86.4,8,Y,Y,Y,Y
351.0,0.1,0.3,0.9,1.0,4.1,-87.8,-5.5,17.9,987.5,97.7,86.4,8,Y,Y,Y,Y
351.1,0.1,0.3,0.9,1.0,3.6,-87.8,-5.5,17.9,987.5,97.7,86.4,8,Y,Y,Y,Y
351.2,0.1,0.3,0.9,1.0,1.3,-87.8,-5.5,17.9,987.5,96.5,86.4,8,Y,Y,Y,Y
351.3,0.1,0.3,0.9,1.0,-0.3,-87.8,-5.5,17.9,987.6,95.9,86.4,8,Y,Y,Y,Y
351.4,0.1,0.3,0.9,1.0,0.1,-87.8,-5.5,17.9,987.6,96.1,86.4,8,Y,Y,Y,Y
351.5,0.1,0.3,0.9,1.0,2.0,-87.8,-5.5,17.9,987.5,97.2,86.4,8,Y,Y,Y,Y
351.6,0.1,0.3,0.9,1.0,3.1,-87.8,-5.5,17.9,987.5,97.8,86.4,8,Y,Y,Y,Y
351.7,0.1,0.3,0.9,1.0,-1.5,-87.8,-5.5,17.9,987.6,95.5,86.4,8,Y,Y,Y,Y
351.8,0.1,0.3,0.9,1.0,1.0,-87.8,-5.5,17.9,987.5,96.8,86.4,8,Y,Y,Y,Y
351.9,0.1,0.3,0.9,1.0,0.1,-87.8,-5.5,17.9,987.6,96.3,86.4,8,Y,Y,Y,Y
352.0,0.1,0.3,0.9,1.0,-0.7,-87.8,-5.5,17.9,987.6,95.8,86.4,8,Y,Y,Y,Y
352.1,0.1,0.3,0.9,1.0,4.0,-87.8,-5.5,17.9,987.5,98.2,86.4,8,Y,Y,Y,Y
352.2,0.1,0.3,0.9,1.0,1.2,-87.8,-5.5,17.9,987.5,97.1,86.4,8,Y,Y,Y,Y
352.3,0.1,0.3,0.9,1.0,-0.7,-87.8,-5.5,17.9,987.6,96.2,86.4,8,Y,Y,Y,Y
352.4,0.1,0.3,0.9,1.0,-1.3,-87.8,-5.5,17.9,987.6,95.7,86.4,8,Y,Y,Y,Y
352.5,0.1,0.3,0.9,1.0,-2.4,-87.8,-5.5,17.9,987.6,95.0,86.4,8,Y,Y,Y,Y
352.6,0.1,0.3,0.9,1.0,-5.3,-87.8,-5.5,17.9,987.7,93.4,86.4,8,Y,Y,Y,Y
352.7,0.1,0.3,0.9,1.0,-3.2,-87.8,-5.5,17.9,987.6,94.2,86.4,8,Y,Y,Y,Y
352.8,0.1,0.3,0.9,1.0,-3.9,-87.8,-5.5,17.9,987.6,93.7,86.4,8,Y,Y,Y,Y
352.9,0.1,0.3,0.9,1.0,-3.1,-87.8,-5.5,17.9,987.6,93.9,86.4,8,Y,Y,Y,Y
353.0,0.1,0.3,0.9,1.0,-3.8,-87.8,-5.5,17.9,987.7,93.3,86.4,8,Y,Y,Y,Y
353.1,0.1,0.3,0.9,1.0,-1.8,-87.8,-5.5,17.9,987.6,94.1,86.4,8,Y,Y,Y,Y
353.2,0.1,0.3,0.9,1.0,-2.9,-87.8,-5.5,17.9,987.7,93.4,86.4,8,Y,Y,Y,Y
353.3,0.1,0.3,0.9,1.0,-1.9,-87.8,-5.5,17.9,987.6,93.6,86.4,8,Y,Y,Y,Y
353.4,0.1,0.3,0.9,1.0,-5.3,-87.8,-5.5,17.9,987.7,91.7,86.4,8,Y,Y,Y,Y
353.5,0.1,0.3,0.9,1.0,-2.9,-87.8,-5.5,17.9,987.7,92.3,86.4,8,Y,Y,Y,Y
353.6,0.1,0.3,0.9,1.0,-1.4,-87.8,-5.5,17.9,987.7,92.6,86.4,8,Y,Y,Y,Y
353.7,0.1,0.3,0.9,1.0,-1.9,-87.8,-5.5,17.9,987.7,92.4,86.4,8,Y,Y,Y,Y
353.8,0.1,0.3,0.9,1.0,-1.9,-87.8,-5.5,17.9,987.7,92.1,86.4,8,Y,Y,Y,Y
353.9,0.1,0.3,0.9,1.0,-1.0,-87.8,-5.5,17.9,987.7,92.3,86.4,8,Y,Y,Y,Y
354.0,0.1,0.3,0.9,1.0,1.6,-87.8,-5.5,17.9,987.6,93.7,86.4,8,Y,Y,Y,Y
354.1,0.1,0.3,0.9,1.0,-1.1,-87.8,-5.5,17.9,987.7,92.3,86.4,8,Y,Y,Y,Y
354.2,0.1,0.3,0.9,1.0,1.7,-87.8,-5.5,17.9,987.7,93.5,86.4,8,Y,Y,Y,Y
354.3,0.1,0.3,0.9,1.0,-1.4,-87.8,-5.5,17.9,987.7,91.9,86.4,8,Y,Y,Y,Y
354.4,0.1,0.3,0.9,1.0,-2.3,-87.8,-5.5,17.9,987.7,91.3,86.5,8,Y,Y,Y,Y
354.5,0.1,0.3,0.9,1.0,-4.5,-87.8,-5.5,17.9,987.8,89.9,86.5,8,Y,Y,Y,Y
354.6,0.1,0.3,0.9,1.0,-3.5,-87.8,-5.5,17.9,987.8,89.9,86.5,8,Y,Y,Y,Y
354.7,0.1,0.3,0.9,1.0,2.3,-87.8,-5.5,17.9,987.7,92.8,86.5,8,Y,Y,Y,Y
354.8,0.1,0.3,0.9,1.0,5.1,-87.8,-5.5,17.9,987.6,94.1,86.4,8,Y,Y,Y,Y
354.9,0.1,0.3,0.9,1.0,1.4,-87.8,-5.5,17.9,987.7,92.5,86.4,8,Y,Y,Y,Y
355.0,0.1,0.3,0.9,1.0,0.6,-87.8,-5.5,17.9,987.7,92.3,86.4,8,Y,Y,Y,Y
355.1,0.1,0.3,0.9,1.0,5.2,-87.8,-5.5,17.9,987.6,94.9,86.4,8,Y,Y,Y,Y
355.2,0.1,0.3,0.9,1.0,7.2,-87.8,-5.5,17.9,987.6,96.3,86.4,8,Y,Y,Y,Y
355.3,0.1,0.3,0.9,1.0,1.8,-87.8,-5.5,17.9,987.6,93.9,86.4,8,Y,Y,Y,Y
355.4,0.1,0.3,0.9,1.0,4.4,-87.8,-5.5,17.9,987.6,95.4,86.4,8,Y,Y,Y,Y
355.5,0.1,0.3,0.9,1.0,6.3,-87.8,-5.5,17.9,987.5,96.7,86.4,8,Y,Y,Y,Y
355.6,0.1,0.3,0.9,1.0,6.2,-87.8,-5.5,17.8,987.5,97.4,86.4,8,Y,Y,Y,Y
355.7,0.1,0.3,0.9,1.0,6.9,-87.8,-5.5,17.8,987.5,98.7,86.4,8,Y,Y,Y,Y
355.8,0.1,0.3,0.9,1.0,7.3,-87.8,-5.5,17.9,987.4,99.4,86.4,8,Y,Y,Y,Y
355.9,0.1,0.3,0.9,1.0,8.6,-87.8,-5.5,17.9,987.4,100.7,86.3,8,Y,Y,Y,Y
356.0,0.1,0.3,0.9,1.0,4.5,-87.8,-5.5,17.9,987.5,99.1,86.3,8,Y,Y,Y,Y
356.1,0.1,0.3,0.9,1.0,4.9,-87.8,-5.5,17.9,987.4,99.7,86.4,8,Y,Y,Y,Y
356.2,0.1,0.3,0.9,1.0,2.6,-87.8,-5.5,17.9,987.5,98.8,86.3,8,Y,Y,Y,Y
356.3,0.1,0.3,0.9,1.0,0.2,-87.8,-5.5,17.9,987.5,97.9,86.4,8,Y,Y,Y,Y
356.4,0.1,0.3,0.9,1.0,-0.1,-87.8,-5.5,17.9,987.5,97.7,86.4,8,Y,Y,Y,Y
356.5,0.1,0.3,0.9,1.0,-2.0,-87.8,-5.5,17.9,987.5,96.8,86.4,8,Y,Y,Y,Y
356.6,0.1,0.3,0.9,1.0,-2.0,-87.8,-5.5,17.9,987.5,96.5,86.4,8,Y,Y,Y,Y
356.7,0.1,0.3,0.9,1.0,3.6,-87.8,-5.5,17.9,987.4,99.4,86.4,8,Y,Y,Y,Y
356.8,0.1,0.3,0.9,1.0,5.2,-87.8,-5.5,17.9,987.4,100.4,86.3,8,Y,Y,Y,Y
356.9,0.1,0.3,0.9,1.0,5.8,-87.8,-5.5,17.9,987.4,101.1,86.3,8,Y,Y,Y,Y
357.0,0.1,0.3,0.9,1.0,3.9,-87.8,-5.5,17.9,987.4,100.7,86.3,8,Y,Y,Y,Y
357.1,0.1,0.3,0.9,1.0,4.2,-87.8,-5.5,17.9,987.4,101.5,86.3,8,Y,Y,Y,Y
357.2,0.1,0.3,0.9,1.0,3.9,-87.8,-5.5,17.9,987.4,101.8,86.3,8,Y,Y,Y,Y
357.3,0.1,0.3,0.9,1.0,5.2,-87.8,-5.5,17.8,987.3,102.9,86.3,8,Y,Y,Y,Y
357.4,0.1,0.3,0.9,1.0,4.2,-87.8,-5.5,17.8,987.3,102.9,86.3,8,Y,Y,Y,Y
357.5,0.1,0.3,0.9,1.0,5.2,-87.8,-5.5,17.9,987.3,103.6,86.3,8,Y,Y,Y,Y
357.6,0.1,0.3,0.9,1.0,2.6,-87.8,-5.5,17.9,987.3,102.6,86.3,8,Y,Y,Y,Y
357.7,0.1,0.3,0.9,1.0,6.1,-87.8,-5.5,17.8,987.3,104.7,86.3,8,Y,Y,Y,Y
357.8,0.1,0.3,0.9,1.0,6.3,-87.8,-5.5,17.9,987.2,105.4,86.3,8,Y,Y,Y,Y
357.9,0.1,0.3,0.9,1.0,2.6,-87.8,-5.5,17.8,987.3,104.2,86.3,8,Y,Y,Y,Y
